"Start Time","Duration","Run ID","Name","Source Type","Source Name","User","Status","C","best_model_config_version","candidate_run_id","class_weight","classification_threshold","colsample_bytree","comparison_lr_final_run_id","comparison_lr_run_id","comparison_lr_threshold","comparison_method","comparison_test_split_sha256","cv_folds","data_profile","data_source_s3_uri","data_version","decision_threshold","eval_metric","exact_tie_breaker","final_xgboost_run_id","full_dataset_rows","gamma","historical_final_run_id","imbalance_ratio_reference_only","learning_rate","max_depth","max_iter","min_child_weight","model_type","n_candidates","n_estimator_candidates","n_estimators","n_estimators_refinement_run_id","n_features","n_jobs","n_structural_configs","n_thresholds","near_best_pr_auc_tolerance","objective","penalty","preprocessing_config_version","preprocessing_cv_provenance","preprocessing_split_strategy","primary_selection_metric","profile_fraction","profile_rows","profile_sha256","python_version","quality_gate_metric","quality_gate_threshold","random_state","refinement_run_id","reg_alpha","reg_lambda","required_optimized_class_weight","scale_pos_weight","search_scale_pos_weights","secondary_selection_metric","selected_C","selected_candidate_name","selected_candidate_run_id","selected_class_weight","selected_learning_rate","selected_max_depth","selected_model","selected_model_family","selected_n_estimators","selected_scale_pos_weight","selection_metric","shap_explainer","shap_sample_size","solver","source_candidate_run_id","source_final_run_id","source_refinement_run_id","source_threshold_tuning_run_id","split_strategy","structural_id","subsample","test_fraction","test_size","test_split_sha256","threshold_max","threshold_min","threshold_objective","threshold_step","threshold_tuning_run_id","train_size","train_split_sha256","tree_method","xgb_colsample_bytree","xgb_eval_metric","xgb_gamma","xgb_learning_rate","xgb_max_depth","xgb_min_child_weight","xgb_n_estimators","xgb_n_jobs","xgb_objective","xgb_random_state","xgb_reg_alpha","xgb_reg_lambda","xgb_scale_pos_weight","xgb_subsample","xgb_tree_method","absolute_best_cv_pr_auc","absolute_best_round_cv_pr_auc","appendix_b1_dir_flag_count","appendix_b1_eod_flag_count","appendix_b1_eodds_flag_count","appendix_b1_fdr_gap_flag_count","appendix_b2_shap_stability_spearman_rho","appendix_b2_xgb_lr_top5_driver_agreement","appendix_b3_determinism_pass","appendix_b3_discontinuity_case_count","appendix_b3_missing_value_max_flip_rate","appendix_b3_perturbation_flip_rate","appendix_b3_perturbation_mean_abs_shift","best_cv_pr_auc","best_cv_roc_auc","borderline_case_count","borderline_case_share","champion_brier_delta_xgb_minus_lr","champion_fnr_advantage_lr_minus_xgb","champion_fnr_delta_xgb_minus_lr","champion_pr_auc_delta_xgb_minus_lr","champion_recall_delta_xgb_minus_lr","cv_balanced_accuracy_mean","cv_balanced_accuracy_std","cv_f1_mean","cv_f1_std","cv_pr_auc_mean","cv_pr_auc_std","cv_precision_mean","cv_precision_std","cv_recall_mean","cv_recall_std","cv_roc_auc_mean","cv_roc_auc_std","default_oof_balanced_accuracy","default_oof_f1","default_oof_fnr","default_oof_fpr","default_oof_precision","default_oof_recall","default_oof_specificity","default_threshold","default_threshold_oof_f1","lr_test_f1","lr_test_pr_auc","lr_test_precision","lr_test_recall","lr_test_roc_auc","near_best_candidate_count","optimal_oof_balanced_accuracy","optimal_oof_f1","optimal_oof_fnr","optimal_oof_fpr","optimal_oof_precision","optimal_oof_recall","optimal_oof_specificity","optimal_threshold","selected_candidate_cv_pr_auc","selected_cv_f1","selected_cv_pr_auc","selected_cv_roc_auc","selected_n_estimators","selected_refined_cv_pr_auc","selected_round_cv_f1","selected_round_cv_pr_auc","selected_round_cv_roc_auc","selected_threshold","selection_cv_pr_auc","selection_cv_roc_auc","subgroup_fairness_flag_count","subgroup_fn_concentration_flag_count","test_accuracy","test_auc_roc","test_average_precision","test_balanced_accuracy","test_brier","test_brier_score","test_decision_threshold","test_f1","test_f2","test_false_negative","test_false_positive","test_fn","test_fnr","test_fp","test_fpr","test_pr_auc","test_precision","test_recall","test_roc_auc","test_specificity","test_tn","test_tp","test_true_negative","test_true_positive","threshold_oof_f1","train_accuracy","train_auc_roc","train_balanced_accuracy","train_brier","train_f1","train_f2","train_fn","train_fnr","train_fp","train_fpr","train_pr_auc","train_precision","train_recall","train_specificity","train_tn","train_tp","xgb_minus_lr_test_pr_auc","xgb_test_f1","xgb_test_pr_auc","xgb_test_precision","xgb_test_recall","xgb_test_roc_auc","xgboost_meets_selection_rule","quality_gate_passed","subgroup_fairness_logged","shap_explainability_logged","lr_re_evaluated_on_xgb_test_rows","champion_primary_metric","lr_evidence_run_id","champion_rule","champion_model_decision","course","semester","team_id","student_id","team","student","dataset","tracking_backend","mlflow_app_arn","experiment_batch_id","data_profile","profile_fraction","data_source_s3_uri","run_type","model_family","selection_eligible","selected_candidate_run_id","selected_candidate_name","strict_lr_comparison_available","lr_feature_schema_match","final_champion_decision_source","xgb_evidence_reference_run_id","performance_recommendation","champion_rationale","candidate_index","structural_id","final_report_multi_metric_review","fairness_test","explainability_test","bootstrap_repeats","error_analysis_completed","fairness_attributes","robustness_test","final_report_evidence_complete","class_weight_policy","selection_precision","exact_tie_breaker","required_optimized_class_weight","project_name","stage","selected_model_type","config_version","human_oversight","pipeline_run_mode","source_candidate_run_id","source_final_run_id","comparison_lr_final_run_id","best_model_handoff_mlflow_run_id","best_model_config_version","data_version","profile_sha256","train_split_sha256","test_split_sha256","pipeline_execution_arn","pipeline_xgboost_version","selection_primary_metric"
"2026-08-22 11:52:49","1.1min","057bb58d81564c0db9a628b224eab8f9","team02_s202_final_xgboost","NOTEBOOK","S202_8440104B_02_xgboost_model_comparison_against_logistic_regression_baseline_v10_FINAL_CHAMPION.ipynb","sagemaker-user","FINISHED","","","","","0.5","","","82bc9a4720e04a50ae942128305eb90d","0.59","evidence_pinned_lr_run_and_rescore_on_xgb_test_rows","12de3cf4074e8656a059c938acbe27143794910116dda3dc217a101698a368c1","5","full","","","","aucpr","","","253680","","","","0.03","4","","","","","","450","e89987fd9aec4a11a1108c8afaf6561b","","'-1","","","","binary:logistic","","","","","cv_pr_auc_mean","1.0","253680","6244bec277fe3cefce56d46c583a4c5eb73f179ef64c8a1b18557fd0200105c5","3.12.13","test_auc_roc","0.75","42","","","","","3.0","","","","xgb_candidate_29","02807641d2814f48a084c7c451414917","","","","","XGBoost","","","","TreeExplainer","500","","","","","","","","","","","12de3cf4074e8656a059c938acbe27143794910116dda3dc217a101698a368c1","","","f1","","a1a47bcc23d844539d92f3a3ed8fec1e","","93531a7b366471a63d29fd970abad6c5d04a2f933f9ffb2aa38dce1c7b286d65","hist","","","","","","","","","","","","","","","","","","21","20","21","5","0.9961","3","1","1001","0.1219","0.0352","0.0226","","","4375","0.0862","'-0.04468117895132789","","0.035272045028142573","0.031648620235029734","'-0.03527204502814252","","","","","","","","","","","","","","","","","","","","","0.4937","","","","","","","","","","","","","","","","","","","","","","","","0.5","0.4595","0.8254","6","8","0.7981512141280354","0.8248201732385823","","0.7263021481146992","0.13392609827383717","","","0.49244188927987315","0.5624745256102531","","","3027","0.37861163227016886","7214","0.16878407150043284","0.46439747791619373","0.407814808734198","0.6213883677298312","","0.8312159284995672","35527","4968","","","0.4937","0.8001665484074425","0.8303888768916997","0.7315252683002189","0.13279001821979583","0.49891888552542163","0.5707226892656645","11792","0.3687073979113251","28763","0.16824206548823714","0.47029693521248167","0.4124364186056013","0.6312926020886749","0.8317579345117628","142199","20190","","","","","","","1","true","true","true","true","PR-AUC","82bc9a4720e04a50ae942128305eb90d","PR-AUC primary; secondary calibration/fairness/recall trade-offs documented","XGBoost","ITI113","26S1","team02","s202","team02","s202","diabetes","sagemaker_mlflow_app","arn:aws:sagemaker:ap-southeast-1:044528205969:mlflow-app/app-YHNC33FF6GPZ","20260822T033734Z","full","1.0","s3://nyp-26s1-iti113/iti113/team02/data/diabetes/cleaned/diabetes_binary_cleaned_dataset.csv","final_holdout_evaluation","XGBoost","false","02807641d2814f48a084c7c451414917","xgb_candidate_29","true","true","v10_latest_lr_and_xgb_evidence","dca27f6422344d249069ab863b1541fa","XGBoost","Using the v10 evidence-pinned latest LR run, PR-AUC is the predefined primary metric. On the exact same held-out rows, XGBoost PR-AUC=0.464397 versus LR=0.432749 (delta=+0.031649). Performance recommendation=XGBoost. Recall trade-off: XGBoost=0.62138","","","","","","","","","","","","","","","","","","","","","","","","","","","","","","","",""
"2026-08-22 11:52:39","1.2s","a1a47bcc23d844539d92f3a3ed8fec1e","team02_s202_xgb_threshold_tuning","NOTEBOOK","S202_8440104B_02_xgboost_model_comparison_against_logistic_regression_baseline_v10_FINAL_CHAMPION.ipynb","sagemaker-user","FINISHED","","","","","","","","","","","","5","full","","","","","","","","","","","","","","","","","","","","","","","91","","","","","","","","1.0","253680","","","","","","","","","","","","","","","","","0.03","4","","","450","3.0","","","","","","","","","","","","","","","0.95","0.05","f1","0.01","","","","","","","","","","","","","","","","","","","","","","","","","","","","","","","","","","","","","","","","","","","","","","","","","","","","","","0.7278","0.4937","0.3741792258145207","0.17013722347656204","0.4076","0.6258207741854793","0.829862776523438","0.5","","","","","","","","0.7278417753544586","0.49368556065314984","0.3741792258145207","0.17013722347656204","0.40762087084029164","0.6258207741854793","0.829862776523438","0.5","","","","","","","","","","","","","","","","","","","","","","","","","","","","","","","","","","","","","","","","","","","","","","","","","","","","","","","","","","","","","","","","","","","","","","","ITI113","26S1","team02","s202","team02","s202","diabetes","sagemaker_mlflow_app","arn:aws:sagemaker:ap-southeast-1:044528205969:mlflow-app/app-YHNC33FF6GPZ","20260822T033734Z","full","1.0","s3://nyp-26s1-iti113/iti113/team02/data/diabetes/cleaned/diabetes_binary_cleaned_dataset.csv","threshold_tuning","XGBoost","false","02807641d2814f48a084c7c451414917","","","","","","","","","","","","","","","","","","","","","","","","","","","","","","","","","","","","","","",""
"2026-08-22 11:49:39","2.1min","e89987fd9aec4a11a1108c8afaf6561b","team02_s202_xgb_n_estimators_refinement","NOTEBOOK","S202_8440104B_02_xgboost_model_comparison_against_logistic_regression_baseline_v10_FINAL_CHAMPION.ipynb","sagemaker-user","FINISHED","","","","","","0.8","","","","","","5","","","","","","","","","0.05","","","0.03","4","","5.0","","","[150, 250, 350, 450, 600]","","","","","","","0.0015","","","","","","cv_pr_auc_mean","","","","","","","","","0.1","10.0","","3.0","","","","","","","","","","","","","","","","","","","","","","","0.8","","","","","","","","","","","","","","","","","","","","","","","","","","","","0.4606","","","","","","","","","","","","","","","","","","","","","","","","","","","","","","","","","","","","","","","","","","","","","","","","","","","","","","","","","","","","450","","0.4937","0.4603","0.8256","","","","","","","","","","","","","","","","","","","","","","","","","","","","","","","","","","","","","","","","","","","","","","","","","","","","","","","","","","","","","","ITI113","26S1","team02","s202","team02","s202","diabetes","sagemaker_mlflow_app","arn:aws:sagemaker:ap-southeast-1:044528205969:mlflow-app/app-YHNC33FF6GPZ","20260822T033734Z","full","1.0","s3://nyp-26s1-iti113/iti113/team02/data/diabetes/cleaned/diabetes_binary_cleaned_dataset.csv","n_estimators_refinement","XGBoost","false","02807641d2814f48a084c7c451414917","","","","","","","","","","","","","","","","","","","","","","","","","","","","","","","","","","","","","","",""
"2026-08-22 11:49:12","24.3s","36e13096c14847418b81513f22db8496","xgb_candidate_30","NOTEBOOK","S202_8440104B_02_xgboost_model_comparison_against_logistic_regression_baseline_v10_FINAL_CHAMPION.ipynb","sagemaker-user","FINISHED","","","","","","0.8","","","","","","5","full","","","","aucpr","","","","0.05","","","0.03","4","","5","XGBClassifier","","","350","","","'-1","","","","binary:logistic","","","","","","1.0","253680","6244bec277fe3cefce56d46c583a4c5eb73f179ef64c8a1b18557fd0200105c5","","","","42","","0.1","10.0","","4.0","","","","","","","","","","","","","","","","","","","","","","5","0.8","","","12de3cf4074e8656a059c938acbe27143794910116dda3dc217a101698a368c1","","","","","","","93531a7b366471a63d29fd970abad6c5d04a2f933f9ffb2aa38dce1c7b286d65","hist","","","","","","","","","","","","","","","","","","","","","","","","","","","","","","","","","","","","","","0.7426864448679658","0.0036887336931093135","0.48579927380501375","0.003494034186164308","0.4597265289582966","0.005960983589788776","0.3677621858822584","0.0021754888909895826","0.7154649327003366","0.008626800699772775","0.8254427283358335","0.0020651227162970087","","","","","","","","","","","","","","","","","","","","","","","","","","","","","","","","","","","","","","","","","","","","","","","","","","","","","","","","","","","","","","","","","","","","","","","","","","","","","","","","","","","","","","","","","","","","","","ITI113","26S1","team02","s202","team02","s202","diabetes","sagemaker_mlflow_app","arn:aws:sagemaker:ap-southeast-1:044528205969:mlflow-app/app-YHNC33FF6GPZ","20260822T033734Z","full","1.0","s3://nyp-26s1-iti113/iti113/team02/data/diabetes/cleaned/diabetes_binary_cleaned_dataset.csv","tuning_candidate","XGBoost","true","","","","","","","","","30","5","","","","","","","","","","","","","","","","","","","","","","","","","","","","","",""
"2026-08-22 11:48:48","24.4s","02807641d2814f48a084c7c451414917","xgb_candidate_29","NOTEBOOK","S202_8440104B_02_xgboost_model_comparison_against_logistic_regression_baseline_v10_FINAL_CHAMPION.ipynb","sagemaker-user","FINISHED","","","","","","0.8","","","","","","5","full","","","","aucpr","","","","0.05","","","0.03","4","","5","XGBClassifier","","","350","","","'-1","","","","binary:logistic","","","","","","1.0","253680","6244bec277fe3cefce56d46c583a4c5eb73f179ef64c8a1b18557fd0200105c5","","","","42","","0.1","10.0","","3.0","","","","","","","","","","","","","","","","","","","","","","5","0.8","","","12de3cf4074e8656a059c938acbe27143794910116dda3dc217a101698a368c1","","","","","","","93531a7b366471a63d29fd970abad6c5d04a2f933f9ffb2aa38dce1c7b286d65","hist","","","","","","","","","","","","","","","","","","","","","","","","","","","","","","","","","","","","","","0.7270111702170461","0.004188259898569946","0.4927131477649792","0.005153280936375853","0.45949131473592414","0.005925862813715011","0.40703269234006056","0.00382384957305474","0.6241010653934776","0.008170006466512628","0.8254136063485209","0.00209508855765815","","","","","","","","","","","","","","","","","","","","","","","","","","","","","","","","","","","","","","","","","","","","","","","","","","","","","","","","","","","","","","","","","","","","","","","","","","","","","","","","","","","","","","","","","","","","","","ITI113","26S1","team02","s202","team02","s202","diabetes","sagemaker_mlflow_app","arn:aws:sagemaker:ap-southeast-1:044528205969:mlflow-app/app-YHNC33FF6GPZ","20260822T033734Z","full","1.0","s3://nyp-26s1-iti113/iti113/team02/data/diabetes/cleaned/diabetes_binary_cleaned_dataset.csv","tuning_candidate","XGBoost","true","","","","","","","","","29","5","","","","","","","","","","","","","","","","","","","","","","","","","","","","","",""
"2026-08-22 11:48:23","24.8s","36dc21171dc14a81ac227148b040aa51","xgb_candidate_28","NOTEBOOK","S202_8440104B_02_xgboost_model_comparison_against_logistic_regression_baseline_v10_FINAL_CHAMPION.ipynb","sagemaker-user","FINISHED","","","","","","0.8","","","","","","5","full","","","","aucpr","","","","0.05","","","0.03","4","","5","XGBClassifier","","","350","","","'-1","","","","binary:logistic","","","","","","1.0","253680","6244bec277fe3cefce56d46c583a4c5eb73f179ef64c8a1b18557fd0200105c5","","","","42","","0.1","10.0","","2.5","","","","","","","","","","","","","","","","","","","","","","5","0.8","","","12de3cf4074e8656a059c938acbe27143794910116dda3dc217a101698a368c1","","","","","","","93531a7b366471a63d29fd970abad6c5d04a2f933f9ffb2aa38dce1c7b286d65","hist","","","","","","","","","","","","","","","","","","","","","","","","","","","","","","","","","","","","","","0.7113919491997771","0.0038882529735969297","0.4889365615825021","0.005183329676913474","0.4599176980698683","0.005875658596858829","0.43465943775338156","0.0037210391341363364","0.5587205316203665","0.007774820332122138","0.825446135285081","0.002100505023394326","","","","","","","","","","","","","","","","","","","","","","","","","","","","","","","","","","","","","","","","","","","","","","","","","","","","","","","","","","","","","","","","","","","","","","","","","","","","","","","","","","","","","","","","","","","","","","ITI113","26S1","team02","s202","team02","s202","diabetes","sagemaker_mlflow_app","arn:aws:sagemaker:ap-southeast-1:044528205969:mlflow-app/app-YHNC33FF6GPZ","20260822T033734Z","full","1.0","s3://nyp-26s1-iti113/iti113/team02/data/diabetes/cleaned/diabetes_binary_cleaned_dataset.csv","tuning_candidate","XGBoost","true","","","","","","","","","28","5","","","","","","","","","","","","","","","","","","","","","","","","","","","","","",""
"2026-08-22 11:47:58","24.6s","aedbcb7d50cb462c9879768aa6e94901","xgb_candidate_27","NOTEBOOK","S202_8440104B_02_xgboost_model_comparison_against_logistic_regression_baseline_v10_FINAL_CHAMPION.ipynb","sagemaker-user","FINISHED","","","","","","0.8","","","","","","5","full","","","","aucpr","","","","0.05","","","0.03","4","","5","XGBClassifier","","","350","","","'-1","","","","binary:logistic","","","","","","1.0","253680","6244bec277fe3cefce56d46c583a4c5eb73f179ef64c8a1b18557fd0200105c5","","","","42","","0.1","10.0","","2.0","","","","","","","","","","","","","","","","","","","","","","5","0.8","","","12de3cf4074e8656a059c938acbe27143794910116dda3dc217a101698a368c1","","","","","","","93531a7b366471a63d29fd970abad6c5d04a2f933f9ffb2aa38dce1c7b286d65","hist","","","","","","","","","","","","","","","","","","","","","","","","","","","","","","","","","","","","","","0.6842044890909872","0.0035150864217420256","0.46813725217758123","0.005568577763352778","0.4599333909377055","0.005895484458228091","0.46877472321244956","0.004691950505396975","0.46751287027426375","0.006726807057732134","0.8253988582696483","0.0021273888401869344","","","","","","","","","","","","","","","","","","","","","","","","","","","","","","","","","","","","","","","","","","","","","","","","","","","","","","","","","","","","","","","","","","","","","","","","","","","","","","","","","","","","","","","","","","","","","","ITI113","26S1","team02","s202","team02","s202","diabetes","sagemaker_mlflow_app","arn:aws:sagemaker:ap-southeast-1:044528205969:mlflow-app/app-YHNC33FF6GPZ","20260822T033734Z","full","1.0","s3://nyp-26s1-iti113/iti113/team02/data/diabetes/cleaned/diabetes_binary_cleaned_dataset.csv","tuning_candidate","XGBoost","true","","","","","","","","","27","5","","","","","","","","","","","","","","","","","","","","","","","","","","","","","",""
"2026-08-22 11:47:33","24.3s","957bdbd16207430b93ba68588e73dd58","xgb_candidate_26","NOTEBOOK","S202_8440104B_02_xgboost_model_comparison_against_logistic_regression_baseline_v10_FINAL_CHAMPION.ipynb","sagemaker-user","FINISHED","","","","","","0.8","","","","","","5","full","","","","aucpr","","","","0.05","","","0.03","4","","5","XGBClassifier","","","350","","","'-1","","","","binary:logistic","","","","","","1.0","253680","6244bec277fe3cefce56d46c583a4c5eb73f179ef64c8a1b18557fd0200105c5","","","","42","","0.1","10.0","","1.5","","","","","","","","","","","","","","","","","","","","","","5","0.8","","","12de3cf4074e8656a059c938acbe27143794910116dda3dc217a101698a368c1","","","","","","","93531a7b366471a63d29fd970abad6c5d04a2f933f9ffb2aa38dce1c7b286d65","hist","","","","","","","","","","","","","","","","","","","","","","","","","","","","","","","","","","","","","","0.6444698127825959","0.0028916949276867167","0.4174626256158864","0.00561656155789953","0.46003358680985","0.00601933577160316","0.5166664494349993","0.006032526271293561","0.3502280912048067","0.005427218192523499","0.8254090430054791","0.0021048608730442147","","","","","","","","","","","","","","","","","","","","","","","","","","","","","","","","","","","","","","","","","","","","","","","","","","","","","","","","","","","","","","","","","","","","","","","","","","","","","","","","","","","","","","","","","","","","","","ITI113","26S1","team02","s202","team02","s202","diabetes","sagemaker_mlflow_app","arn:aws:sagemaker:ap-southeast-1:044528205969:mlflow-app/app-YHNC33FF6GPZ","20260822T033734Z","full","1.0","s3://nyp-26s1-iti113/iti113/team02/data/diabetes/cleaned/diabetes_binary_cleaned_dataset.csv","tuning_candidate","XGBoost","true","","","","","","","","","26","5","","","","","","","","","","","","","","","","","","","","","","","","","","","","","",""
"2026-08-22 11:47:09","23.9s","7831d725578d4d3c9d1392b029cb523f","xgb_candidate_25","NOTEBOOK","S202_8440104B_02_xgboost_model_comparison_against_logistic_regression_baseline_v10_FINAL_CHAMPION.ipynb","sagemaker-user","FINISHED","","","","","","0.8","","","","","","5","full","","","","aucpr","","","","0.05","","","0.03","4","","5","XGBClassifier","","","350","","","'-1","","","","binary:logistic","","","","","","1.0","253680","6244bec277fe3cefce56d46c583a4c5eb73f179ef64c8a1b18557fd0200105c5","","","","42","","0.1","10.0","","1.0","","","","","","","","","","","","","","","","","","","","","","5","0.8","","","12de3cf4074e8656a059c938acbe27143794910116dda3dc217a101698a368c1","","","","","","","93531a7b366471a63d29fd970abad6c5d04a2f933f9ffb2aa38dce1c7b286d65","hist","","","","","","","","","","","","","","","","","","","","","","","","","","","","","","","","","","","","","","0.5850138448193256","0.0028179715064505584","0.2936461317548821","0.007141098282180934","0.46004043144637013","0.0059003624833669525","0.5867466261663962","0.013537534728073739","0.19582874457548943","0.004919462407378754","0.8254215864501768","0.0021179165649777678","","","","","","","","","","","","","","","","","","","","","","","","","","","","","","","","","","","","","","","","","","","","","","","","","","","","","","","","","","","","","","","","","","","","","","","","","","","","","","","","","","","","","","","","","","","","","","ITI113","26S1","team02","s202","team02","s202","diabetes","sagemaker_mlflow_app","arn:aws:sagemaker:ap-southeast-1:044528205969:mlflow-app/app-YHNC33FF6GPZ","20260822T033734Z","full","1.0","s3://nyp-26s1-iti113/iti113/team02/data/diabetes/cleaned/diabetes_binary_cleaned_dataset.csv","tuning_candidate","XGBoost","true","","","","","","","","","25","5","","","","","","","","","","","","","","","","","","","","","","","","","","","","","",""
"2026-08-22 11:46:49","20.3s","4f3814208f594b019f9527746a1f39c3","xgb_candidate_24","NOTEBOOK","S202_8440104B_02_xgboost_model_comparison_against_logistic_regression_baseline_v10_FINAL_CHAMPION.ipynb","sagemaker-user","FINISHED","","","","","","0.85","","","","","","5","full","","","","aucpr","","","","0.0","","","0.05","3","","5","XGBClassifier","","","350","","","'-1","","","","binary:logistic","","","","","","1.0","253680","6244bec277fe3cefce56d46c583a4c5eb73f179ef64c8a1b18557fd0200105c5","","","","42","","0.1","5.0","","4.0","","","","","","","","","","","","","","","","","","","","","","4","0.85","","","12de3cf4074e8656a059c938acbe27143794910116dda3dc217a101698a368c1","","","","","","","93531a7b366471a63d29fd970abad6c5d04a2f933f9ffb2aa38dce1c7b286d65","hist","","","","","","","","","","","","","","","","","","","","","","","","","","","","","","","","","","","","","","0.7427223087904712","0.004114905157783956","0.4859167795050687","0.003997815051491437","0.45931389020966257","0.005800625433256611","0.3679328140719278","0.00229482373596087","0.7153085556540683","0.008940239816861472","0.825343242504798","0.0020914046983558036","","","","","","","","","","","","","","","","","","","","","","","","","","","","","","","","","","","","","","","","","","","","","","","","","","","","","","","","","","","","","","","","","","","","","","","","","","","","","","","","","","","","","","","","","","","","","","ITI113","26S1","team02","s202","team02","s202","diabetes","sagemaker_mlflow_app","arn:aws:sagemaker:ap-southeast-1:044528205969:mlflow-app/app-YHNC33FF6GPZ","20260822T033734Z","full","1.0","s3://nyp-26s1-iti113/iti113/team02/data/diabetes/cleaned/diabetes_binary_cleaned_dataset.csv","tuning_candidate","XGBoost","true","","","","","","","","","24","4","","","","","","","","","","","","","","","","","","","","","","","","","","","","","",""
"2026-08-22 11:46:28","20.5s","2105e27e202247a383b1d07289e83275","xgb_candidate_23","NOTEBOOK","S202_8440104B_02_xgboost_model_comparison_against_logistic_regression_baseline_v10_FINAL_CHAMPION.ipynb","sagemaker-user","FINISHED","","","","","","0.85","","","","","","5","full","","","","aucpr","","","","0.0","","","0.05","3","","5","XGBClassifier","","","350","","","'-1","","","","binary:logistic","","","","","","1.0","253680","6244bec277fe3cefce56d46c583a4c5eb73f179ef64c8a1b18557fd0200105c5","","","","42","","0.1","5.0","","3.0","","","","","","","","","","","","","","","","","","","","","","4","0.85","","","12de3cf4074e8656a059c938acbe27143794910116dda3dc217a101698a368c1","","","","","","","93531a7b366471a63d29fd970abad6c5d04a2f933f9ffb2aa38dce1c7b286d65","hist","","","","","","","","","","","","","","","","","","","","","","","","","","","","","","","","","","","","","","0.7263508378374705","0.004657065742409876","0.49220923793936233","0.005658923946671953","0.45933529795119954","0.005837808170154653","0.4071841907010483","0.003965495763656042","0.6221311379249361","0.009155641187099186","0.8253525344557658","0.001995580705141825","","","","","","","","","","","","","","","","","","","","","","","","","","","","","","","","","","","","","","","","","","","","","","","","","","","","","","","","","","","","","","","","","","","","","","","","","","","","","","","","","","","","","","","","","","","","","","ITI113","26S1","team02","s202","team02","s202","diabetes","sagemaker_mlflow_app","arn:aws:sagemaker:ap-southeast-1:044528205969:mlflow-app/app-YHNC33FF6GPZ","20260822T033734Z","full","1.0","s3://nyp-26s1-iti113/iti113/team02/data/diabetes/cleaned/diabetes_binary_cleaned_dataset.csv","tuning_candidate","XGBoost","true","","","","","","","","","23","4","","","","","","","","","","","","","","","","","","","","","","","","","","","","","",""
"2026-08-22 11:46:08","20.0s","e5ab97bab7944c3997c5549198887574","xgb_candidate_22","NOTEBOOK","S202_8440104B_02_xgboost_model_comparison_against_logistic_regression_baseline_v10_FINAL_CHAMPION.ipynb","sagemaker-user","FINISHED","","","","","","0.85","","","","","","5","full","","","","aucpr","","","","0.0","","","0.05","3","","5","XGBClassifier","","","350","","","'-1","","","","binary:logistic","","","","","","1.0","253680","6244bec277fe3cefce56d46c583a4c5eb73f179ef64c8a1b18557fd0200105c5","","","","42","","0.1","5.0","","2.5","","","","","","","","","","","","","","","","","","","","","","4","0.85","","","12de3cf4074e8656a059c938acbe27143794910116dda3dc217a101698a368c1","","","","","","","93531a7b366471a63d29fd970abad6c5d04a2f933f9ffb2aa38dce1c7b286d65","hist","","","","","","","","","","","","","","","","","","","","","","","","","","","","","","","","","","","","","","0.7103159696513502","0.00373659336115713","0.48799461258851046","0.004893145937673061","0.4596977090185434","0.00590506213284572","0.4350961771476499","0.0034698969220001825","0.555562503256735","0.007772943728037575","0.8253861123398316","0.002077046283201475","","","","","","","","","","","","","","","","","","","","","","","","","","","","","","","","","","","","","","","","","","","","","","","","","","","","","","","","","","","","","","","","","","","","","","","","","","","","","","","","","","","","","","","","","","","","","","ITI113","26S1","team02","s202","team02","s202","diabetes","sagemaker_mlflow_app","arn:aws:sagemaker:ap-southeast-1:044528205969:mlflow-app/app-YHNC33FF6GPZ","20260822T033734Z","full","1.0","s3://nyp-26s1-iti113/iti113/team02/data/diabetes/cleaned/diabetes_binary_cleaned_dataset.csv","tuning_candidate","XGBoost","true","","","","","","","","","22","4","","","","","","","","","","","","","","","","","","","","","","","","","","","","","",""
"2026-08-22 11:45:47","20.2s","c6ec9387b15d4aaab1aacd6370ec6bea","xgb_candidate_21","NOTEBOOK","S202_8440104B_02_xgboost_model_comparison_against_logistic_regression_baseline_v10_FINAL_CHAMPION.ipynb","sagemaker-user","FINISHED","","","","","","0.85","","","","","","5","full","","","","aucpr","","","","0.0","","","0.05","3","","5","XGBClassifier","","","350","","","'-1","","","","binary:logistic","","","","","","1.0","253680","6244bec277fe3cefce56d46c583a4c5eb73f179ef64c8a1b18557fd0200105c5","","","","42","","0.1","5.0","","2.0","","","","","","","","","","","","","","","","","","","","","","4","0.85","","","12de3cf4074e8656a059c938acbe27143794910116dda3dc217a101698a368c1","","","","","","","93531a7b366471a63d29fd970abad6c5d04a2f933f9ffb2aa38dce1c7b286d65","hist","","","","","","","","","","","","","","","","","","","","","","","","","","","","","","","","","","","","","","0.6836741147029965","0.0040276817403182615","0.4676470244350243","0.00622309897089051","0.4596369193082806","0.005864211864479078","0.4695680188890197","0.004676016082966768","0.46576190293233727","0.00804805209247719","0.8252883433796716","0.0020482328743405935","","","","","","","","","","","","","","","","","","","","","","","","","","","","","","","","","","","","","","","","","","","","","","","","","","","","","","","","","","","","","","","","","","","","","","","","","","","","","","","","","","","","","","","","","","","","","","ITI113","26S1","team02","s202","team02","s202","diabetes","sagemaker_mlflow_app","arn:aws:sagemaker:ap-southeast-1:044528205969:mlflow-app/app-YHNC33FF6GPZ","20260822T033734Z","full","1.0","s3://nyp-26s1-iti113/iti113/team02/data/diabetes/cleaned/diabetes_binary_cleaned_dataset.csv","tuning_candidate","XGBoost","true","","","","","","","","","21","4","","","","","","","","","","","","","","","","","","","","","","","","","","","","","",""
"2026-08-22 11:45:27","20.2s","4fdbd6e9259f4d708f4849aed9b09418","xgb_candidate_20","NOTEBOOK","S202_8440104B_02_xgboost_model_comparison_against_logistic_regression_baseline_v10_FINAL_CHAMPION.ipynb","sagemaker-user","FINISHED","","","","","","0.85","","","","","","5","full","","","","aucpr","","","","0.0","","","0.05","3","","5","XGBClassifier","","","350","","","'-1","","","","binary:logistic","","","","","","1.0","253680","6244bec277fe3cefce56d46c583a4c5eb73f179ef64c8a1b18557fd0200105c5","","","","42","","0.1","5.0","","1.5","","","","","","","","","","","","","","","","","","","","","","4","0.85","","","12de3cf4074e8656a059c938acbe27143794910116dda3dc217a101698a368c1","","","","","","","93531a7b366471a63d29fd970abad6c5d04a2f933f9ffb2aa38dce1c7b286d65","hist","","","","","","","","","","","","","","","","","","","","","","","","","","","","","","","","","","","","","","0.6444835688717331","0.0023151636390307774","0.417477181492054","0.004443121706527163","0.4597997072599191","0.005906725758504667","0.5166019507084536","0.005510685062406145","0.3502906938377834","0.004643869625767947","0.8253498680856373","0.0021173338816605825","","","","","","","","","","","","","","","","","","","","","","","","","","","","","","","","","","","","","","","","","","","","","","","","","","","","","","","","","","","","","","","","","","","","","","","","","","","","","","","","","","","","","","","","","","","","","","ITI113","26S1","team02","s202","team02","s202","diabetes","sagemaker_mlflow_app","arn:aws:sagemaker:ap-southeast-1:044528205969:mlflow-app/app-YHNC33FF6GPZ","20260822T033734Z","full","1.0","s3://nyp-26s1-iti113/iti113/team02/data/diabetes/cleaned/diabetes_binary_cleaned_dataset.csv","tuning_candidate","XGBoost","true","","","","","","","","","20","4","","","","","","","","","","","","","","","","","","","","","","","","","","","","","",""
"2026-08-22 11:45:07","20.1s","77552ea2debf49bd8c195809676eeb8e","xgb_candidate_19","NOTEBOOK","S202_8440104B_02_xgboost_model_comparison_against_logistic_regression_baseline_v10_FINAL_CHAMPION.ipynb","sagemaker-user","FINISHED","","","","","","0.85","","","","","","5","full","","","","aucpr","","","","0.0","","","0.05","3","","5","XGBClassifier","","","350","","","'-1","","","","binary:logistic","","","","","","1.0","253680","6244bec277fe3cefce56d46c583a4c5eb73f179ef64c8a1b18557fd0200105c5","","","","42","","0.1","5.0","","1.0","","","","","","","","","","","","","","","","","","","","","","4","0.85","","","12de3cf4074e8656a059c938acbe27143794910116dda3dc217a101698a368c1","","","","","","","93531a7b366471a63d29fd970abad6c5d04a2f933f9ffb2aa38dce1c7b286d65","hist","","","","","","","","","","","","","","","","","","","","","","","","","","","","","","","","","","","","","","0.58738358070055","0.002791386903377179","0.29976515894528805","0.0070130343913675525","0.45977482038436684","0.006075997752160191","0.5839326180147892","0.012756967801003268","0.201644478831003","0.004936351448855644","0.8253509695343307","0.0021550509726411893","","","","","","","","","","","","","","","","","","","","","","","","","","","","","","","","","","","","","","","","","","","","","","","","","","","","","","","","","","","","","","","","","","","","","","","","","","","","","","","","","","","","","","","","","","","","","","ITI113","26S1","team02","s202","team02","s202","diabetes","sagemaker_mlflow_app","arn:aws:sagemaker:ap-southeast-1:044528205969:mlflow-app/app-YHNC33FF6GPZ","20260822T033734Z","full","1.0","s3://nyp-26s1-iti113/iti113/team02/data/diabetes/cleaned/diabetes_binary_cleaned_dataset.csv","tuning_candidate","XGBoost","true","","","","","","","","","19","4","","","","","","","","","","","","","","","","","","","","","","","","","","","","","",""
"2026-08-22 11:44:44","22.1s","1e6cd760084146d8b11c5751e26e5120","xgb_candidate_18","NOTEBOOK","S202_8440104B_02_xgboost_model_comparison_against_logistic_regression_baseline_v10_FINAL_CHAMPION.ipynb","sagemaker-user","FINISHED","","","","","","0.9","","","","","","5","full","","","","aucpr","","","","0.0","","","0.03","3","","3","XGBClassifier","","","350","","","'-1","","","","binary:logistic","","","","","","1.0","253680","6244bec277fe3cefce56d46c583a4c5eb73f179ef64c8a1b18557fd0200105c5","","","","42","","0.05","5.0","","4.0","","","","","","","","","","","","","","","","","","","","","","3","0.85","","","12de3cf4074e8656a059c938acbe27143794910116dda3dc217a101698a368c1","","","","","","","93531a7b366471a63d29fd970abad6c5d04a2f933f9ffb2aa38dce1c7b286d65","hist","","","","","","","","","","","","","","","","","","","","","","","","","","","","","","","","","","","","","","0.7418776507697291","0.0034103548322605057","0.48552289409967164","0.003240904294839154","0.4576292712377496","0.00549933137488021","0.3682734341007909","0.001975950530495109","0.7123382423143744","0.007934366832893208","0.824812783134521","0.002044533765177811","","","","","","","","","","","","","","","","","","","","","","","","","","","","","","","","","","","","","","","","","","","","","","","","","","","","","","","","","","","","","","","","","","","","","","","","","","","","","","","","","","","","","","","","","","","","","","ITI113","26S1","team02","s202","team02","s202","diabetes","sagemaker_mlflow_app","arn:aws:sagemaker:ap-southeast-1:044528205969:mlflow-app/app-YHNC33FF6GPZ","20260822T033734Z","full","1.0","s3://nyp-26s1-iti113/iti113/team02/data/diabetes/cleaned/diabetes_binary_cleaned_dataset.csv","tuning_candidate","XGBoost","true","","","","","","","","","18","3","","","","","","","","","","","","","","","","","","","","","","","","","","","","","",""
"2026-08-22 11:44:23","20.7s","d1c474e2faf74c938d725a06bbc49141","xgb_candidate_17","NOTEBOOK","S202_8440104B_02_xgboost_model_comparison_against_logistic_regression_baseline_v10_FINAL_CHAMPION.ipynb","sagemaker-user","FINISHED","","","","","","0.9","","","","","","5","full","","","","aucpr","","","","0.0","","","0.03","3","","3","XGBClassifier","","","350","","","'-1","","","","binary:logistic","","","","","","1.0","253680","6244bec277fe3cefce56d46c583a4c5eb73f179ef64c8a1b18557fd0200105c5","","","","42","","0.05","5.0","","3.0","","","","","","","","","","","","","","","","","","","","","","3","0.85","","","12de3cf4074e8656a059c938acbe27143794910116dda3dc217a101698a368c1","","","","","","","93531a7b366471a63d29fd970abad6c5d04a2f933f9ffb2aa38dce1c7b286d65","hist","","","","","","","","","","","","","","","","","","","","","","","","","","","","","","","","","","","","","","0.7253028907619998","0.004720695179622778","0.4919313498854532","0.005862118391607722","0.45779655345655296","0.005668923406479064","0.40865548994775447","0.004249079264212607","0.6178476161873486","0.009084824137427054","0.8247818034846125","0.002066449517278103","","","","","","","","","","","","","","","","","","","","","","","","","","","","","","","","","","","","","","","","","","","","","","","","","","","","","","","","","","","","","","","","","","","","","","","","","","","","","","","","","","","","","","","","","","","","","","ITI113","26S1","team02","s202","team02","s202","diabetes","sagemaker_mlflow_app","arn:aws:sagemaker:ap-southeast-1:044528205969:mlflow-app/app-YHNC33FF6GPZ","20260822T033734Z","full","1.0","s3://nyp-26s1-iti113/iti113/team02/data/diabetes/cleaned/diabetes_binary_cleaned_dataset.csv","tuning_candidate","XGBoost","true","","","","","","","","","17","3","","","","","","","","","","","","","","","","","","","","","","","","","","","","","",""
"2026-08-22 11:44:02","21.0s","f98eb1542b354250aeac92826271d365","xgb_candidate_16","NOTEBOOK","S202_8440104B_02_xgboost_model_comparison_against_logistic_regression_baseline_v10_FINAL_CHAMPION.ipynb","sagemaker-user","FINISHED","","","","","","0.9","","","","","","5","full","","","","aucpr","","","","0.0","","","0.03","3","","3","XGBClassifier","","","350","","","'-1","","","","binary:logistic","","","","","","1.0","253680","6244bec277fe3cefce56d46c583a4c5eb73f179ef64c8a1b18557fd0200105c5","","","","42","","0.05","5.0","","2.5","","","","","","","","","","","","","","","","","","","","","","3","0.85","","","12de3cf4074e8656a059c938acbe27143794910116dda3dc217a101698a368c1","","","","","","","93531a7b366471a63d29fd970abad6c5d04a2f933f9ffb2aa38dce1c7b286d65","hist","","","","","","","","","","","","","","","","","","","","","","","","","","","","","","","","","","","","","","0.707764981615881","0.004342412132723956","0.48571036879996565","0.0058760751586095","0.4576924337875042","0.0057019623648608886","0.43607471816797816","0.004298872685273224","0.5481208211752635","0.00870814304434048","0.8247829217262126","0.002114044879680967","","","","","","","","","","","","","","","","","","","","","","","","","","","","","","","","","","","","","","","","","","","","","","","","","","","","","","","","","","","","","","","","","","","","","","","","","","","","","","","","","","","","","","","","","","","","","","ITI113","26S1","team02","s202","team02","s202","diabetes","sagemaker_mlflow_app","arn:aws:sagemaker:ap-southeast-1:044528205969:mlflow-app/app-YHNC33FF6GPZ","20260822T033734Z","full","1.0","s3://nyp-26s1-iti113/iti113/team02/data/diabetes/cleaned/diabetes_binary_cleaned_dataset.csv","tuning_candidate","XGBoost","true","","","","","","","","","16","3","","","","","","","","","","","","","","","","","","","","","","","","","","","","","",""
"2026-08-22 11:43:41","21.4s","b192d19f00da4f1a97901d322af30170","xgb_candidate_15","NOTEBOOK","S202_8440104B_02_xgboost_model_comparison_against_logistic_regression_baseline_v10_FINAL_CHAMPION.ipynb","sagemaker-user","FINISHED","","","","","","0.9","","","","","","5","full","","","","aucpr","","","","0.0","","","0.03","3","","3","XGBClassifier","","","350","","","'-1","","","","binary:logistic","","","","","","1.0","253680","6244bec277fe3cefce56d46c583a4c5eb73f179ef64c8a1b18557fd0200105c5","","","","42","","0.05","5.0","","2.0","","","","","","","","","","","","","","","","","","","","","","3","0.85","","","12de3cf4074e8656a059c938acbe27143794910116dda3dc217a101698a368c1","","","","","","","93531a7b366471a63d29fd970abad6c5d04a2f933f9ffb2aa38dce1c7b286d65","hist","","","","","","","","","","","","","","","","","","","","","","","","","","","","","","","","","","","","","","0.6812764858359284","0.003841587538480941","0.4650730756755127","0.006127023944425214","0.4578605907117268","0.005735636268003178","0.4717205148073852","0.005288907934495863","0.4586327891934179","0.007518816834730711","0.8248323267313173","0.0020937271325540876","","","","","","","","","","","","","","","","","","","","","","","","","","","","","","","","","","","","","","","","","","","","","","","","","","","","","","","","","","","","","","","","","","","","","","","","","","","","","","","","","","","","","","","","","","","","","","ITI113","26S1","team02","s202","team02","s202","diabetes","sagemaker_mlflow_app","arn:aws:sagemaker:ap-southeast-1:044528205969:mlflow-app/app-YHNC33FF6GPZ","20260822T033734Z","full","1.0","s3://nyp-26s1-iti113/iti113/team02/data/diabetes/cleaned/diabetes_binary_cleaned_dataset.csv","tuning_candidate","XGBoost","true","","","","","","","","","15","3","","","","","","","","","","","","","","","","","","","","","","","","","","","","","",""
"2026-08-22 11:43:20","20.8s","8622d7a47f4f494c9c1b2829e5c1e3cf","xgb_candidate_14","NOTEBOOK","S202_8440104B_02_xgboost_model_comparison_against_logistic_regression_baseline_v10_FINAL_CHAMPION.ipynb","sagemaker-user","FINISHED","","","","","","0.9","","","","","","5","full","","","","aucpr","","","","0.0","","","0.03","3","","3","XGBClassifier","","","350","","","'-1","","","","binary:logistic","","","","","","1.0","253680","6244bec277fe3cefce56d46c583a4c5eb73f179ef64c8a1b18557fd0200105c5","","","","42","","0.05","5.0","","1.5","","","","","","","","","","","","","","","","","","","","","","3","0.85","","","12de3cf4074e8656a059c938acbe27143794910116dda3dc217a101698a368c1","","","","","","","93531a7b366471a63d29fd970abad6c5d04a2f933f9ffb2aa38dce1c7b286d65","hist","","","","","","","","","","","","","","","","","","","","","","","","","","","","","","","","","","","","","","0.6407986416311022","0.0030975172918057577","0.411160484336835","0.005946425605621266","0.4577598647684688","0.005640264598452005","0.5175788546771628","0.00601712172865637","0.34106662822619616","0.006262952891724061","0.8247206028560136","0.0020960466321878644","","","","","","","","","","","","","","","","","","","","","","","","","","","","","","","","","","","","","","","","","","","","","","","","","","","","","","","","","","","","","","","","","","","","","","","","","","","","","","","","","","","","","","","","","","","","","","ITI113","26S1","team02","s202","team02","s202","diabetes","sagemaker_mlflow_app","arn:aws:sagemaker:ap-southeast-1:044528205969:mlflow-app/app-YHNC33FF6GPZ","20260822T033734Z","full","1.0","s3://nyp-26s1-iti113/iti113/team02/data/diabetes/cleaned/diabetes_binary_cleaned_dataset.csv","tuning_candidate","XGBoost","true","","","","","","","","","14","3","","","","","","","","","","","","","","","","","","","","","","","","","","","","","",""
"2026-08-22 11:42:59","20.7s","bf4bb39d1ffa4f2ba83854cf0553edda","xgb_candidate_13","NOTEBOOK","S202_8440104B_02_xgboost_model_comparison_against_logistic_regression_baseline_v10_FINAL_CHAMPION.ipynb","sagemaker-user","FINISHED","","","","","","0.9","","","","","","5","full","","","","aucpr","","","","0.0","","","0.03","3","","3","XGBClassifier","","","350","","","'-1","","","","binary:logistic","","","","","","1.0","253680","6244bec277fe3cefce56d46c583a4c5eb73f179ef64c8a1b18557fd0200105c5","","","","42","","0.05","5.0","","1.0","","","","","","","","","","","","","","","","","","","","","","3","0.85","","","12de3cf4074e8656a059c938acbe27143794910116dda3dc217a101698a368c1","","","","","","","93531a7b366471a63d29fd970abad6c5d04a2f933f9ffb2aa38dce1c7b286d65","hist","","","","","","","","","","","","","","","","","","","","","","","","","","","","","","","","","","","","","","0.5840305760012237","0.002497035530474949","0.29109820650563645","0.006361507291597786","0.4577996694972944","0.005779415724781827","0.5861993943264452","0.013015402269404815","0.19363994007901023","0.004547684713568492","0.8246898907783716","0.0021118318446885728","","","","","","","","","","","","","","","","","","","","","","","","","","","","","","","","","","","","","","","","","","","","","","","","","","","","","","","","","","","","","","","","","","","","","","","","","","","","","","","","","","","","","","","","","","","","","","ITI113","26S1","team02","s202","team02","s202","diabetes","sagemaker_mlflow_app","arn:aws:sagemaker:ap-southeast-1:044528205969:mlflow-app/app-YHNC33FF6GPZ","20260822T033734Z","full","1.0","s3://nyp-26s1-iti113/iti113/team02/data/diabetes/cleaned/diabetes_binary_cleaned_dataset.csv","tuning_candidate","XGBoost","true","","","","","","","","","13","3","","","","","","","","","","","","","","","","","","","","","","","","","","","","","",""
"2026-08-22 11:42:42","16.9s","1d29e7834c674bec9f6bc64b4ab02d82","xgb_candidate_12","NOTEBOOK","S202_8440104B_02_xgboost_model_comparison_against_logistic_regression_baseline_v10_FINAL_CHAMPION.ipynb","sagemaker-user","FINISHED","","","","","","0.9","","","","","","5","full","","","","aucpr","","","","0.0","","","0.05","2","","3","XGBClassifier","","","350","","","'-1","","","","binary:logistic","","","","","","1.0","253680","6244bec277fe3cefce56d46c583a4c5eb73f179ef64c8a1b18557fd0200105c5","","","","42","","0.05","3.0","","4.0","","","","","","","","","","","","","","","","","","","","","","2","0.9","","","12de3cf4074e8656a059c938acbe27143794910116dda3dc217a101698a368c1","","","","","","","93531a7b366471a63d29fd970abad6c5d04a2f933f9ffb2aa38dce1c7b286d65","hist","","","","","","","","","","","","","","","","","","","","","","","","","","","","","","","","","","","","","","0.7409194547015174","0.003594697381832389","0.4862900486517547","0.003556933102686446","0.4567131028413277","0.004855296644247347","0.3709706422452051","0.0022700733296348004","0.7056781130695351","0.008031343693317415","0.8244781506122998","0.0021342839684162433","","","","","","","","","","","","","","","","","","","","","","","","","","","","","","","","","","","","","","","","","","","","","","","","","","","","","","","","","","","","","","","","","","","","","","","","","","","","","","","","","","","","","","","","","","","","","","ITI113","26S1","team02","s202","team02","s202","diabetes","sagemaker_mlflow_app","arn:aws:sagemaker:ap-southeast-1:044528205969:mlflow-app/app-YHNC33FF6GPZ","20260822T033734Z","full","1.0","s3://nyp-26s1-iti113/iti113/team02/data/diabetes/cleaned/diabetes_binary_cleaned_dataset.csv","tuning_candidate","XGBoost","true","","","","","","","","","12","2","","","","","","","","","","","","","","","","","","","","","","","","","","","","","",""
"2026-08-22 11:42:24","17.0s","bad8febcfd414b31a0321711ed707c22","xgb_candidate_11","NOTEBOOK","S202_8440104B_02_xgboost_model_comparison_against_logistic_regression_baseline_v10_FINAL_CHAMPION.ipynb","sagemaker-user","FINISHED","","","","","","0.9","","","","","","5","full","","","","aucpr","","","","0.0","","","0.05","2","","3","XGBClassifier","","","350","","","'-1","","","","binary:logistic","","","","","","1.0","253680","6244bec277fe3cefce56d46c583a4c5eb73f179ef64c8a1b18557fd0200105c5","","","","42","","0.05","3.0","","3.0","","","","","","","","","","","","","","","","","","","","","","2","0.9","","","12de3cf4074e8656a059c938acbe27143794910116dda3dc217a101698a368c1","","","","","","","93531a7b366471a63d29fd970abad6c5d04a2f933f9ffb2aa38dce1c7b286d65","hist","","","","","","","","","","","","","","","","","","","","","","","","","","","","","","","","","","","","","","0.7233071422433544","0.005183562539401955","0.4912271205123866","0.006366740551119239","0.45695759948305603","0.005031900818115904","0.4111656829045181","0.004417062196903921","0.6100307044724588","0.0103130158366088","0.8244672667007601","0.002175701835445124","","","","","","","","","","","","","","","","","","","","","","","","","","","","","","","","","","","","","","","","","","","","","","","","","","","","","","","","","","","","","","","","","","","","","","","","","","","","","","","","","","","","","","","","","","","","","","ITI113","26S1","team02","s202","team02","s202","diabetes","sagemaker_mlflow_app","arn:aws:sagemaker:ap-southeast-1:044528205969:mlflow-app/app-YHNC33FF6GPZ","20260822T033734Z","full","1.0","s3://nyp-26s1-iti113/iti113/team02/data/diabetes/cleaned/diabetes_binary_cleaned_dataset.csv","tuning_candidate","XGBoost","true","","","","","","","","","11","2","","","","","","","","","","","","","","","","","","","","","","","","","","","","","",""
"2026-08-22 11:42:07","16.9s","b46d3f7017a644819f2b8c2ec3bdd195","xgb_candidate_10","NOTEBOOK","S202_8440104B_02_xgboost_model_comparison_against_logistic_regression_baseline_v10_FINAL_CHAMPION.ipynb","sagemaker-user","FINISHED","","","","","","0.9","","","","","","5","full","","","","aucpr","","","","0.0","","","0.05","2","","3","XGBClassifier","","","350","","","'-1","","","","binary:logistic","","","","","","1.0","253680","6244bec277fe3cefce56d46c583a4c5eb73f179ef64c8a1b18557fd0200105c5","","","","42","","0.05","3.0","","2.5","","","","","","","","","","","","","","","","","","","","","","2","0.9","","","12de3cf4074e8656a059c938acbe27143794910116dda3dc217a101698a368c1","","","","","","","93531a7b366471a63d29fd970abad6c5d04a2f933f9ffb2aa38dce1c7b286d65","hist","","","","","","","","","","","","","","","","","","","","","","","","","","","","","","","","","","","","","","0.7070155924020164","0.004128731243076214","0.4859138644232597","0.005805546347845773","0.45693259667321195","0.005030659973406953","0.43896817170145974","0.004618253008583612","0.5441185689078185","0.00790156526271627","0.8245179965995039","0.00218697176930863","","","","","","","","","","","","","","","","","","","","","","","","","","","","","","","","","","","","","","","","","","","","","","","","","","","","","","","","","","","","","","","","","","","","","","","","","","","","","","","","","","","","","","","","","","","","","","ITI113","26S1","team02","s202","team02","s202","diabetes","sagemaker_mlflow_app","arn:aws:sagemaker:ap-southeast-1:044528205969:mlflow-app/app-YHNC33FF6GPZ","20260822T033734Z","full","1.0","s3://nyp-26s1-iti113/iti113/team02/data/diabetes/cleaned/diabetes_binary_cleaned_dataset.csv","tuning_candidate","XGBoost","true","","","","","","","","","10","2","","","","","","","","","","","","","","","","","","","","","","","","","","","","","",""
"2026-08-22 11:41:48","19.3s","168326ada68044c899c47cc630d0a601","xgb_candidate_09","NOTEBOOK","S202_8440104B_02_xgboost_model_comparison_against_logistic_regression_baseline_v10_FINAL_CHAMPION.ipynb","sagemaker-user","FINISHED","","","","","","0.9","","","","","","5","full","","","","aucpr","","","","0.0","","","0.05","2","","3","XGBClassifier","","","350","","","'-1","","","","binary:logistic","","","","","","1.0","253680","6244bec277fe3cefce56d46c583a4c5eb73f179ef64c8a1b18557fd0200105c5","","","","42","","0.05","3.0","","2.0","","","","","","","","","","","","","","","","","","","","","","2","0.9","","","12de3cf4074e8656a059c938acbe27143794910116dda3dc217a101698a368c1","","","","","","","93531a7b366471a63d29fd970abad6c5d04a2f933f9ffb2aa38dce1c7b286d65","hist","","","","","","","","","","","","","","","","","","","","","","","","","","","","","","","","","","","","","","0.6799151467116233","0.0035377517685475394","0.4634468047179044","0.005679043714089456","0.4569800319379664","0.004984900859798381","0.4723764466465391","0.005380127942402653","0.4548806443921151","0.0070439933158835955","0.8244480625121147","0.002176421340552686","","","","","","","","","","","","","","","","","","","","","","","","","","","","","","","","","","","","","","","","","","","","","","","","","","","","","","","","","","","","","","","","","","","","","","","","","","","","","","","","","","","","","","","","","","","","","","ITI113","26S1","team02","s202","team02","s202","diabetes","sagemaker_mlflow_app","arn:aws:sagemaker:ap-southeast-1:044528205969:mlflow-app/app-YHNC33FF6GPZ","20260822T033734Z","full","1.0","s3://nyp-26s1-iti113/iti113/team02/data/diabetes/cleaned/diabetes_binary_cleaned_dataset.csv","tuning_candidate","XGBoost","true","","","","","","","","","9","2","","","","","","","","","","","","","","","","","","","","","","","","","","","","","",""
"2026-08-22 11:41:30","17.2s","111f94bbb2734fdaa2f9ba6dcf18f579","xgb_candidate_08","NOTEBOOK","S202_8440104B_02_xgboost_model_comparison_against_logistic_regression_baseline_v10_FINAL_CHAMPION.ipynb","sagemaker-user","FINISHED","","","","","","0.9","","","","","","5","full","","","","aucpr","","","","0.0","","","0.05","2","","3","XGBClassifier","","","350","","","'-1","","","","binary:logistic","","","","","","1.0","253680","6244bec277fe3cefce56d46c583a4c5eb73f179ef64c8a1b18557fd0200105c5","","","","42","","0.05","3.0","","1.5","","","","","","","","","","","","","","","","","","","","","","2","0.9","","","12de3cf4074e8656a059c938acbe27143794910116dda3dc217a101698a368c1","","","","","","","93531a7b366471a63d29fd970abad6c5d04a2f933f9ffb2aa38dce1c7b286d65","hist","","","","","","","","","","","","","","","","","","","","","","","","","","","","","","","","","","","","","","0.6407892193714513","0.0023998832700869565","0.4110570199908928","0.0047167603463175636","0.45726860856302637","0.005115531655668035","0.5166521433890049","0.005800310817306764","0.34131685300811837","0.004604802353869549","0.8245300283809789","0.002155478042701784","","","","","","","","","","","","","","","","","","","","","","","","","","","","","","","","","","","","","","","","","","","","","","","","","","","","","","","","","","","","","","","","","","","","","","","","","","","","","","","","","","","","","","","","","","","","","","ITI113","26S1","team02","s202","team02","s202","diabetes","sagemaker_mlflow_app","arn:aws:sagemaker:ap-southeast-1:044528205969:mlflow-app/app-YHNC33FF6GPZ","20260822T033734Z","full","1.0","s3://nyp-26s1-iti113/iti113/team02/data/diabetes/cleaned/diabetes_binary_cleaned_dataset.csv","tuning_candidate","XGBoost","true","","","","","","","","","8","2","","","","","","","","","","","","","","","","","","","","","","","","","","","","","",""
"2026-08-22 11:41:13","17.0s","98aa8a484428444a9b364b269cadc736","xgb_candidate_07","NOTEBOOK","S202_8440104B_02_xgboost_model_comparison_against_logistic_regression_baseline_v10_FINAL_CHAMPION.ipynb","sagemaker-user","FINISHED","","","","","","0.9","","","","","","5","full","","","","aucpr","","","","0.0","","","0.05","2","","3","XGBClassifier","","","350","","","'-1","","","","binary:logistic","","","","","","1.0","253680","6244bec277fe3cefce56d46c583a4c5eb73f179ef64c8a1b18557fd0200105c5","","","","42","","0.05","3.0","","1.0","","","","","","","","","","","","","","","","","","","","","","2","0.9","","","12de3cf4074e8656a059c938acbe27143794910116dda3dc217a101698a368c1","","","","","","","93531a7b366471a63d29fd970abad6c5d04a2f933f9ffb2aa38dce1c7b286d65","hist","","","","","","","","","","","","","","","","","","","","","","","","","","","","","","","","","","","","","","0.5865385019863634","0.0023861433854971592","0.29763119054658754","0.0060067571382382435","0.4572488913998912","0.00517388392628869","0.5813944873592757","0.010742916195011996","0.200018667873455","0.004319987302219521","0.8244886199294902","0.0022209155152078676","","","","","","","","","","","","","","","","","","","","","","","","","","","","","","","","","","","","","","","","","","","","","","","","","","","","","","","","","","","","","","","","","","","","","","","","","","","","","","","","","","","","","","","","","","","","","","ITI113","26S1","team02","s202","team02","s202","diabetes","sagemaker_mlflow_app","arn:aws:sagemaker:ap-southeast-1:044528205969:mlflow-app/app-YHNC33FF6GPZ","20260822T033734Z","full","1.0","s3://nyp-26s1-iti113/iti113/team02/data/diabetes/cleaned/diabetes_binary_cleaned_dataset.csv","tuning_candidate","XGBoost","true","","","","","","","","","7","2","","","","","","","","","","","","","","","","","","","","","","","","","","","","","",""
"2026-08-22 11:40:55","17.5s","61b2db3d53db4e01ac067b07a01259ec","xgb_candidate_06","NOTEBOOK","S202_8440104B_02_xgboost_model_comparison_against_logistic_regression_baseline_v10_FINAL_CHAMPION.ipynb","sagemaker-user","FINISHED","","","","","","0.9","","","","","","5","full","","","","aucpr","","","","0.0","","","0.03","2","","1","XGBClassifier","","","350","","","'-1","","","","binary:logistic","","","","","","1.0","253680","6244bec277fe3cefce56d46c583a4c5eb73f179ef64c8a1b18557fd0200105c5","","","","42","","0.0","1.0","","4.0","","","","","","","","","","","","","","","","","","","","","","1","0.9","","","12de3cf4074e8656a059c938acbe27143794910116dda3dc217a101698a368c1","","","","","","","93531a7b366471a63d29fd970abad6c5d04a2f933f9ffb2aa38dce1c7b286d65","hist","","","","","","","","","","","","","","","","","","","","","","","","","","","","","","","","","","","","","","0.7394125653088945","0.00393649831078132","0.48541829984316937","0.003847954510630957","0.4545237788177622","0.0044611583398701336","0.3713217192796374","0.0022865432083699682","0.7007691760218668","0.00887326780819291","0.8235005856417891","0.0019735862895012835","","","","","","","","","","","","","","","","","","","","","","","","","","","","","","","","","","","","","","","","","","","","","","","","","","","","","","","","","","","","","","","","","","","","","","","","","","","","","","","","","","","","","","","","","","","","","","ITI113","26S1","team02","s202","team02","s202","diabetes","sagemaker_mlflow_app","arn:aws:sagemaker:ap-southeast-1:044528205969:mlflow-app/app-YHNC33FF6GPZ","20260822T033734Z","full","1.0","s3://nyp-26s1-iti113/iti113/team02/data/diabetes/cleaned/diabetes_binary_cleaned_dataset.csv","tuning_candidate","XGBoost","true","","","","","","","","","6","1","","","","","","","","","","","","","","","","","","","","","","","","","","","","","",""
"2026-08-22 11:40:38","17.6s","eda170bc1b384a36bceffc804418926c","xgb_candidate_05","NOTEBOOK","S202_8440104B_02_xgboost_model_comparison_against_logistic_regression_baseline_v10_FINAL_CHAMPION.ipynb","sagemaker-user","FINISHED","","","","","","0.9","","","","","","5","full","","","","aucpr","","","","0.0","","","0.03","2","","1","XGBClassifier","","","350","","","'-1","","","","binary:logistic","","","","","","1.0","253680","6244bec277fe3cefce56d46c583a4c5eb73f179ef64c8a1b18557fd0200105c5","","","","42","","0.0","1.0","","3.0","","","","","","","","","","","","","","","","","","","","","","1","0.9","","","12de3cf4074e8656a059c938acbe27143794910116dda3dc217a101698a368c1","","","","","","","93531a7b366471a63d29fd970abad6c5d04a2f933f9ffb2aa38dce1c7b286d65","hist","","","","","","","","","","","","","","","","","","","","","","","","","","","","","","","","","","","","","","0.7210549957524617","0.005035725740026202","0.4903667567064379","0.00633304443197847","0.4545672506719443","0.004606907028684089","0.4139803699712797","0.004495556818930406","0.6013383530800231","0.009840081015016114","0.8235148227330853","0.001960826807968126","","","","","","","","","","","","","","","","","","","","","","","","","","","","","","","","","","","","","","","","","","","","","","","","","","","","","","","","","","","","","","","","","","","","","","","","","","","","","","","","","","","","","","","","","","","","","","ITI113","26S1","team02","s202","team02","s202","diabetes","sagemaker_mlflow_app","arn:aws:sagemaker:ap-southeast-1:044528205969:mlflow-app/app-YHNC33FF6GPZ","20260822T033734Z","full","1.0","s3://nyp-26s1-iti113/iti113/team02/data/diabetes/cleaned/diabetes_binary_cleaned_dataset.csv","tuning_candidate","XGBoost","true","","","","","","","","","5","1","","","","","","","","","","","","","","","","","","","","","","","","","","","","","",""
"2026-08-22 11:40:18","19.1s","765c27452add4e199bb3cb168528c82e","xgb_candidate_04","NOTEBOOK","S202_8440104B_02_xgboost_model_comparison_against_logistic_regression_baseline_v10_FINAL_CHAMPION.ipynb","sagemaker-user","FINISHED","","","","","","0.9","","","","","","5","full","","","","aucpr","","","","0.0","","","0.03","2","","1","XGBClassifier","","","350","","","'-1","","","","binary:logistic","","","","","","1.0","253680","6244bec277fe3cefce56d46c583a4c5eb73f179ef64c8a1b18557fd0200105c5","","","","42","","0.0","1.0","","2.5","","","","","","","","","","","","","","","","","","","","","","1","0.9","","","12de3cf4074e8656a059c938acbe27143794910116dda3dc217a101698a368c1","","","","","","","93531a7b366471a63d29fd970abad6c5d04a2f933f9ffb2aa38dce1c7b286d65","hist","","","","","","","","","","","","","","","","","","","","","","","","","","","","","","","","","","","","","","0.7027742793921116","0.004731259293652105","0.48245103573287135","0.006726696485601691","0.4546122704202622","0.0046784962806850445","0.442184977366609","0.005106712139394392","0.5307986085957468","0.009086511979320519","0.8235169670563117","0.0020043837423844397","","","","","","","","","","","","","","","","","","","","","","","","","","","","","","","","","","","","","","","","","","","","","","","","","","","","","","","","","","","","","","","","","","","","","","","","","","","","","","","","","","","","","","","","","","","","","","ITI113","26S1","team02","s202","team02","s202","diabetes","sagemaker_mlflow_app","arn:aws:sagemaker:ap-southeast-1:044528205969:mlflow-app/app-YHNC33FF6GPZ","20260822T033734Z","full","1.0","s3://nyp-26s1-iti113/iti113/team02/data/diabetes/cleaned/diabetes_binary_cleaned_dataset.csv","tuning_candidate","XGBoost","true","","","","","","","","","4","1","","","","","","","","","","","","","","","","","","","","","","","","","","","","","",""
"2026-08-22 11:39:59","18.7s","74c72de7f1d34f8cb49ae59ce137003e","xgb_candidate_03","NOTEBOOK","S202_8440104B_02_xgboost_model_comparison_against_logistic_regression_baseline_v10_FINAL_CHAMPION.ipynb","sagemaker-user","FINISHED","","","","","","0.9","","","","","","5","full","","","","aucpr","","","","0.0","","","0.03","2","","1","XGBClassifier","","","350","","","'-1","","","","binary:logistic","","","","","","1.0","253680","6244bec277fe3cefce56d46c583a4c5eb73f179ef64c8a1b18557fd0200105c5","","","","42","","0.0","1.0","","2.0","","","","","","","","","","","","","","","","","","","","","","1","0.9","","","12de3cf4074e8656a059c938acbe27143794910116dda3dc217a101698a368c1","","","","","","","93531a7b366471a63d29fd970abad6c5d04a2f933f9ffb2aa38dce1c7b286d65","hist","","","","","","","","","","","","","","","","","","","","","","","","","","","","","","","","","","","","","","0.6746986848321801","0.0036702972256430952","0.45746553790102523","0.006021374387424472","0.4546966488489247","0.004697922695752347","0.47684958604770394","0.005495413465627455","0.4396220848128564","0.0072297620724875765","0.8234806086651524","0.0020056504937107957","","","","","","","","","","","","","","","","","","","","","","","","","","","","","","","","","","","","","","","","","","","","","","","","","","","","","","","","","","","","","","","","","","","","","","","","","","","","","","","","","","","","","","","","","","","","","","ITI113","26S1","team02","s202","team02","s202","diabetes","sagemaker_mlflow_app","arn:aws:sagemaker:ap-southeast-1:044528205969:mlflow-app/app-YHNC33FF6GPZ","20260822T033734Z","full","1.0","s3://nyp-26s1-iti113/iti113/team02/data/diabetes/cleaned/diabetes_binary_cleaned_dataset.csv","tuning_candidate","XGBoost","true","","","","","","","","","3","1","","","","","","","","","","","","","","","","","","","","","","","","","","","","","",""
"2026-08-22 11:39:42","17.4s","d1f4ab9f85184b768c16c8ceb1b40a66","xgb_candidate_02","NOTEBOOK","S202_8440104B_02_xgboost_model_comparison_against_logistic_regression_baseline_v10_FINAL_CHAMPION.ipynb","sagemaker-user","FINISHED","","","","","","0.9","","","","","","5","full","","","","aucpr","","","","0.0","","","0.03","2","","1","XGBClassifier","","","350","","","'-1","","","","binary:logistic","","","","","","1.0","253680","6244bec277fe3cefce56d46c583a4c5eb73f179ef64c8a1b18557fd0200105c5","","","","42","","0.0","1.0","","1.5","","","","","","","","","","","","","","","","","","","","","","1","0.9","","","12de3cf4074e8656a059c938acbe27143794910116dda3dc217a101698a368c1","","","","","","","93531a7b366471a63d29fd970abad6c5d04a2f933f9ffb2aa38dce1c7b286d65","hist","","","","","","","","","","","","","","","","","","","","","","","","","","","","","","","","","","","","","","0.6340894025797111","0.0027727615588838484","0.39943447009125366","0.0054691197089968835","0.45486644280540167","0.004783860436836113","0.5210567619837486","0.0057245913839440886","0.3238695329257979","0.005669143376690831","0.8235060536488847","0.0020259068067179135","","","","","","","","","","","","","","","","","","","","","","","","","","","","","","","","","","","","","","","","","","","","","","","","","","","","","","","","","","","","","","","","","","","","","","","","","","","","","","","","","","","","","","","","","","","","","","ITI113","26S1","team02","s202","team02","s202","diabetes","sagemaker_mlflow_app","arn:aws:sagemaker:ap-southeast-1:044528205969:mlflow-app/app-YHNC33FF6GPZ","20260822T033734Z","full","1.0","s3://nyp-26s1-iti113/iti113/team02/data/diabetes/cleaned/diabetes_binary_cleaned_dataset.csv","tuning_candidate","XGBoost","true","","","","","","","","","2","1","","","","","","","","","","","","","","","","","","","","","","","","","","","","","",""
"2026-08-22 11:39:24","17.5s","cec4a6e8485847caa9b2bc9957a71319","xgb_candidate_01","NOTEBOOK","S202_8440104B_02_xgboost_model_comparison_against_logistic_regression_baseline_v10_FINAL_CHAMPION.ipynb","sagemaker-user","FINISHED","","","","","","0.9","","","","","","5","full","","","","aucpr","","","","0.0","","","0.03","2","","1","XGBClassifier","","","350","","","'-1","","","","binary:logistic","","","","","","1.0","253680","6244bec277fe3cefce56d46c583a4c5eb73f179ef64c8a1b18557fd0200105c5","","","","42","","0.0","1.0","","1.0","","","","","","","","","","","","","","","","","","","","","","1","0.9","","","12de3cf4074e8656a059c938acbe27143794910116dda3dc217a101698a368c1","","","","","","","93531a7b366471a63d29fd970abad6c5d04a2f933f9ffb2aa38dce1c7b286d65","hist","","","","","","","","","","","","","","","","","","","","","","","","","","","","","","","","","","","","","","0.5779006201017388","0.0024129051716403524","0.2747675374182835","0.006332316569860508","0.45494539057167416","0.0049505596162263445","0.589311992120886","0.012336106920022022","0.17916315819162806","0.004540539561113825","0.8234176809879512","0.002024790744564885","","","","","","","","","","","","","","","","","","","","","","","","","","","","","","","","","","","","","","","","","","","","","","","","","","","","","","","","","","","","","","","","","","","","","","","","","","","","","","","","","","","","","","","","","","","","","","ITI113","26S1","team02","s202","team02","s202","diabetes","sagemaker_mlflow_app","arn:aws:sagemaker:ap-southeast-1:044528205969:mlflow-app/app-YHNC33FF6GPZ","20260822T033734Z","full","1.0","s3://nyp-26s1-iti113/iti113/team02/data/diabetes/cleaned/diabetes_binary_cleaned_dataset.csv","tuning_candidate","XGBoost","true","","","","","","","","","1","1","","","","","","","","","","","","","","","","","","","","","","","","","","","","","",""
"2026-08-22 11:39:24","10.2min","2bd9b8100e3945709a3a096f38928724","team02_s202_xgb_tuning_parent","NOTEBOOK","S202_8440104B_02_xgboost_model_comparison_against_logistic_regression_baseline_v10_FINAL_CHAMPION.ipynb","sagemaker-user","FINISHED","","","","","","","","","","","","5","full","","","","","","","","","","5.346","","","","","","30","","","","","","5","","0.002","","","","","","cv_pr_auc_mean","1.0","253680","6244bec277fe3cefce56d46c583a4c5eb73f179ef64c8a1b18557fd0200105c5","","","","","","","","","","[1.0, 1.5, 2.0, 2.5, 3.0, 4.0]","","","","","","","","","","","","","","","","","","","","","","","","","12de3cf4074e8656a059c938acbe27143794910116dda3dc217a101698a368c1","","","","","","","93531a7b366471a63d29fd970abad6c5d04a2f933f9ffb2aa38dce1c7b286d65","","","","","","","","","","","","","","","","","0.46004043144637013","","","","","","","","","","","","","","","","","","","","","","","","","","","","","","","","","","","","","","","","","","","","","","","","12","","","","","","","","","","0.4927131477649792","0.45949131473592414","0.8254136063485209","","","","","","","","","","","","","","","","","","","","","","","","","","","","","","","","","","","","","","","","","","","","","","","","","","","","","","","","","","","","","","","","","","","ITI113","26S1","team02","s202","team02","s202","diabetes","sagemaker_mlflow_app","arn:aws:sagemaker:ap-southeast-1:044528205969:mlflow-app/app-YHNC33FF6GPZ","20260822T033734Z","full","1.0","s3://nyp-26s1-iti113/iti113/team02/data/diabetes/cleaned/diabetes_binary_cleaned_dataset.csv","tuning_parent","XGBoost","false","","","","","","","","","","","","","","","","","","","","","","","","","","","","","","","","","","","","","","","",""
"2026-08-22 11:37:53","42.0s","a7c2afee1dc44b67bd0427eb8eb2ba2a","team02_s202_xgboost_reference","NOTEBOOK","S202_8440104B_02_xgboost_model_comparison_against_logistic_regression_baseline_v10_FINAL_CHAMPION.ipynb","sagemaker-user","FINISHED","","","","","","0.8","","","","","","5","full","s3://nyp-26s1-iti113/iti113/team02/data/diabetes/cleaned/diabetes_binary_cleaned_dataset.csv","","","logloss","","","253680","","","","0.1","4","","1","XGBClassifier","","","300","","21","'-1","","","","binary:logistic","","","","","","1.0","253680","","","","","42","","0.0","1.0","","1","","","","","","","","","","","","","cv_pr_auc_mean","","","","","","","","","","0.8","0.2","50736","","","","","","","202944","","hist","","","","","","","","","","","","","","","","","","","","","","","","","","","","","","","","","","","","","","0.587284884479799","0.003154688334609587","0.29951519015889694","0.007927887361226321","0.4586278642707648","0.0074525488800137926","0.5833763215549942","0.014361024570059704","0.20148803335052987","0.005628977731128275","0.8252107542410521","0.002011625372233758","","","","","","","","","","","","","","","","","","","","","","","","","","","","","","","","","","","","","","","","","","","","","","","","","","","","","","","","","","","","","","","","","","","","","","","","","","","","","","","","","","","","","","","","","","","","","","ITI113","26S1","team02","s202","team02","s202","diabetes","sagemaker_mlflow_app","arn:aws:sagemaker:ap-southeast-1:044528205969:mlflow-app/app-YHNC33FF6GPZ","20260822T033734Z","full","1.0","s3://nyp-26s1-iti113/iti113/team02/data/diabetes/cleaned/diabetes_binary_cleaned_dataset.csv","reference_configuration","XGBoost","false","","","","","","","","","","","","","","","","","","","","","","","","","","","","","","","","","","","","","","","",""
"2026-08-22 11:05:02","20.5s","df697a87ef3f4f1dbad1d7484983c6e8","team02_s203_final_logistic_regression","NOTEBOOK","02_Logistic_Regression_Experiments_MLflow_with_Evidence_Review.ipynb","sagemaker-user","FINISHED","","","","","0.59","","","","","","","5","full","","","","","","","253680","","","","","","","","","","","","","21","","","","","","","","","","cv_pr_auc_mean","1.0","253680","","","test_auc_roc","0.75","","","","","","","","","","lr_candidate_12","acf1953c85a94e40a242b6ba7f5d8420","","","","","LogisticRegression","","","","","","","","","","","","","","","","","","","f1","","780b12fcc6a9457c9648ae5f7d426b1e","","","","","","","","","","","","","","","","","","","","","","","","","","","","","","","","","","","","","","","","","","","","","","","","","","","","","","","","","","","","","0.46949279972239893","","","","","","","","","","","","","","","","","","","","","","","","0.59","0.4298129886463302","0.8177370609427154","","","0.7775938189845475","0.8175653787032819","","0.7284378313760622","","","","0.4820051413881748","","","","2745","0.3433395872420263","8539","0.1997847500058492","0.432748857681164","0.38073826963521645","0.6566604127579737","","0.8002152499941508","34202","5250","","","0.4827095456162701","0.7781210580258594","0.8179017640222778","0.729306827425273","","0.4831322673584408","","10937","0.3419736101557126","34092","0.1994127349937413","0.42980807487012934","0.381685619456989","0.6580263898442874","0.8005872650062587","136870","21045","","","","","","","","true","","","","","","","","ITI113","26S1","team02","s203","team02","s203","diabetes","sagemaker_mlflow_app","arn:aws:sagemaker:ap-southeast-1:044528205969:mlflow-app/app-YHNC33FF6GPZ","20260822T022025Z","full","1.0","s3://nyp-26s1-iti113/iti113/team02/data/diabetes/cleaned/diabetes_binary_cleaned_dataset.csv","final_holdout_evaluation","LogisticRegression","false","acf1953c85a94e40a242b6ba7f5d8420","lr_candidate_12","","","","","","","","","required","subgroup_error_rate_analysis_equivalent","logistic_regression_coefficients_and_odds_ratios","200","true","Sex,Age,Education,Income","bootstrap_ci_and_threshold_sensitivity","true","","","","","","","","","","","","","","","","","","","","","",""
"2026-08-22 10:51:32","2.6min","d2d65ab4bce74c8abe09d7a2e71accfa","team02_s203_final_logistic_regression","NOTEBOOK","02_Logistic_Regression_Experiments_MLflow_with_Evidence_Review.ipynb","sagemaker-user","FINISHED","","","","","0.59","","","","","","","5","full","","","","","","","253680","","","","","","","","","","","","","21","","","","","","","","","","cv_pr_auc_mean","1.0","253680","","","test_auc_roc","0.75","","","","","","","","","","lr_candidate_12","acf1953c85a94e40a242b6ba7f5d8420","","","","","LogisticRegression","","","","","","","","","","","","","","","","","","","f1","","780b12fcc6a9457c9648ae5f7d426b1e","","","","","","","","","","","","","","","","","","","","","","","","","","","","","","","","","","","","","","","","","","","","","","","","","","","","","","","","","","","","","0.46949279972239893","","","","","","","","","","","","","","","","","","","","","","","","0.59","0.4298129886463302","0.8177370609427154","","","0.7775938189845475","0.8175653787032819","","0.7284378313760622","","","","0.4820051413881748","","","","2745","0.3433395872420263","8539","0.1997847500058492","0.432748857681164","0.38073826963521645","0.6566604127579737","","0.8002152499941508","34202","5250","","","0.4827095456162701","0.7781210580258594","0.8179017640222778","0.729306827425273","","0.4831322673584408","","10937","0.3419736101557126","34092","0.1994127349937413","0.42980807487012934","0.381685619456989","0.6580263898442874","0.8005872650062587","136870","21045","","","","","","","","true","","","","","","","","ITI113","26S1","team02","s203","team02","s203","diabetes","sagemaker_mlflow_app","arn:aws:sagemaker:ap-southeast-1:044528205969:mlflow-app/app-YHNC33FF6GPZ","20260822T022025Z","full","1.0","s3://nyp-26s1-iti113/iti113/team02/data/diabetes/cleaned/diabetes_binary_cleaned_dataset.csv","final_holdout_evaluation","LogisticRegression","false","acf1953c85a94e40a242b6ba7f5d8420","lr_candidate_12","","","","","","","","","required","","","","","","","","","","","","","","","","","","","","","","","","","","","","",""
"2026-08-22 10:50:26","2.2s","780b12fcc6a9457c9648ae5f7d426b1e","team02_s203_lr_threshold_tuning","NOTEBOOK","02_Logistic_Regression_Experiments_MLflow_with_Evidence_Review.ipynb","sagemaker-user","FINISHED","","","","","","","","","","","","5","full","","","","","","","","","","","","","","","","","","","","","","","91","","","","","","","","1.0","253680","","","","","","","","","","","","","100.0","","","balanced","","","","","","","","","","","","","","","","","","","","","0.95","0.05","f1","0.01","","","","","","","","","","","","","","","","","","","","","","","","","","","","","","","","","","","","","","","","","","","","","","","","","","","","","","0.7420888757389679","0.46949279972239893","0.23850916140328934","0.27731308711877495","0.3393623543838136","0.7614908385967106","0.7226869128812251","0.5","","","","","","","","0.728980646431472","0.4827095456162701","0.34247389156400476","0.19956481557305134","0.38132627341469166","0.6575261084359952","0.8004351844269487","0.59","","","","","","","","","","","","","","","","","","","","","","","","","","","","","","","","","","","","","","","","","","","","","","","","","","","","","","","","","","","","","","","","","","","","","","","ITI113","26S1","team02","s203","team02","s203","diabetes","sagemaker_mlflow_app","arn:aws:sagemaker:ap-southeast-1:044528205969:mlflow-app/app-YHNC33FF6GPZ","20260822T022025Z","full","1.0","s3://nyp-26s1-iti113/iti113/team02/data/diabetes/cleaned/diabetes_binary_cleaned_dataset.csv","threshold_tuning","LogisticRegression","false","acf1953c85a94e40a242b6ba7f5d8420","","","","","","","","","","","","","","","","","","","","","","","","","","","","","","","","","","","","","","",""
"2026-08-22 10:44:39","2.6min","acf1953c85a94e40a242b6ba7f5d8420","lr_candidate_12","NOTEBOOK","02_Logistic_Regression_Experiments_MLflow_with_Evidence_Review.ipynb","sagemaker-user","FINISHED","100.0","","","balanced","","","","","","","","5","full","","","","","","","","","","","","","3000","","LogisticRegression","","","","","","","","","","","l2","","","","","1.0","253680","","","","","42","","","","","","","","","","","","","","","","","","","","","lbfgs","","","","","","","","","","","","","","","","","","","","","","","","","","","","","","","","","","","","","","","","","","","","","","","","","","","","","","","","0.7420888973123596","0.003099471652235283","0.4694853454425316","0.0027779873561020853","0.4298129886463302","0.004479917345148488","0.33935788169794534","0.0016587576048873098","0.7614908655489797","0.006889288605721885","0.8177370609427154","0.002291913404073632","","","","","","","","","","","","","","","","","","","","","","","","","","","","","","","","","","","","","","","","","","","","","","","","","","","","","","","","","","","","","","","","","","","","","","","","","","","","","","","","","","","","","","","","","","","","","","ITI113","26S1","team02","s203","team02","s203","diabetes","sagemaker_mlflow_app","arn:aws:sagemaker:ap-southeast-1:044528205969:mlflow-app/app-YHNC33FF6GPZ","20260822T022025Z","full","1.0","s3://nyp-26s1-iti113/iti113/team02/data/diabetes/cleaned/diabetes_binary_cleaned_dataset.csv","tuning_candidate","LogisticRegression","true","","","","","","","","","12","","","","","","","","","","balanced","","","","","","","","","","","","","","","","","","","","",""
"2026-08-22 10:41:05","3.6min","145e9a5e88c5437086c1b9ecc0c4d7f8","lr_candidate_11","NOTEBOOK","02_Logistic_Regression_Experiments_MLflow_with_Evidence_Review.ipynb","sagemaker-user","FINISHED","100.0","","","None","","","","","","","","5","full","","","","","","","","","","","","","3000","","LogisticRegression","","","","","","","","","","","l2","","","","","1.0","253680","","","","","42","","","","","","","","","","","","","","","","","","","","","lbfgs","","","","","","","","","","","","","","","","","","","","","","","","","","","","","","","","","","","","","","","","","","","","","","","","","","","","","","","","0.5778648655782875","0.002479428466775228","0.27553943238266465","0.00644350602583911","0.4312049927179486","0.004372887170161341","0.5515159781976962","0.0077200516871120855","0.1836657622597678","0.005126750160342248","0.8171914914709772","0.002197695357261157","","","","","","","","","","","","","","","","","","","","","","","","","","","","","","","","","","","","","","","","","","","","","","","","","","","","","","","","","","","","","","","","","","","","","","","","","","","","","","","","","","","","","","","","","","","","","","ITI113","26S1","team02","s203","team02","s203","diabetes","sagemaker_mlflow_app","arn:aws:sagemaker:ap-southeast-1:044528205969:mlflow-app/app-YHNC33FF6GPZ","20260822T022025Z","full","1.0","s3://nyp-26s1-iti113/iti113/team02/data/diabetes/cleaned/diabetes_binary_cleaned_dataset.csv","tuning_candidate","LogisticRegression","false","","","","","","","","","11","","","","","","","","","","balanced","","","","","","","","","","","","","","","","","","","","",""
"2026-08-22 10:40:05","59.8s","14b77751b9a4426f8e0b07745c82bc61","lr_candidate_10","NOTEBOOK","02_Logistic_Regression_Experiments_MLflow_with_Evidence_Review.ipynb","sagemaker-user","FINISHED","10.0","","","balanced","","","","","","","","5","full","","","","","","","","","","","","","3000","","LogisticRegression","","","","","","","","","","","l2","","","","","1.0","253680","","","","","42","","","","","","","","","","","","","","","","","","","","","lbfgs","","","","","","","","","","","","","","","","","","","","","","","","","","","","","","","","","","","","","","","","","","","","","","","","","","","","","","","","0.7420146599246084","0.0029550093992546634","0.4694086206878964","0.002622140132983499","0.4298036802421345","0.0044862705882082","0.33930269467633456","0.0015529070093201274","0.7613657873751211","0.006684316715176463","0.8177340268694759","0.0022906211387070333","","","","","","","","","","","","","","","","","","","","","","","","","","","","","","","","","","","","","","","","","","","","","","","","","","","","","","","","","","","","","","","","","","","","","","","","","","","","","","","","","","","","","","","","","","","","","","ITI113","26S1","team02","s203","team02","s203","diabetes","sagemaker_mlflow_app","arn:aws:sagemaker:ap-southeast-1:044528205969:mlflow-app/app-YHNC33FF6GPZ","20260822T022025Z","full","1.0","s3://nyp-26s1-iti113/iti113/team02/data/diabetes/cleaned/diabetes_binary_cleaned_dataset.csv","tuning_candidate","LogisticRegression","true","","","","","","","","","10","","","","","","","","","","balanced","","","","","","","","","","","","","","","","","","","","",""
"2026-08-22 10:37:31","2.6min","4b361afce34b4387b639022d9cb59be5","lr_candidate_09","NOTEBOOK","02_Logistic_Regression_Experiments_MLflow_with_Evidence_Review.ipynb","sagemaker-user","FINISHED","10.0","","","None","","","","","","","","5","full","","","","","","","","","","","","","3000","","LogisticRegression","","","","","","","","","","","l2","","","","","1.0","253680","","","","","42","","","","","","","","","","","","","","","","","","","","","lbfgs","","","","","","","","","","","","","","","","","","","","","","","","","","","","","","","","","","","","","","","","","","","","","","","","","","","","","","","","0.5776673795810753","0.0024472882458476852","0.275012528820047","0.0063469494944251555","0.4311910496422631","0.0043797778391286265","0.5517714671625202","0.008214697576666471","0.1831655033340656","0.0049403944038978395","0.8171910989468671","0.002188465157083259","","","","","","","","","","","","","","","","","","","","","","","","","","","","","","","","","","","","","","","","","","","","","","","","","","","","","","","","","","","","","","","","","","","","","","","","","","","","","","","","","","","","","","","","","","","","","","ITI113","26S1","team02","s203","team02","s203","diabetes","sagemaker_mlflow_app","arn:aws:sagemaker:ap-southeast-1:044528205969:mlflow-app/app-YHNC33FF6GPZ","20260822T022025Z","full","1.0","s3://nyp-26s1-iti113/iti113/team02/data/diabetes/cleaned/diabetes_binary_cleaned_dataset.csv","tuning_candidate","LogisticRegression","false","","","","","","","","","9","","","","","","","","","","balanced","","","","","","","","","","","","","","","","","","","","",""
"2026-08-22 10:36:43","47.4s","c8d205f7d90a447ebc9ba01414f9e9e7","lr_candidate_08","NOTEBOOK","02_Logistic_Regression_Experiments_MLflow_with_Evidence_Review.ipynb","sagemaker-user","FINISHED","1.0","","","balanced","","","","","","","","5","full","","","","","","","","","","","","","3000","","LogisticRegression","","","","","","","","","","","l2","","","","","1.0","253680","","","","","42","","","","","","","","","","","","","","","","","","","","","lbfgs","","","","","","","","","","","","","","","","","","","","","","","","","","","","","","","","","","","","","","","","","","","","","","","","","","","","","","","","0.7420683117299328","0.0030990732676045335","0.4694817038653573","0.0027735448473080386","0.42980947660501767","0.004488467218159494","0.3393726061891172","0.0016442074327959453","0.7613970520304282","0.006883826904796224","0.8177362079904912","0.002285937223190106","","","","","","","","","","","","","","","","","","","","","","","","","","","","","","","","","","","","","","","","","","","","","","","","","","","","","","","","","","","","","","","","","","","","","","","","","","","","","","","","","","","","","","","","","","","","","","ITI113","26S1","team02","s203","team02","s203","diabetes","sagemaker_mlflow_app","arn:aws:sagemaker:ap-southeast-1:044528205969:mlflow-app/app-YHNC33FF6GPZ","20260822T022025Z","full","1.0","s3://nyp-26s1-iti113/iti113/team02/data/diabetes/cleaned/diabetes_binary_cleaned_dataset.csv","tuning_candidate","LogisticRegression","true","","","","","","","","","8","","","","","","","","","","balanced","","","","","","","","","","","","","","","","","","","","",""
"2026-08-22 10:34:04","2.6min","447acb25c17d45cd9dcf476d6a53bb46","lr_candidate_07","NOTEBOOK","02_Logistic_Regression_Experiments_MLflow_with_Evidence_Review.ipynb","sagemaker-user","FINISHED","1.0","","","None","","","","","","","","5","full","","","","","","","","","","","","","3000","","LogisticRegression","","","","","","","","","","","l2","","","","","1.0","253680","","","","","42","","","","","","","","","","","","","","","","","","","","","lbfgs","","","","","","","","","","","","","","","","","","","","","","","","","","","","","","","","","","","","","","","","","","","","","","","","","","","","","","","","0.5778257332114525","0.002541600337834294","0.2754289477440563","0.00660263663709806","0.43118225522803694","0.0043818200055283875","0.5517538161304498","0.007953336290177715","0.18354070363853917","0.0052193877014198075","0.8171916991412822","0.002184734120351359","","","","","","","","","","","","","","","","","","","","","","","","","","","","","","","","","","","","","","","","","","","","","","","","","","","","","","","","","","","","","","","","","","","","","","","","","","","","","","","","","","","","","","","","","","","","","","ITI113","26S1","team02","s203","team02","s203","diabetes","sagemaker_mlflow_app","arn:aws:sagemaker:ap-southeast-1:044528205969:mlflow-app/app-YHNC33FF6GPZ","20260822T022025Z","full","1.0","s3://nyp-26s1-iti113/iti113/team02/data/diabetes/cleaned/diabetes_binary_cleaned_dataset.csv","tuning_candidate","LogisticRegression","false","","","","","","","","","7","","","","","","","","","","balanced","","","","","","","","","","","","","","","","","","","","",""
"2026-08-22 10:30:44","3.3min","d285419acd004cd49033c27801a59a70","lr_candidate_06","NOTEBOOK","02_Logistic_Regression_Experiments_MLflow_with_Evidence_Review.ipynb","sagemaker-user","FINISHED","0.1","","","balanced","","","","","","","","5","full","","","","","","","","","","","","","3000","","LogisticRegression","","","","","","","","","","","l2","","","","","1.0","253680","","","","","42","","","","","","","","","","","","","","","","","","","","","lbfgs","","","","","","","","","","","","","","","","","","","","","","","","","","","","","","","","","","","","","","","","","","","","","","","","","","","","","","","","0.7420329967419954","0.003061003346724508","0.4694840307161206","0.002742906393613595","0.4297963583870727","0.004480582259825821","0.3394125901358911","0.0016484614998842015","0.7612094347696402","0.0068388030937731855","0.8177441278393911","0.002280409258558035","","","","","","","","","","","","","","","","","","","","","","","","","","","","","","","","","","","","","","","","","","","","","","","","","","","","","","","","","","","","","","","","","","","","","","","","","","","","","","","","","","","","","","","","","","","","","","ITI113","26S1","team02","s203","team02","s203","diabetes","sagemaker_mlflow_app","arn:aws:sagemaker:ap-southeast-1:044528205969:mlflow-app/app-YHNC33FF6GPZ","20260822T022025Z","full","1.0","s3://nyp-26s1-iti113/iti113/team02/data/diabetes/cleaned/diabetes_binary_cleaned_dataset.csv","tuning_candidate","LogisticRegression","true","","","","","","","","","6","","","","","","","","","","balanced","","","","","","","","","","","","","","","","","","","","",""
"2026-08-22 10:29:54","49.4s","172f5e39887f44d6bfe48a8026a9a1f9","lr_candidate_05","NOTEBOOK","02_Logistic_Regression_Experiments_MLflow_with_Evidence_Review.ipynb","sagemaker-user","FINISHED","0.1","","","None","","","","","","","","5","full","","","","","","","","","","","","","3000","","LogisticRegression","","","","","","","","","","","l2","","","","","1.0","253680","","","","","42","","","","","","","","","","","","","","","","","","","","","lbfgs","","","","","","","","","","","","","","","","","","","","","","","","","","","","","","","","","","","","","","","","","","","","","","","","","","","","","","","","0.5776936939388916","0.002467578451640564","0.2750684425175167","0.0064096507976463424","0.4311531696665535","0.004382636467180066","0.5522494659082905","0.008209428283166892","0.18316548866959312","0.0050435888671587865","0.8172271555670745","0.0021720283712087806","","","","","","","","","","","","","","","","","","","","","","","","","","","","","","","","","","","","","","","","","","","","","","","","","","","","","","","","","","","","","","","","","","","","","","","","","","","","","","","","","","","","","","","","","","","","","","ITI113","26S1","team02","s203","team02","s203","diabetes","sagemaker_mlflow_app","arn:aws:sagemaker:ap-southeast-1:044528205969:mlflow-app/app-YHNC33FF6GPZ","20260822T022025Z","full","1.0","s3://nyp-26s1-iti113/iti113/team02/data/diabetes/cleaned/diabetes_binary_cleaned_dataset.csv","tuning_candidate","LogisticRegression","false","","","","","","","","","5","","","","","","","","","","balanced","","","","","","","","","","","","","","","","","","","","",""
"2026-08-22 10:26:39","3.3min","57b97df9b0764f638c87dadb83426f9d","lr_candidate_04","NOTEBOOK","02_Logistic_Regression_Experiments_MLflow_with_Evidence_Review.ipynb","sagemaker-user","FINISHED","0.01","","","balanced","","","","","","","","5","full","","","","","","","","","","","","","3000","","LogisticRegression","","","","","","","","","","","l2","","","","","1.0","253680","","","","","42","","","","","","","","","","","","","","","","","","","","","lbfgs","","","","","","","","","","","","","","","","","","","","","","","","","","","","","","","","","","","","","","","","","","","","","","","","","","","","","","","","0.7421939685331194","0.002659706989358396","0.4697062279924292","0.0023303564868561283","0.42959403845138117","0.004485294278858772","0.3396262355074738","0.0013801937186703802","0.7613032580645067","0.006176228300816152","0.8177401686144528","0.002252097270031167","","","","","","","","","","","","","","","","","","","","","","","","","","","","","","","","","","","","","","","","","","","","","","","","","","","","","","","","","","","","","","","","","","","","","","","","","","","","","","","","","","","","","","","","","","","","","","ITI113","26S1","team02","s203","team02","s203","diabetes","sagemaker_mlflow_app","arn:aws:sagemaker:ap-southeast-1:044528205969:mlflow-app/app-YHNC33FF6GPZ","20260822T022025Z","full","1.0","s3://nyp-26s1-iti113/iti113/team02/data/diabetes/cleaned/diabetes_binary_cleaned_dataset.csv","tuning_candidate","LogisticRegression","true","","","","","","","","","4","","","","","","","","","","balanced","","","","","","","","","","","","","","","","","","","","",""
"2026-08-22 10:25:51","47.3s","e9835f1c7e8c444a91fa42ae16cc1269","lr_candidate_03","NOTEBOOK","02_Logistic_Regression_Experiments_MLflow_with_Evidence_Review.ipynb","sagemaker-user","FINISHED","0.01","","","None","","","","","","","","5","full","","","","","","","","","","","","","3000","","LogisticRegression","","","","","","","","","","","l2","","","","","1.0","253680","","","","","42","","","","","","","","","","","","","","","","","","","","","lbfgs","","","","","","","","","","","","","","","","","","","","","","","","","","","","","","","","","","","","","","","","","","","","","","","","","","","","","","","","0.5766280189592832","0.0022588841814128154","0.27220045388942365","0.005894882013680225","0.4308592370804374","0.00441860804546994","0.5533881258248491","0.008323763336128392","0.18050770456719128","0.0045863841811255275","0.8172364114887973","0.0021326143603307523","","","","","","","","","","","","","","","","","","","","","","","","","","","","","","","","","","","","","","","","","","","","","","","","","","","","","","","","","","","","","","","","","","","","","","","","","","","","","","","","","","","","","","","","","","","","","","ITI113","26S1","team02","s203","team02","s203","diabetes","sagemaker_mlflow_app","arn:aws:sagemaker:ap-southeast-1:044528205969:mlflow-app/app-YHNC33FF6GPZ","20260822T022025Z","full","1.0","s3://nyp-26s1-iti113/iti113/team02/data/diabetes/cleaned/diabetes_binary_cleaned_dataset.csv","tuning_candidate","LogisticRegression","false","","","","","","","","","3","","","","","","","","","","balanced","","","","","","","","","","","","","","","","","","","","",""
"2026-08-22 10:24:20","1.5min","359dece8eeb04e529d81c7d66531513c","lr_candidate_02","NOTEBOOK","02_Logistic_Regression_Experiments_MLflow_with_Evidence_Review.ipynb","sagemaker-user","FINISHED","0.001","","","balanced","","","","","","","","5","full","","","","","","","","","","","","","3000","","LogisticRegression","","","","","","","","","","","l2","","","","","1.0","253680","","","","","42","","","","","","","","","","","","","","","","","","","","","lbfgs","","","","","","","","","","","","","","","","","","","","","","","","","","","","","","","","","","","","","","","","","","","","","","","","","","","","","","","","0.7423291962371119","0.002557015565010476","0.4699921037597411","0.0022397688781334336","0.4272485634299019","0.004580869263148244","0.33997500945928216","0.0013326663020706197","0.7610531310457342","0.005964052356899407","0.8170209163936738","0.0022427222957035167","","","","","","","","","","","","","","","","","","","","","","","","","","","","","","","","","","","","","","","","","","","","","","","","","","","","","","","","","","","","","","","","","","","","","","","","","","","","","","","","","","","","","","","","","","","","","","ITI113","26S1","team02","s203","team02","s203","diabetes","sagemaker_mlflow_app","arn:aws:sagemaker:ap-southeast-1:044528205969:mlflow-app/app-YHNC33FF6GPZ","20260822T022025Z","full","1.0","s3://nyp-26s1-iti113/iti113/team02/data/diabetes/cleaned/diabetes_binary_cleaned_dataset.csv","tuning_candidate","LogisticRegression","true","","","","","","","","","2","","","","","","","","","","balanced","","","","","","","","","","","","","","","","","","","","",""
"2026-08-22 10:21:54","2.4min","6a45de9888cb43fb814d40e1574bd5f1","lr_candidate_01","NOTEBOOK","02_Logistic_Regression_Experiments_MLflow_with_Evidence_Review.ipynb","sagemaker-user","FINISHED","0.001","","","None","","","","","","","","5","full","","","","","","","","","","","","","3000","","LogisticRegression","","","","","","","","","","","l2","","","","","1.0","253680","","","","","42","","","","","","","","","","","","","","","","","","","","","lbfgs","","","","","","","","","","","","","","","","","","","","","","","","","","","","","","","","","","","","","","","","","","","","","","","","","","","","","","","","0.5693217794859685","0.0016312043545705745","0.25208702168290165","0.004395307883785059","0.4276470843806644","0.004491953390609733","0.5556948109879578","0.0075398268983054954","0.1630290953887762","0.0032430685484242452","0.8165269684234573","0.0021533546949222006","","","","","","","","","","","","","","","","","","","","","","","","","","","","","","","","","","","","","","","","","","","","","","","","","","","","","","","","","","","","","","","","","","","","","","","","","","","","","","","","","","","","","","","","","","","","","","ITI113","26S1","team02","s203","team02","s203","diabetes","sagemaker_mlflow_app","arn:aws:sagemaker:ap-southeast-1:044528205969:mlflow-app/app-YHNC33FF6GPZ","20260822T022025Z","full","1.0","s3://nyp-26s1-iti113/iti113/team02/data/diabetes/cleaned/diabetes_binary_cleaned_dataset.csv","tuning_candidate","LogisticRegression","false","","","","","","","","","1","","","","","","","","","","balanced","","","","","","","","","","","","","","","","","","","","",""
"2026-08-22 10:21:54","25.3min","bfd6099558a5435baa3cb81d5542ad22","team02_s203_lr_tuning_parent","NOTEBOOK","02_Logistic_Regression_Experiments_MLflow_with_Evidence_Review.ipynb","sagemaker-user","FINISHED","","","","","","","","","","","","5","full","","","","","lowest_candidate_index","","","","","","","","","","","12","","","","","","","","","","","","","","cv_pr_auc_mean","1.0","253680","","","","","","","","","balanced","","","cv_roc_auc_mean","","","","","","","","","","","","","","","","","","","","","","","","","","","","","","","","","","","","","","","","","","","","","","","","","","","","","","","","","","","","","0.4298129886463302","0.8177370609427154","","","","","","","","","","","","","","","","","","","","","","","","","","","","","","","","","","","","","","","","","","","","","","","","","","","","","","","","","","","","","","","","","","","","","","","","","","","","","","","","","","","","","","","","","","","","","","","","","","","","","","","","","","","","","","","","","ITI113","26S1","team02","s203","team02","s203","diabetes","sagemaker_mlflow_app","arn:aws:sagemaker:ap-southeast-1:044528205969:mlflow-app/app-YHNC33FF6GPZ","20260822T022025Z","full","1.0","s3://nyp-26s1-iti113/iti113/team02/data/diabetes/cleaned/diabetes_binary_cleaned_dataset.csv","tuning_parent","LogisticRegression","false","","","","","","","","","","","","","","","","","","","","full_precision","lowest_candidate_index","balanced","","","","","","","","","","","","","","","","","",""
"2026-08-22 10:20:43","1.2min","8cd79917ef9842fe93be93e7ceb00f60","team02_s203_logistic_regression_baseline","NOTEBOOK","02_Logistic_Regression_Experiments_MLflow_with_Evidence_Review.ipynb","sagemaker-user","FINISHED","1.0","","","None","","","","","","","","5","full","s3://nyp-26s1-iti113/iti113/team02/data/diabetes/cleaned/diabetes_binary_cleaned_dataset.csv","","","","","","253680","","","","","","3000","","LogisticRegression","","","","","21","","","","","","l2","","","","","1.0","253680","","","","","42","","","","","","","","","","","","","","","","","","cv_pr_auc_mean","","","lbfgs","","","","","","","","0.2","50736","","","","","","","202944","","","","","","","","","","","","","","","","","","","","","","","","","","","","","","","","","","","","","","","","0.5778257332114525","0.002541600337834294","0.2754289477440563","0.00660263663709806","0.43118225522803694","0.0043818200055283875","0.5517538161304498","0.007953336290177715","0.18354070363853917","0.0052193877014198075","0.8171916991412822","0.002184734120351359","","","","","","","","","","","","","","","","","","","","","","","","","","","","","","","","","","","","","","","","","","","","","","","","","","","","","","","","","","","","","","","","","","","","","","","","","","","","","","","","","","","","","","","","","","","","","","ITI113","26S1","team02","s203","team02","s203","diabetes","sagemaker_mlflow_app","arn:aws:sagemaker:ap-southeast-1:044528205969:mlflow-app/app-YHNC33FF6GPZ","20260822T022025Z","full","1.0","s3://nyp-26s1-iti113/iti113/team02/data/diabetes/cleaned/diabetes_binary_cleaned_dataset.csv","baseline","LogisticRegression","false","","","","","","","","","","","","","","","","","","","","","","","","","","","","","","","","","","","","","","","",""
"2026-08-22 09:50:08","1.0s","ff7c9e8b56214810a7090d1fe7b8d800","team02_s201_best_model_xgb_handoff_1787363407","NOTEBOOK","S201_1552444F_03_sagemaker_pipeline_team02_best_model_xgboost.ipynb","sagemaker-user","FINISHED","","","70ed6579e57f4befa796aaf32d3d98c7","","","","","","","","","","","","","0.45","","","","","","7164a95aec8a48f680d93b0eb4ed4c85","","","","","","","","","","","","","","","","","","","","","","","","","","","","","ade5574c6ff6428a9e8b3b61a4f6537d","","","","","","","","","","","","","XGBoost","","","","","","","","","","","","","","","","","","","","","","781f704315d146ea8d2e7d60bf6c85f9","","","","0.9","aucpr","0.0","0.03","3","3.0","250","'-1","binary:logistic","42","0.05","5.0","3.0","0.85","hist","","","","","","","","","","","","","","","","","","","","","","","","","","","","","","","","","","","","","","","","","","","","","","","","","","","","","","","","","","","","","","","","","","","","","","","","","","","","","","","","","","","","","","","","","","","","","","","","","","","","","","","","","","","","","","","","","","","","","","","","","","","","","","","","ITI113","26S1","team02","s201","","","","","","","","","","mlops_best_model_handoff","","","","","","","","","","","","","","","","","","","","","","","","","diabetes-risk","best_model_integration","XGBoost","2026-08-14-xgb-v1","human_over_the_loop","","","","","","","","","","","","",""
"2026-08-22 07:34:06","10.4s","82bc9a4720e04a50ae942128305eb90d","team02_s203_final_logistic_regression","NOTEBOOK","02_Logistic_Regression_Experiments_MLflow_balanced_class_weight.ipynb","sagemaker-user","FINISHED","","","","","0.59","","","","","","","5","full","","","","","","","253680","","","","","","","","","","","","","21","","","","","","","","","","cv_pr_auc_mean","1.0","253680","","","test_auc_roc","0.75","","","","","","","","","","lr_candidate_12","74e8884c230349f3ad29021db15f54a2","","","","","LogisticRegression","","","","","","","","","","","","","","","","","","","f1","","4d0a1f65fd754905bb85a4459886cb10","","","","","","","","","","","","","","","","","","","","","","","","","","","","","","","","","","","","","","","","","","","","","","","","","","","","","","","","","","","","","0.46949279972239893","","","","","","","","","","","","","","","","","","","","","","","","0.59","0.4298129886463302","0.8177370609427154","","","0.7775938189845475","0.8175653787032819","","0.7284378313760622","","","","0.4820051413881748","","","","2745","0.3433395872420263","8539","0.1997847500058492","0.432748857681164","0.38073826963521645","0.6566604127579737","","0.8002152499941508","34202","5250","","","0.4827095456162701","0.7781210580258594","0.8179017640222778","0.729306827425273","","0.4831322673584408","","10937","0.3419736101557126","34092","0.1994127349937413","0.42980807487012934","0.381685619456989","0.6580263898442874","0.8005872650062587","136870","21045","","","","","","","","true","","","","","","","","ITI113","26S1","team02","s203","team02","s203","diabetes","sagemaker_mlflow_app","arn:aws:sagemaker:ap-southeast-1:044528205969:mlflow-app/app-YHNC33FF6GPZ","20260821T232057Z","full","1.0","s3://nyp-26s1-iti113/iti113/team02/data/diabetes/cleaned/diabetes_binary_cleaned_dataset.csv","final_holdout_evaluation","LogisticRegression","false","74e8884c230349f3ad29021db15f54a2","lr_candidate_12","","","","","","","","","required","subgroup_error_rate_analysis_equivalent","logistic_regression_coefficients_and_odds_ratios","200","true","Sex,Age,Education,Income","bootstrap_ci_and_threshold_sensitivity","true","","","","","","","","","","","","","","","","","","","","","",""
"2026-08-22 07:32:39","1.5s","4d0a1f65fd754905bb85a4459886cb10","team02_s203_lr_threshold_tuning","NOTEBOOK","02_Logistic_Regression_Experiments_MLflow_balanced_class_weight.ipynb","sagemaker-user","FINISHED","","","","","","","","","","","","5","full","","","","","","","","","","","","","","","","","","","","","","","91","","","","","","","","1.0","253680","","","","","","","","","","","","","100.0","","","balanced","","","","","","","","","","","","","","","","","","","","","0.95","0.05","f1","0.01","","","","","","","","","","","","","","","","","","","","","","","","","","","","","","","","","","","","","","","","","","","","","","","","","","","","","","0.7420888757389679","0.46949279972239893","0.23850916140328934","0.27731308711877495","0.3393623543838136","0.7614908385967106","0.7226869128812251","0.5","","","","","","","","0.728980646431472","0.4827095456162701","0.34247389156400476","0.19956481557305134","0.38132627341469166","0.6575261084359952","0.8004351844269487","0.59","","","","","","","","","","","","","","","","","","","","","","","","","","","","","","","","","","","","","","","","","","","","","","","","","","","","","","","","","","","","","","","","","","","","","","","ITI113","26S1","team02","s203","team02","s203","diabetes","sagemaker_mlflow_app","arn:aws:sagemaker:ap-southeast-1:044528205969:mlflow-app/app-YHNC33FF6GPZ","20260821T232057Z","full","1.0","s3://nyp-26s1-iti113/iti113/team02/data/diabetes/cleaned/diabetes_binary_cleaned_dataset.csv","threshold_tuning","LogisticRegression","false","74e8884c230349f3ad29021db15f54a2","","","","","","","","","","","","","","","","","","","","","","","","","","","","","","","","","","","","","","",""
"2026-08-22 07:29:23","33.5s","74e8884c230349f3ad29021db15f54a2","lr_candidate_12","NOTEBOOK","02_Logistic_Regression_Experiments_MLflow_balanced_class_weight.ipynb","sagemaker-user","FINISHED","100.0","","","balanced","","","","","","","","5","full","","","","","","","","","","","","","3000","","LogisticRegression","","","","","","","","","","","l2","","","","","1.0","253680","","","","","42","","","","","","","","","","","","","","","","","","","","","lbfgs","","","","","","","","","","","","","","","","","","","","","","","","","","","","","","","","","","","","","","","","","","","","","","","","","","","","","","","","0.7420888973123596","0.003099471652235283","0.4694853454425316","0.0027779873561020853","0.4298129886463302","0.004479917345148488","0.33935788169794534","0.0016587576048873098","0.7614908655489797","0.006889288605721885","0.8177370609427154","0.002291913404073632","","","","","","","","","","","","","","","","","","","","","","","","","","","","","","","","","","","","","","","","","","","","","","","","","","","","","","","","","","","","","","","","","","","","","","","","","","","","","","","","","","","","","","","","","","","","","","ITI113","26S1","team02","s203","team02","s203","diabetes","sagemaker_mlflow_app","arn:aws:sagemaker:ap-southeast-1:044528205969:mlflow-app/app-YHNC33FF6GPZ","20260821T232057Z","full","1.0","s3://nyp-26s1-iti113/iti113/team02/data/diabetes/cleaned/diabetes_binary_cleaned_dataset.csv","tuning_candidate","LogisticRegression","true","","","","","","","","","12","","","","","","","","","","balanced","","","","","","","","","","","","","","","","","","","","",""
"2026-08-22 07:28:49","33.9s","60b2896293c944bda98133322900be4f","lr_candidate_11","NOTEBOOK","02_Logistic_Regression_Experiments_MLflow_balanced_class_weight.ipynb","sagemaker-user","FINISHED","100.0","","","None","","","","","","","","5","full","","","","","","","","","","","","","3000","","LogisticRegression","","","","","","","","","","","l2","","","","","1.0","253680","","","","","42","","","","","","","","","","","","","","","","","","","","","lbfgs","","","","","","","","","","","","","","","","","","","","","","","","","","","","","","","","","","","","","","","","","","","","","","","","","","","","","","","","0.5778648655782875","0.002479428466775228","0.27553943238266465","0.00644350602583911","0.4312049927179486","0.004372887170161341","0.5515159781976962","0.0077200516871120855","0.1836657622597678","0.005126750160342248","0.8171914914709772","0.002197695357261157","","","","","","","","","","","","","","","","","","","","","","","","","","","","","","","","","","","","","","","","","","","","","","","","","","","","","","","","","","","","","","","","","","","","","","","","","","","","","","","","","","","","","","","","","","","","","","ITI113","26S1","team02","s203","team02","s203","diabetes","sagemaker_mlflow_app","arn:aws:sagemaker:ap-southeast-1:044528205969:mlflow-app/app-YHNC33FF6GPZ","20260821T232057Z","full","1.0","s3://nyp-26s1-iti113/iti113/team02/data/diabetes/cleaned/diabetes_binary_cleaned_dataset.csv","tuning_candidate","LogisticRegression","false","","","","","","","","","11","","","","","","","","","","balanced","","","","","","","","","","","","","","","","","","","","",""
"2026-08-22 07:28:15","34.3s","8043f42f3c7f40e292c71010a7e9ab99","lr_candidate_10","NOTEBOOK","02_Logistic_Regression_Experiments_MLflow_balanced_class_weight.ipynb","sagemaker-user","FINISHED","10.0","","","balanced","","","","","","","","5","full","","","","","","","","","","","","","3000","","LogisticRegression","","","","","","","","","","","l2","","","","","1.0","253680","","","","","42","","","","","","","","","","","","","","","","","","","","","lbfgs","","","","","","","","","","","","","","","","","","","","","","","","","","","","","","","","","","","","","","","","","","","","","","","","","","","","","","","","0.7420146599246084","0.0029550093992546634","0.4694086206878964","0.002622140132983499","0.4298036802421345","0.0044862705882082","0.33930269467633456","0.0015529070093201274","0.7613657873751211","0.006684316715176463","0.8177340268694759","0.0022906211387070333","","","","","","","","","","","","","","","","","","","","","","","","","","","","","","","","","","","","","","","","","","","","","","","","","","","","","","","","","","","","","","","","","","","","","","","","","","","","","","","","","","","","","","","","","","","","","","ITI113","26S1","team02","s203","team02","s203","diabetes","sagemaker_mlflow_app","arn:aws:sagemaker:ap-southeast-1:044528205969:mlflow-app/app-YHNC33FF6GPZ","20260821T232057Z","full","1.0","s3://nyp-26s1-iti113/iti113/team02/data/diabetes/cleaned/diabetes_binary_cleaned_dataset.csv","tuning_candidate","LogisticRegression","true","","","","","","","","","10","","","","","","","","","","balanced","","","","","","","","","","","","","","","","","","","","",""
"2026-08-22 07:27:38","36.3s","faa6ad88e39d4d50bc73c0adc2e116cf","lr_candidate_09","NOTEBOOK","02_Logistic_Regression_Experiments_MLflow_balanced_class_weight.ipynb","sagemaker-user","FINISHED","10.0","","","None","","","","","","","","5","full","","","","","","","","","","","","","3000","","LogisticRegression","","","","","","","","","","","l2","","","","","1.0","253680","","","","","42","","","","","","","","","","","","","","","","","","","","","lbfgs","","","","","","","","","","","","","","","","","","","","","","","","","","","","","","","","","","","","","","","","","","","","","","","","","","","","","","","","0.5776673795810753","0.0024472882458476852","0.275012528820047","0.0063469494944251555","0.4311910496422631","0.0043797778391286265","0.5517714671625202","0.008214697576666471","0.1831655033340656","0.0049403944038978395","0.8171910989468671","0.002188465157083259","","","","","","","","","","","","","","","","","","","","","","","","","","","","","","","","","","","","","","","","","","","","","","","","","","","","","","","","","","","","","","","","","","","","","","","","","","","","","","","","","","","","","","","","","","","","","","ITI113","26S1","team02","s203","team02","s203","diabetes","sagemaker_mlflow_app","arn:aws:sagemaker:ap-southeast-1:044528205969:mlflow-app/app-YHNC33FF6GPZ","20260821T232057Z","full","1.0","s3://nyp-26s1-iti113/iti113/team02/data/diabetes/cleaned/diabetes_binary_cleaned_dataset.csv","tuning_candidate","LogisticRegression","false","","","","","","","","","9","","","","","","","","","","balanced","","","","","","","","","","","","","","","","","","","","",""
"2026-08-22 07:27:04","34.3s","28b32805aaa5496a88bb59933d1df52e","lr_candidate_08","NOTEBOOK","02_Logistic_Regression_Experiments_MLflow_balanced_class_weight.ipynb","sagemaker-user","FINISHED","1.0","","","balanced","","","","","","","","5","full","","","","","","","","","","","","","3000","","LogisticRegression","","","","","","","","","","","l2","","","","","1.0","253680","","","","","42","","","","","","","","","","","","","","","","","","","","","lbfgs","","","","","","","","","","","","","","","","","","","","","","","","","","","","","","","","","","","","","","","","","","","","","","","","","","","","","","","","0.7420683117299328","0.0030990732676045335","0.4694817038653573","0.0027735448473080386","0.42980947660501767","0.004488467218159494","0.3393726061891172","0.0016442074327959453","0.7613970520304282","0.006883826904796224","0.8177362079904912","0.002285937223190106","","","","","","","","","","","","","","","","","","","","","","","","","","","","","","","","","","","","","","","","","","","","","","","","","","","","","","","","","","","","","","","","","","","","","","","","","","","","","","","","","","","","","","","","","","","","","","ITI113","26S1","team02","s203","team02","s203","diabetes","sagemaker_mlflow_app","arn:aws:sagemaker:ap-southeast-1:044528205969:mlflow-app/app-YHNC33FF6GPZ","20260821T232057Z","full","1.0","s3://nyp-26s1-iti113/iti113/team02/data/diabetes/cleaned/diabetes_binary_cleaned_dataset.csv","tuning_candidate","LogisticRegression","true","","","","","","","","","8","","","","","","","","","","balanced","","","","","","","","","","","","","","","","","","","","",""
"2026-08-22 07:26:28","34.8s","3a19e3aecbc94330a9ba615fac376527","lr_candidate_07","NOTEBOOK","02_Logistic_Regression_Experiments_MLflow_balanced_class_weight.ipynb","sagemaker-user","FINISHED","1.0","","","None","","","","","","","","5","full","","","","","","","","","","","","","3000","","LogisticRegression","","","","","","","","","","","l2","","","","","1.0","253680","","","","","42","","","","","","","","","","","","","","","","","","","","","lbfgs","","","","","","","","","","","","","","","","","","","","","","","","","","","","","","","","","","","","","","","","","","","","","","","","","","","","","","","","0.5778257332114525","0.002541600337834294","0.2754289477440563","0.00660263663709806","0.43118225522803694","0.0043818200055283875","0.5517538161304498","0.007953336290177715","0.18354070363853917","0.0052193877014198075","0.8171916991412822","0.002184734120351359","","","","","","","","","","","","","","","","","","","","","","","","","","","","","","","","","","","","","","","","","","","","","","","","","","","","","","","","","","","","","","","","","","","","","","","","","","","","","","","","","","","","","","","","","","","","","","ITI113","26S1","team02","s203","team02","s203","diabetes","sagemaker_mlflow_app","arn:aws:sagemaker:ap-southeast-1:044528205969:mlflow-app/app-YHNC33FF6GPZ","20260821T232057Z","full","1.0","s3://nyp-26s1-iti113/iti113/team02/data/diabetes/cleaned/diabetes_binary_cleaned_dataset.csv","tuning_candidate","LogisticRegression","false","","","","","","","","","7","","","","","","","","","","balanced","","","","","","","","","","","","","","","","","","","","",""
"2026-08-22 07:25:53","35.5s","5afafade8b6e46be8643971bbeafd6ec","lr_candidate_06","NOTEBOOK","02_Logistic_Regression_Experiments_MLflow_balanced_class_weight.ipynb","sagemaker-user","FINISHED","0.1","","","balanced","","","","","","","","5","full","","","","","","","","","","","","","3000","","LogisticRegression","","","","","","","","","","","l2","","","","","1.0","253680","","","","","42","","","","","","","","","","","","","","","","","","","","","lbfgs","","","","","","","","","","","","","","","","","","","","","","","","","","","","","","","","","","","","","","","","","","","","","","","","","","","","","","","","0.7420329967419954","0.003061003346724508","0.4694840307161206","0.002742906393613595","0.4297963583870727","0.004480582259825821","0.3394125901358911","0.0016484614998842015","0.7612094347696402","0.0068388030937731855","0.8177441278393911","0.002280409258558035","","","","","","","","","","","","","","","","","","","","","","","","","","","","","","","","","","","","","","","","","","","","","","","","","","","","","","","","","","","","","","","","","","","","","","","","","","","","","","","","","","","","","","","","","","","","","","ITI113","26S1","team02","s203","team02","s203","diabetes","sagemaker_mlflow_app","arn:aws:sagemaker:ap-southeast-1:044528205969:mlflow-app/app-YHNC33FF6GPZ","20260821T232057Z","full","1.0","s3://nyp-26s1-iti113/iti113/team02/data/diabetes/cleaned/diabetes_binary_cleaned_dataset.csv","tuning_candidate","LogisticRegression","true","","","","","","","","","6","","","","","","","","","","balanced","","","","","","","","","","","","","","","","","","","","",""
"2026-08-22 07:25:19","33.2s","459f627d400e477eac575aec83def2b5","lr_candidate_05","NOTEBOOK","02_Logistic_Regression_Experiments_MLflow_balanced_class_weight.ipynb","sagemaker-user","FINISHED","0.1","","","None","","","","","","","","5","full","","","","","","","","","","","","","3000","","LogisticRegression","","","","","","","","","","","l2","","","","","1.0","253680","","","","","42","","","","","","","","","","","","","","","","","","","","","lbfgs","","","","","","","","","","","","","","","","","","","","","","","","","","","","","","","","","","","","","","","","","","","","","","","","","","","","","","","","0.5776936939388916","0.002467578451640564","0.2750684425175167","0.0064096507976463424","0.4311531696665535","0.004382636467180066","0.5522494659082905","0.008209428283166892","0.18316548866959312","0.0050435888671587865","0.8172271555670745","0.0021720283712087806","","","","","","","","","","","","","","","","","","","","","","","","","","","","","","","","","","","","","","","","","","","","","","","","","","","","","","","","","","","","","","","","","","","","","","","","","","","","","","","","","","","","","","","","","","","","","","ITI113","26S1","team02","s203","team02","s203","diabetes","sagemaker_mlflow_app","arn:aws:sagemaker:ap-southeast-1:044528205969:mlflow-app/app-YHNC33FF6GPZ","20260821T232057Z","full","1.0","s3://nyp-26s1-iti113/iti113/team02/data/diabetes/cleaned/diabetes_binary_cleaned_dataset.csv","tuning_candidate","LogisticRegression","false","","","","","","","","","5","","","","","","","","","","balanced","","","","","","","","","","","","","","","","","","","","",""
"2026-08-22 07:24:45","34.3s","dd7b3af832be4f328f5e438a1ce6621a","lr_candidate_04","NOTEBOOK","02_Logistic_Regression_Experiments_MLflow_balanced_class_weight.ipynb","sagemaker-user","FINISHED","0.01","","","balanced","","","","","","","","5","full","","","","","","","","","","","","","3000","","LogisticRegression","","","","","","","","","","","l2","","","","","1.0","253680","","","","","42","","","","","","","","","","","","","","","","","","","","","lbfgs","","","","","","","","","","","","","","","","","","","","","","","","","","","","","","","","","","","","","","","","","","","","","","","","","","","","","","","","0.7421939685331194","0.002659706989358396","0.4697062279924292","0.0023303564868561283","0.42959403845138117","0.004485294278858772","0.3396262355074738","0.0013801937186703802","0.7613032580645067","0.006176228300816152","0.8177401686144528","0.002252097270031167","","","","","","","","","","","","","","","","","","","","","","","","","","","","","","","","","","","","","","","","","","","","","","","","","","","","","","","","","","","","","","","","","","","","","","","","","","","","","","","","","","","","","","","","","","","","","","ITI113","26S1","team02","s203","team02","s203","diabetes","sagemaker_mlflow_app","arn:aws:sagemaker:ap-southeast-1:044528205969:mlflow-app/app-YHNC33FF6GPZ","20260821T232057Z","full","1.0","s3://nyp-26s1-iti113/iti113/team02/data/diabetes/cleaned/diabetes_binary_cleaned_dataset.csv","tuning_candidate","LogisticRegression","true","","","","","","","","","4","","","","","","","","","","balanced","","","","","","","","","","","","","","","","","","","","",""
"2026-08-22 07:24:13","32.0s","2b6d51a4bedf49bba1d1afc46e768cee","lr_candidate_03","NOTEBOOK","02_Logistic_Regression_Experiments_MLflow_balanced_class_weight.ipynb","sagemaker-user","FINISHED","0.01","","","None","","","","","","","","5","full","","","","","","","","","","","","","3000","","LogisticRegression","","","","","","","","","","","l2","","","","","1.0","253680","","","","","42","","","","","","","","","","","","","","","","","","","","","lbfgs","","","","","","","","","","","","","","","","","","","","","","","","","","","","","","","","","","","","","","","","","","","","","","","","","","","","","","","","0.5766280189592832","0.0022588841814128154","0.27220045388942365","0.005894882013680225","0.4308592370804374","0.00441860804546994","0.5533881258248491","0.008323763336128392","0.18050770456719128","0.0045863841811255275","0.8172364114887973","0.0021326143603307523","","","","","","","","","","","","","","","","","","","","","","","","","","","","","","","","","","","","","","","","","","","","","","","","","","","","","","","","","","","","","","","","","","","","","","","","","","","","","","","","","","","","","","","","","","","","","","ITI113","26S1","team02","s203","team02","s203","diabetes","sagemaker_mlflow_app","arn:aws:sagemaker:ap-southeast-1:044528205969:mlflow-app/app-YHNC33FF6GPZ","20260821T232057Z","full","1.0","s3://nyp-26s1-iti113/iti113/team02/data/diabetes/cleaned/diabetes_binary_cleaned_dataset.csv","tuning_candidate","LogisticRegression","false","","","","","","","","","3","","","","","","","","","","balanced","","","","","","","","","","","","","","","","","","","","",""
"2026-08-22 07:23:44","28.5s","4c706e5f0fd3469eabb850704de5b3f1","lr_candidate_02","NOTEBOOK","02_Logistic_Regression_Experiments_MLflow_balanced_class_weight.ipynb","sagemaker-user","FINISHED","0.001","","","balanced","","","","","","","","5","full","","","","","","","","","","","","","3000","","LogisticRegression","","","","","","","","","","","l2","","","","","1.0","253680","","","","","42","","","","","","","","","","","","","","","","","","","","","lbfgs","","","","","","","","","","","","","","","","","","","","","","","","","","","","","","","","","","","","","","","","","","","","","","","","","","","","","","","","0.7423291962371119","0.002557015565010476","0.4699921037597411","0.0022397688781334336","0.4272485634299019","0.004580869263148244","0.33997500945928216","0.0013326663020706197","0.7610531310457342","0.005964052356899407","0.8170209163936738","0.0022427222957035167","","","","","","","","","","","","","","","","","","","","","","","","","","","","","","","","","","","","","","","","","","","","","","","","","","","","","","","","","","","","","","","","","","","","","","","","","","","","","","","","","","","","","","","","","","","","","","ITI113","26S1","team02","s203","team02","s203","diabetes","sagemaker_mlflow_app","arn:aws:sagemaker:ap-southeast-1:044528205969:mlflow-app/app-YHNC33FF6GPZ","20260821T232057Z","full","1.0","s3://nyp-26s1-iti113/iti113/team02/data/diabetes/cleaned/diabetes_binary_cleaned_dataset.csv","tuning_candidate","LogisticRegression","true","","","","","","","","","2","","","","","","","","","","balanced","","","","","","","","","","","","","","","","","","","","",""
"2026-08-22 07:23:19","25.1s","0253a9a344e944f780c2642748d8fbe8","lr_candidate_01","NOTEBOOK","02_Logistic_Regression_Experiments_MLflow_balanced_class_weight.ipynb","sagemaker-user","FINISHED","0.001","","","None","","","","","","","","5","full","","","","","","","","","","","","","3000","","LogisticRegression","","","","","","","","","","","l2","","","","","1.0","253680","","","","","42","","","","","","","","","","","","","","","","","","","","","lbfgs","","","","","","","","","","","","","","","","","","","","","","","","","","","","","","","","","","","","","","","","","","","","","","","","","","","","","","","","0.5693217794859685","0.0016312043545705745","0.25208702168290165","0.004395307883785059","0.4276470843806644","0.004491953390609733","0.5556948109879578","0.0075398268983054954","0.1630290953887762","0.0032430685484242452","0.8165269684234573","0.0021533546949222006","","","","","","","","","","","","","","","","","","","","","","","","","","","","","","","","","","","","","","","","","","","","","","","","","","","","","","","","","","","","","","","","","","","","","","","","","","","","","","","","","","","","","","","","","","","","","","ITI113","26S1","team02","s203","team02","s203","diabetes","sagemaker_mlflow_app","arn:aws:sagemaker:ap-southeast-1:044528205969:mlflow-app/app-YHNC33FF6GPZ","20260821T232057Z","full","1.0","s3://nyp-26s1-iti113/iti113/team02/data/diabetes/cleaned/diabetes_binary_cleaned_dataset.csv","tuning_candidate","LogisticRegression","false","","","","","","","","","1","","","","","","","","","","balanced","","","","","","","","","","","","","","","","","","","","",""
"2026-08-22 07:23:18","6.6min","ff32fba466ad4531b0c900487634b506","team02_s203_lr_tuning_parent","NOTEBOOK","02_Logistic_Regression_Experiments_MLflow_balanced_class_weight.ipynb","sagemaker-user","FINISHED","","","","","","","","","","","","5","full","","","","","lowest_candidate_index","","","","","","","","","","","12","","","","","","","","","","","","","","cv_pr_auc_mean","1.0","253680","","","","","","","","","balanced","","","cv_roc_auc_mean","","","","","","","","","","","","","","","","","","","","","","","","","","","","","","","","","","","","","","","","","","","","","","","","","","","","","","","","","","","","","0.4298129886463302","0.8177370609427154","","","","","","","","","","","","","","","","","","","","","","","","","","","","","","","","","","","","","","","","","","","","","","","","","","","","","","","","","","","","","","","","","","","","","","","","","","","","","","","","","","","","","","","","","","","","","","","","","","","","","","","","","","","","","","","","","ITI113","26S1","team02","s203","team02","s203","diabetes","sagemaker_mlflow_app","arn:aws:sagemaker:ap-southeast-1:044528205969:mlflow-app/app-YHNC33FF6GPZ","20260821T232057Z","full","1.0","s3://nyp-26s1-iti113/iti113/team02/data/diabetes/cleaned/diabetes_binary_cleaned_dataset.csv","tuning_parent","LogisticRegression","false","","","","","","","","","","","","","","","","","","","","full_precision","lowest_candidate_index","balanced","","","","","","","","","","","","","","","","","",""
"2026-08-22 07:21:54","46.1s","3989ca27549e4281bc80cabdc0cddc8a","team02_s203_logistic_regression_baseline","NOTEBOOK","02_Logistic_Regression_Experiments_MLflow_balanced_class_weight.ipynb","sagemaker-user","FINISHED","1.0","","","None","","","","","","","","5","full","s3://nyp-26s1-iti113/iti113/team02/data/diabetes/cleaned/diabetes_binary_cleaned_dataset.csv","","","","","","253680","","","","","","3000","","LogisticRegression","","","","","21","","","","","","l2","","","","","1.0","253680","","","","","42","","","","","","","","","","","","","","","","","","cv_pr_auc_mean","","","lbfgs","","","","","","","","0.2","50736","","","","","","","202944","","","","","","","","","","","","","","","","","","","","","","","","","","","","","","","","","","","","","","","","0.5778257332114525","0.002541600337834294","0.2754289477440563","0.00660263663709806","0.43118225522803694","0.0043818200055283875","0.5517538161304498","0.007953336290177715","0.18354070363853917","0.0052193877014198075","0.8171916991412822","0.002184734120351359","","","","","","","","","","","","","","","","","","","","","","","","","","","","","","","","","","","","","","","","","","","","","","","","","","","","","","","","","","","","","","","","","","","","","","","","","","","","","","","","","","","","","","","","","","","","","","ITI113","26S1","team02","s203","team02","s203","diabetes","sagemaker_mlflow_app","arn:aws:sagemaker:ap-southeast-1:044528205969:mlflow-app/app-YHNC33FF6GPZ","20260821T232057Z","full","1.0","s3://nyp-26s1-iti113/iti113/team02/data/diabetes/cleaned/diabetes_binary_cleaned_dataset.csv","baseline","LogisticRegression","false","","","","","","","","","","","","","","","","","","","","","","","","","","","","","","","","","","","","","","","",""
"2026-08-21 20:35:07","9.2s","5f373c571c2a496f9b488c8c55e44fed","team02_s203_final_logistic_regression","NOTEBOOK","02_Logistic_Regression_Experiments_MLflow_balanced_class_weight.ipynb","sagemaker-user","FINISHED","","","","","0.59","","","","","","","5","full","","","","","","","253680","","","","","","","","","","","","","21","","","","","","","","","","cv_pr_auc_mean","1.0","253680","","","test_auc_roc","0.75","","","","","","","","","","lr_candidate_12","d9c1a2645a2f46168c327de89ccb9506","","","","","LogisticRegression","","","","","","","","","","","","","","","","","","","f1","","815f84fdaf7846d9ab89799ef9bdc435","","","","","","","","","","","","","","","","","","","","","","","","","","","","","","","","","","","","","","","","","","","","","","","","","","","","","","","","","","","","","0.46949279972239893","","","","","","","","","","","","","","","","","","","","","","","","0.59","0.4298129886463302","0.8177370609427154","","","0.7775938189845475","0.8175653787032819","","0.7284378313760622","","","","0.4820051413881748","","","","2745","0.3433395872420263","8539","0.1997847500058492","0.432748857681164","0.38073826963521645","0.6566604127579737","","0.8002152499941508","34202","5250","","","0.4827095456162701","0.7781210580258594","0.8179017640222778","0.729306827425273","","0.4831322673584408","","10937","0.3419736101557126","34092","0.1994127349937413","0.42980807487012934","0.381685619456989","0.6580263898442874","0.8005872650062587","136870","21045","","","","","","","","true","","","","","","","","ITI113","26S1","team02","s203","team02","s203","diabetes","sagemaker_mlflow_app","arn:aws:sagemaker:ap-southeast-1:044528205969:mlflow-app/app-YHNC33FF6GPZ","20260821T122706Z","full","1.0","s3://nyp-26s1-iti113/iti113/team02/data/diabetes/cleaned/diabetes_binary_cleaned_dataset.csv","final_holdout_evaluation","LogisticRegression","false","d9c1a2645a2f46168c327de89ccb9506","lr_candidate_12","","","","","","","","","required","subgroup_error_rate_analysis_equivalent","logistic_regression_coefficients_and_odds_ratios","200","true","Sex,Age,Education,Income","bootstrap_ci_and_threshold_sensitivity","true","","","","","","","","","","","","","","","","","","","","","",""
"2026-08-21 20:34:56","1.2s","815f84fdaf7846d9ab89799ef9bdc435","team02_s203_lr_threshold_tuning","NOTEBOOK","02_Logistic_Regression_Experiments_MLflow_balanced_class_weight.ipynb","sagemaker-user","FINISHED","","","","","","","","","","","","5","full","","","","","","","","","","","","","","","","","","","","","","","91","","","","","","","","1.0","253680","","","","","","","","","","","","","100.0","","","balanced","","","","","","","","","","","","","","","","","","","","","0.95","0.05","f1","0.01","","","","","","","","","","","","","","","","","","","","","","","","","","","","","","","","","","","","","","","","","","","","","","","","","","","","","","0.7420888757389679","0.46949279972239893","0.23850916140328934","0.27731308711877495","0.3393623543838136","0.7614908385967106","0.7226869128812251","0.5","","","","","","","","0.728980646431472","0.4827095456162701","0.34247389156400476","0.19956481557305134","0.38132627341469166","0.6575261084359952","0.8004351844269487","0.59","","","","","","","","","","","","","","","","","","","","","","","","","","","","","","","","","","","","","","","","","","","","","","","","","","","","","","","","","","","","","","","","","","","","","","","ITI113","26S1","team02","s203","team02","s203","diabetes","sagemaker_mlflow_app","arn:aws:sagemaker:ap-southeast-1:044528205969:mlflow-app/app-YHNC33FF6GPZ","20260821T122706Z","full","1.0","s3://nyp-26s1-iti113/iti113/team02/data/diabetes/cleaned/diabetes_binary_cleaned_dataset.csv","threshold_tuning","LogisticRegression","false","d9c1a2645a2f46168c327de89ccb9506","","","","","","","","","","","","","","","","","","","","","","","","","","","","","","","","","","","","","","",""
"2026-08-21 20:33:47","32.7s","d9c1a2645a2f46168c327de89ccb9506","lr_candidate_12","NOTEBOOK","02_Logistic_Regression_Experiments_MLflow_balanced_class_weight.ipynb","sagemaker-user","FINISHED","100.0","","","balanced","","","","","","","","5","full","","","","","","","","","","","","","3000","","LogisticRegression","","","","","","","","","","","l2","","","","","1.0","253680","","","","","42","","","","","","","","","","","","","","","","","","","","","lbfgs","","","","","","","","","","","","","","","","","","","","","","","","","","","","","","","","","","","","","","","","","","","","","","","","","","","","","","","","0.7420888973123596","0.003099471652235283","0.4694853454425316","0.0027779873561020853","0.4298129886463302","0.004479917345148488","0.33935788169794534","0.0016587576048873098","0.7614908655489797","0.006889288605721885","0.8177370609427154","0.002291913404073632","","","","","","","","","","","","","","","","","","","","","","","","","","","","","","","","","","","","","","","","","","","","","","","","","","","","","","","","","","","","","","","","","","","","","","","","","","","","","","","","","","","","","","","","","","","","","","ITI113","26S1","team02","s203","team02","s203","diabetes","sagemaker_mlflow_app","arn:aws:sagemaker:ap-southeast-1:044528205969:mlflow-app/app-YHNC33FF6GPZ","20260821T122706Z","full","1.0","s3://nyp-26s1-iti113/iti113/team02/data/diabetes/cleaned/diabetes_binary_cleaned_dataset.csv","tuning_candidate","LogisticRegression","true","","","","","","","","","12","","","","","","","","","","balanced","","","","","","","","","","","","","","","","","","","","",""
"2026-08-21 20:33:14","33.0s","334c63a0b81f43de940b6cf491063108","lr_candidate_11","NOTEBOOK","02_Logistic_Regression_Experiments_MLflow_balanced_class_weight.ipynb","sagemaker-user","FINISHED","100.0","","","None","","","","","","","","5","full","","","","","","","","","","","","","3000","","LogisticRegression","","","","","","","","","","","l2","","","","","1.0","253680","","","","","42","","","","","","","","","","","","","","","","","","","","","lbfgs","","","","","","","","","","","","","","","","","","","","","","","","","","","","","","","","","","","","","","","","","","","","","","","","","","","","","","","","0.5778648655782875","0.002479428466775228","0.27553943238266465","0.00644350602583911","0.4312049927179486","0.004372887170161341","0.5515159781976962","0.0077200516871120855","0.1836657622597678","0.005126750160342248","0.8171914914709772","0.002197695357261157","","","","","","","","","","","","","","","","","","","","","","","","","","","","","","","","","","","","","","","","","","","","","","","","","","","","","","","","","","","","","","","","","","","","","","","","","","","","","","","","","","","","","","","","","","","","","","ITI113","26S1","team02","s203","team02","s203","diabetes","sagemaker_mlflow_app","arn:aws:sagemaker:ap-southeast-1:044528205969:mlflow-app/app-YHNC33FF6GPZ","20260821T122706Z","full","1.0","s3://nyp-26s1-iti113/iti113/team02/data/diabetes/cleaned/diabetes_binary_cleaned_dataset.csv","tuning_candidate","LogisticRegression","false","","","","","","","","","11","","","","","","","","","","balanced","","","","","","","","","","","","","","","","","","","","",""
"2026-08-21 20:32:40","33.2s","e6971649869d4a79b3df63daf235aebe","lr_candidate_10","NOTEBOOK","02_Logistic_Regression_Experiments_MLflow_balanced_class_weight.ipynb","sagemaker-user","FINISHED","10.0","","","balanced","","","","","","","","5","full","","","","","","","","","","","","","3000","","LogisticRegression","","","","","","","","","","","l2","","","","","1.0","253680","","","","","42","","","","","","","","","","","","","","","","","","","","","lbfgs","","","","","","","","","","","","","","","","","","","","","","","","","","","","","","","","","","","","","","","","","","","","","","","","","","","","","","","","0.7420146599246084","0.0029550093992546634","0.4694086206878964","0.002622140132983499","0.4298036802421345","0.0044862705882082","0.33930269467633456","0.0015529070093201274","0.7613657873751211","0.006684316715176463","0.8177340268694759","0.0022906211387070333","","","","","","","","","","","","","","","","","","","","","","","","","","","","","","","","","","","","","","","","","","","","","","","","","","","","","","","","","","","","","","","","","","","","","","","","","","","","","","","","","","","","","","","","","","","","","","ITI113","26S1","team02","s203","team02","s203","diabetes","sagemaker_mlflow_app","arn:aws:sagemaker:ap-southeast-1:044528205969:mlflow-app/app-YHNC33FF6GPZ","20260821T122706Z","full","1.0","s3://nyp-26s1-iti113/iti113/team02/data/diabetes/cleaned/diabetes_binary_cleaned_dataset.csv","tuning_candidate","LogisticRegression","true","","","","","","","","","10","","","","","","","","","","balanced","","","","","","","","","","","","","","","","","","","","",""
"2026-08-21 20:32:06","34.4s","aa8b085519c244b1bc3deab409ac1de5","lr_candidate_09","NOTEBOOK","02_Logistic_Regression_Experiments_MLflow_balanced_class_weight.ipynb","sagemaker-user","FINISHED","10.0","","","None","","","","","","","","5","full","","","","","","","","","","","","","3000","","LogisticRegression","","","","","","","","","","","l2","","","","","1.0","253680","","","","","42","","","","","","","","","","","","","","","","","","","","","lbfgs","","","","","","","","","","","","","","","","","","","","","","","","","","","","","","","","","","","","","","","","","","","","","","","","","","","","","","","","0.5776673795810753","0.0024472882458476852","0.275012528820047","0.0063469494944251555","0.4311910496422631","0.0043797778391286265","0.5517714671625202","0.008214697576666471","0.1831655033340656","0.0049403944038978395","0.8171910989468671","0.002188465157083259","","","","","","","","","","","","","","","","","","","","","","","","","","","","","","","","","","","","","","","","","","","","","","","","","","","","","","","","","","","","","","","","","","","","","","","","","","","","","","","","","","","","","","","","","","","","","","ITI113","26S1","team02","s203","team02","s203","diabetes","sagemaker_mlflow_app","arn:aws:sagemaker:ap-southeast-1:044528205969:mlflow-app/app-YHNC33FF6GPZ","20260821T122706Z","full","1.0","s3://nyp-26s1-iti113/iti113/team02/data/diabetes/cleaned/diabetes_binary_cleaned_dataset.csv","tuning_candidate","LogisticRegression","false","","","","","","","","","9","","","","","","","","","","balanced","","","","","","","","","","","","","","","","","","","","",""
"2026-08-21 20:31:32","33.9s","aef9955d26104549b62e17b818afb81a","lr_candidate_08","NOTEBOOK","02_Logistic_Regression_Experiments_MLflow_balanced_class_weight.ipynb","sagemaker-user","FINISHED","1.0","","","balanced","","","","","","","","5","full","","","","","","","","","","","","","3000","","LogisticRegression","","","","","","","","","","","l2","","","","","1.0","253680","","","","","42","","","","","","","","","","","","","","","","","","","","","lbfgs","","","","","","","","","","","","","","","","","","","","","","","","","","","","","","","","","","","","","","","","","","","","","","","","","","","","","","","","0.7420683117299328","0.0030990732676045335","0.4694817038653573","0.0027735448473080386","0.42980947660501767","0.004488467218159494","0.3393726061891172","0.0016442074327959453","0.7613970520304282","0.006883826904796224","0.8177362079904912","0.002285937223190106","","","","","","","","","","","","","","","","","","","","","","","","","","","","","","","","","","","","","","","","","","","","","","","","","","","","","","","","","","","","","","","","","","","","","","","","","","","","","","","","","","","","","","","","","","","","","","ITI113","26S1","team02","s203","team02","s203","diabetes","sagemaker_mlflow_app","arn:aws:sagemaker:ap-southeast-1:044528205969:mlflow-app/app-YHNC33FF6GPZ","20260821T122706Z","full","1.0","s3://nyp-26s1-iti113/iti113/team02/data/diabetes/cleaned/diabetes_binary_cleaned_dataset.csv","tuning_candidate","LogisticRegression","true","","","","","","","","","8","","","","","","","","","","balanced","","","","","","","","","","","","","","","","","","","","",""
"2026-08-21 20:30:58","32.8s","7619f1dde75e4cb8be83920559f54b56","lr_candidate_07","NOTEBOOK","02_Logistic_Regression_Experiments_MLflow_balanced_class_weight.ipynb","sagemaker-user","FINISHED","1.0","","","None","","","","","","","","5","full","","","","","","","","","","","","","3000","","LogisticRegression","","","","","","","","","","","l2","","","","","1.0","253680","","","","","42","","","","","","","","","","","","","","","","","","","","","lbfgs","","","","","","","","","","","","","","","","","","","","","","","","","","","","","","","","","","","","","","","","","","","","","","","","","","","","","","","","0.5778257332114525","0.002541600337834294","0.2754289477440563","0.00660263663709806","0.43118225522803694","0.0043818200055283875","0.5517538161304498","0.007953336290177715","0.18354070363853917","0.0052193877014198075","0.8171916991412822","0.002184734120351359","","","","","","","","","","","","","","","","","","","","","","","","","","","","","","","","","","","","","","","","","","","","","","","","","","","","","","","","","","","","","","","","","","","","","","","","","","","","","","","","","","","","","","","","","","","","","","ITI113","26S1","team02","s203","team02","s203","diabetes","sagemaker_mlflow_app","arn:aws:sagemaker:ap-southeast-1:044528205969:mlflow-app/app-YHNC33FF6GPZ","20260821T122706Z","full","1.0","s3://nyp-26s1-iti113/iti113/team02/data/diabetes/cleaned/diabetes_binary_cleaned_dataset.csv","tuning_candidate","LogisticRegression","false","","","","","","","","","7","","","","","","","","","","balanced","","","","","","","","","","","","","","","","","","","","",""
"2026-08-21 20:30:24","34.0s","c1f4171f584c48b7bc8c655546aa4722","lr_candidate_06","NOTEBOOK","02_Logistic_Regression_Experiments_MLflow_balanced_class_weight.ipynb","sagemaker-user","FINISHED","0.1","","","balanced","","","","","","","","5","full","","","","","","","","","","","","","3000","","LogisticRegression","","","","","","","","","","","l2","","","","","1.0","253680","","","","","42","","","","","","","","","","","","","","","","","","","","","lbfgs","","","","","","","","","","","","","","","","","","","","","","","","","","","","","","","","","","","","","","","","","","","","","","","","","","","","","","","","0.7420329967419954","0.003061003346724508","0.4694840307161206","0.002742906393613595","0.4297963583870727","0.004480582259825821","0.3394125901358911","0.0016484614998842015","0.7612094347696402","0.0068388030937731855","0.8177441278393911","0.002280409258558035","","","","","","","","","","","","","","","","","","","","","","","","","","","","","","","","","","","","","","","","","","","","","","","","","","","","","","","","","","","","","","","","","","","","","","","","","","","","","","","","","","","","","","","","","","","","","","ITI113","26S1","team02","s203","team02","s203","diabetes","sagemaker_mlflow_app","arn:aws:sagemaker:ap-southeast-1:044528205969:mlflow-app/app-YHNC33FF6GPZ","20260821T122706Z","full","1.0","s3://nyp-26s1-iti113/iti113/team02/data/diabetes/cleaned/diabetes_binary_cleaned_dataset.csv","tuning_candidate","LogisticRegression","true","","","","","","","","","6","","","","","","","","","","balanced","","","","","","","","","","","","","","","","","","","","",""
"2026-08-21 20:29:51","33.2s","1c3bd98a7e144791b2fc697a45ac6698","lr_candidate_05","NOTEBOOK","02_Logistic_Regression_Experiments_MLflow_balanced_class_weight.ipynb","sagemaker-user","FINISHED","0.1","","","None","","","","","","","","5","full","","","","","","","","","","","","","3000","","LogisticRegression","","","","","","","","","","","l2","","","","","1.0","253680","","","","","42","","","","","","","","","","","","","","","","","","","","","lbfgs","","","","","","","","","","","","","","","","","","","","","","","","","","","","","","","","","","","","","","","","","","","","","","","","","","","","","","","","0.5776936939388916","0.002467578451640564","0.2750684425175167","0.0064096507976463424","0.4311531696665535","0.004382636467180066","0.5522494659082905","0.008209428283166892","0.18316548866959312","0.0050435888671587865","0.8172271555670745","0.0021720283712087806","","","","","","","","","","","","","","","","","","","","","","","","","","","","","","","","","","","","","","","","","","","","","","","","","","","","","","","","","","","","","","","","","","","","","","","","","","","","","","","","","","","","","","","","","","","","","","ITI113","26S1","team02","s203","team02","s203","diabetes","sagemaker_mlflow_app","arn:aws:sagemaker:ap-southeast-1:044528205969:mlflow-app/app-YHNC33FF6GPZ","20260821T122706Z","full","1.0","s3://nyp-26s1-iti113/iti113/team02/data/diabetes/cleaned/diabetes_binary_cleaned_dataset.csv","tuning_candidate","LogisticRegression","false","","","","","","","","","5","","","","","","","","","","balanced","","","","","","","","","","","","","","","","","","","","",""
"2026-08-21 20:29:17","33.3s","6aa3f2a954af46e9878d4fe92617e4d3","lr_candidate_04","NOTEBOOK","02_Logistic_Regression_Experiments_MLflow_balanced_class_weight.ipynb","sagemaker-user","FINISHED","0.01","","","balanced","","","","","","","","5","full","","","","","","","","","","","","","3000","","LogisticRegression","","","","","","","","","","","l2","","","","","1.0","253680","","","","","42","","","","","","","","","","","","","","","","","","","","","lbfgs","","","","","","","","","","","","","","","","","","","","","","","","","","","","","","","","","","","","","","","","","","","","","","","","","","","","","","","","0.7421939685331194","0.002659706989358396","0.4697062279924292","0.0023303564868561283","0.42959403845138117","0.004485294278858772","0.3396262355074738","0.0013801937186703802","0.7613032580645067","0.006176228300816152","0.8177401686144528","0.002252097270031167","","","","","","","","","","","","","","","","","","","","","","","","","","","","","","","","","","","","","","","","","","","","","","","","","","","","","","","","","","","","","","","","","","","","","","","","","","","","","","","","","","","","","","","","","","","","","","ITI113","26S1","team02","s203","team02","s203","diabetes","sagemaker_mlflow_app","arn:aws:sagemaker:ap-southeast-1:044528205969:mlflow-app/app-YHNC33FF6GPZ","20260821T122706Z","full","1.0","s3://nyp-26s1-iti113/iti113/team02/data/diabetes/cleaned/diabetes_binary_cleaned_dataset.csv","tuning_candidate","LogisticRegression","true","","","","","","","","","4","","","","","","","","","","balanced","","","","","","","","","","","","","","","","","","","","",""
"2026-08-21 20:28:47","29.9s","bd5db2c78bda493f98f3926203ec9d17","lr_candidate_03","NOTEBOOK","02_Logistic_Regression_Experiments_MLflow_balanced_class_weight.ipynb","sagemaker-user","FINISHED","0.01","","","None","","","","","","","","5","full","","","","","","","","","","","","","3000","","LogisticRegression","","","","","","","","","","","l2","","","","","1.0","253680","","","","","42","","","","","","","","","","","","","","","","","","","","","lbfgs","","","","","","","","","","","","","","","","","","","","","","","","","","","","","","","","","","","","","","","","","","","","","","","","","","","","","","","","0.5766280189592832","0.0022588841814128154","0.27220045388942365","0.005894882013680225","0.4308592370804374","0.00441860804546994","0.5533881258248491","0.008323763336128392","0.18050770456719128","0.0045863841811255275","0.8172364114887973","0.0021326143603307523","","","","","","","","","","","","","","","","","","","","","","","","","","","","","","","","","","","","","","","","","","","","","","","","","","","","","","","","","","","","","","","","","","","","","","","","","","","","","","","","","","","","","","","","","","","","","","ITI113","26S1","team02","s203","team02","s203","diabetes","sagemaker_mlflow_app","arn:aws:sagemaker:ap-southeast-1:044528205969:mlflow-app/app-YHNC33FF6GPZ","20260821T122706Z","full","1.0","s3://nyp-26s1-iti113/iti113/team02/data/diabetes/cleaned/diabetes_binary_cleaned_dataset.csv","tuning_candidate","LogisticRegression","false","","","","","","","","","3","","","","","","","","","","balanced","","","","","","","","","","","","","","","","","","","","",""
"2026-08-21 20:28:22","24.9s","829079661dcf4dc8ab3ed3d495b5bf37","lr_candidate_02","NOTEBOOK","02_Logistic_Regression_Experiments_MLflow_balanced_class_weight.ipynb","sagemaker-user","FINISHED","0.001","","","balanced","","","","","","","","5","full","","","","","","","","","","","","","3000","","LogisticRegression","","","","","","","","","","","l2","","","","","1.0","253680","","","","","42","","","","","","","","","","","","","","","","","","","","","lbfgs","","","","","","","","","","","","","","","","","","","","","","","","","","","","","","","","","","","","","","","","","","","","","","","","","","","","","","","","0.7423291962371119","0.002557015565010476","0.4699921037597411","0.0022397688781334336","0.4272485634299019","0.004580869263148244","0.33997500945928216","0.0013326663020706197","0.7610531310457342","0.005964052356899407","0.8170209163936738","0.0022427222957035167","","","","","","","","","","","","","","","","","","","","","","","","","","","","","","","","","","","","","","","","","","","","","","","","","","","","","","","","","","","","","","","","","","","","","","","","","","","","","","","","","","","","","","","","","","","","","","ITI113","26S1","team02","s203","team02","s203","diabetes","sagemaker_mlflow_app","arn:aws:sagemaker:ap-southeast-1:044528205969:mlflow-app/app-YHNC33FF6GPZ","20260821T122706Z","full","1.0","s3://nyp-26s1-iti113/iti113/team02/data/diabetes/cleaned/diabetes_binary_cleaned_dataset.csv","tuning_candidate","LogisticRegression","true","","","","","","","","","2","","","","","","","","","","balanced","","","","","","","","","","","","","","","","","","","","",""
"2026-08-21 20:27:58","24.3s","2928893cbc1f4b23a318c2c9e473a443","lr_candidate_01","NOTEBOOK","02_Logistic_Regression_Experiments_MLflow_balanced_class_weight.ipynb","sagemaker-user","FINISHED","0.001","","","None","","","","","","","","5","full","","","","","","","","","","","","","3000","","LogisticRegression","","","","","","","","","","","l2","","","","","1.0","253680","","","","","42","","","","","","","","","","","","","","","","","","","","","lbfgs","","","","","","","","","","","","","","","","","","","","","","","","","","","","","","","","","","","","","","","","","","","","","","","","","","","","","","","","0.5693217794859685","0.0016312043545705745","0.25208702168290165","0.004395307883785059","0.4276470843806644","0.004491953390609733","0.5556948109879578","0.0075398268983054954","0.1630290953887762","0.0032430685484242452","0.8165269684234573","0.0021533546949222006","","","","","","","","","","","","","","","","","","","","","","","","","","","","","","","","","","","","","","","","","","","","","","","","","","","","","","","","","","","","","","","","","","","","","","","","","","","","","","","","","","","","","","","","","","","","","","ITI113","26S1","team02","s203","team02","s203","diabetes","sagemaker_mlflow_app","arn:aws:sagemaker:ap-southeast-1:044528205969:mlflow-app/app-YHNC33FF6GPZ","20260821T122706Z","full","1.0","s3://nyp-26s1-iti113/iti113/team02/data/diabetes/cleaned/diabetes_binary_cleaned_dataset.csv","tuning_candidate","LogisticRegression","false","","","","","","","","","1","","","","","","","","","","balanced","","","","","","","","","","","","","","","","","","","","",""
"2026-08-21 20:27:57","6.4min","00261d0794f5496982a9612fd6cc2d9a","team02_s203_lr_tuning_parent","NOTEBOOK","02_Logistic_Regression_Experiments_MLflow_balanced_class_weight.ipynb","sagemaker-user","FINISHED","","","","","","","","","","","","5","full","","","","","lowest_candidate_index","","","","","","","","","","","12","","","","","","","","","","","","","","cv_pr_auc_mean","1.0","253680","","","","","","","","","balanced","","","cv_roc_auc_mean","","","","","","","","","","","","","","","","","","","","","","","","","","","","","","","","","","","","","","","","","","","","","","","","","","","","","","","","","","","","","0.4298129886463302","0.8177370609427154","","","","","","","","","","","","","","","","","","","","","","","","","","","","","","","","","","","","","","","","","","","","","","","","","","","","","","","","","","","","","","","","","","","","","","","","","","","","","","","","","","","","","","","","","","","","","","","","","","","","","","","","","","","","","","","","","ITI113","26S1","team02","s203","team02","s203","diabetes","sagemaker_mlflow_app","arn:aws:sagemaker:ap-southeast-1:044528205969:mlflow-app/app-YHNC33FF6GPZ","20260821T122706Z","full","1.0","s3://nyp-26s1-iti113/iti113/team02/data/diabetes/cleaned/diabetes_binary_cleaned_dataset.csv","tuning_parent","LogisticRegression","false","","","","","","","","","","","","","","","","","","","","full_precision","lowest_candidate_index","balanced","","","","","","","","","","","","","","","","","",""
"2026-08-21 20:27:11","45.9s","f98f07171b044c1fb7edaf91d5fe8d07","team02_s203_logistic_regression_baseline","NOTEBOOK","02_Logistic_Regression_Experiments_MLflow_balanced_class_weight.ipynb","sagemaker-user","FINISHED","1.0","","","None","","","","","","","","5","full","s3://nyp-26s1-iti113/iti113/team02/data/diabetes/cleaned/diabetes_binary_cleaned_dataset.csv","","","","","","253680","","","","","","3000","","LogisticRegression","","","","","21","","","","","","l2","","","","","1.0","253680","","","","","42","","","","","","","","","","","","","","","","","","cv_pr_auc_mean","","","lbfgs","","","","","","","","0.2","50736","","","","","","","202944","","","","","","","","","","","","","","","","","","","","","","","","","","","","","","","","","","","","","","","","0.5778257332114525","0.002541600337834294","0.2754289477440563","0.00660263663709806","0.43118225522803694","0.0043818200055283875","0.5517538161304498","0.007953336290177715","0.18354070363853917","0.0052193877014198075","0.8171916991412822","0.002184734120351359","","","","","","","","","","","","","","","","","","","","","","","","","","","","","","","","","","","","","","","","","","","","","","","","","","","","","","","","","","","","","","","","","","","","","","","","","","","","","","","","","","","","","","","","","","","","","","ITI113","26S1","team02","s203","team02","s203","diabetes","sagemaker_mlflow_app","arn:aws:sagemaker:ap-southeast-1:044528205969:mlflow-app/app-YHNC33FF6GPZ","20260821T122706Z","full","1.0","s3://nyp-26s1-iti113/iti113/team02/data/diabetes/cleaned/diabetes_binary_cleaned_dataset.csv","baseline","LogisticRegression","false","","","","","","","","","","","","","","","","","","","","","","","","","","","","","","","","","","","","","","","",""
"2026-08-21 16:55:01","1.8s","186d15f2a8414729aaf808ad3a43f6eb","team02_s201_sagemaker_final_xgb_pipeline_1787302501","NOTEBOOK","S201_1552444F_03_sagemaker_pipeline_team02_best_model_xgboost_UPDATED_FINAL_v2.ipynb","sagemaker-user","FINISHED","","2026-08-21-xgb-final-v2","","","","","5915855b52af4f8e97be9637dc6e2e86","","","","","","","s3://nyp-26s1-iti113/iti113/team02/data/diabetes/cleaned/diabetes_binary_cleaned_dataset.csv","brfss2015-diabetes-binary-6244bec277fe","0.5","","","","","","","","","","","","XGBoost","","","","","","","","","","","","","Stratified_5_Fold_CV_training_only","stratified_80_20_random_state_42","","","","6244bec277fe3cefce56d46c583a4c5eb73f179ef64c8a1b18557fd0200105c5","","test_auc_roc","0.75","","","","","","","","","","","","","","","","","","","","","","","1a5d70bd05f546748e6a8357214e22c3","dca27f6422344d249069ab863b1541fa","b06fb7b1c1254642950e009923e1fa21","a37746ea4fa7404cb09ddebcf520daba","","","","","","12de3cf4074e8656a059c938acbe27143794910116dda3dc217a101698a368c1","","","","","","","93531a7b366471a63d29fd970abad6c5d04a2f933f9ffb2aa38dce1c7b286d65","","0.8","aucpr","0.05","0.03","4","5.0","450","'-1","binary:logistic","42","0.1","10.0","3.0","0.8","hist","","","","","","","","","","","","","","","","","","","","","","","","","","","","","","","","","","","","","","","","","","","","","","","","","","","","","","","","","","","","","","","","","","","","","","","","0.7976387574897509","","0.4651249892489368","0.7280316192215488","","0.1338992231696608","0.5","0.49381255238376964","0.5656456130839432","2987","7280","","","","","","0.4075520833333333","0.6263914946841777","0.825418954158766","","","","35461","5008","","","","","","","","","","","","","","","","","","","","","","","","","","","","","","","","","ITI113","26S1","team02","s201","","","","","","","","","","","","","","","","","","","","","","","","","","","","","","","","","","","diabetes-risk","final_pipeline_evaluation_and_registration","XGBoost","","human_over_the_loop","FINAL_CHAMPION","1a5d70bd05f546748e6a8357214e22c3","dca27f6422344d249069ab863b1541fa","5915855b52af4f8e97be9637dc6e2e86","5b900d6668744100a5b7d62c5fea613a","2026-08-21-xgb-final-v2","brfss2015-diabetes-binary-6244bec277fe","6244bec277fe3cefce56d46c583a4c5eb73f179ef64c8a1b18557fd0200105c5","93531a7b366471a63d29fd970abad6c5d04a2f933f9ffb2aa38dce1c7b286d65","12de3cf4074e8656a059c938acbe27143794910116dda3dc217a101698a368c1","arn:aws:sagemaker:ap-southeast-1:044528205969:pipeline/team02-diabetes-risk/execution/j9ppvw2f16d8","2.1.4",""
"2026-08-21 16:38:45","1.0s","5b900d6668744100a5b7d62c5fea613a","team02_s201_final_xgb_mlops_handoff_1787301525","NOTEBOOK","S201_1552444F_03_sagemaker_pipeline_team02_best_model_xgboost_UPDATED_FINAL_v2.ipynb","sagemaker-user","FINISHED","","","1a5d70bd05f546748e6a8357214e22c3","","","","5915855b52af4f8e97be9637dc6e2e86","","","","","5","","s3://nyp-26s1-iti113/iti113/team02/data/diabetes/cleaned/diabetes_binary_cleaned_dataset.csv","brfss2015-diabetes-binary-6244bec277fe","0.5","","","dca27f6422344d249069ab863b1541fa","","","","","","","","","","","","","","","","","","","","","2026-08-21-xgb-final-v2","","","","","253680","6244bec277fe3cefce56d46c583a4c5eb73f179ef64c8a1b18557fd0200105c5","","","","","b06fb7b1c1254642950e009923e1fa21","","","","","","","","","","","","","XGBoost","","","","","","","","","","","","stratified_80_20_random_state_42","","","","","12de3cf4074e8656a059c938acbe27143794910116dda3dc217a101698a368c1","","","","","a37746ea4fa7404cb09ddebcf520daba","","93531a7b366471a63d29fd970abad6c5d04a2f933f9ffb2aa38dce1c7b286d65","","0.8","aucpr","0.05","0.03","4","5.0","450","'-1","binary:logistic","42","0.1","10.0","3.0","0.8","hist","","","","","","","","","","","","","","","","","","","","","","","","","","","","","","","","","","","","","","","","","","","","0.480282465","0.434386668","0.379135597","0.655034396","0.817198479","","","","","","","","","","0.459491315","","","","","0.4603","","","","","","","","","","","","","","","","","","","","","","","","","","","","","","","","","","","","","","","","","","","","","","","","","","0.03001081","0.492441889","0.464397478","0.407814809","0.621388368","0.824820173","","","","","","","","","","ITI113","26S1","team02","s201","","","","","","","","","","mlops_final_champion_handoff","","","","","","","","","","","","","","","","","","","","","","","","","diabetes-risk","final_model_integration","XGBoost","2026-08-21-xgb-final-v2","human_over_the_loop","","","","","","","","","","","","","held_out_pr_auc"
"2026-08-21 15:32:09","2.1min","dca27f6422344d249069ab863b1541fa","team02_s202_final_xgboost","NOTEBOOK","S202_8440104B_02_xgboost_model_comparison_against_logistic_regression_baseline_v9_FINAL_CHAMPION.ipynb","sagemaker-user","FINISHED","","","","","0.5","","","5915855b52af4f8e97be9637dc6e2e86","0.21","load_latest_compatible_lr_and_rescore_on_xgb_test_rows","12de3cf4074e8656a059c938acbe27143794910116dda3dc217a101698a368c1","5","full","","","","aucpr","","","253680","","","","0.03","4","","","","","","450","b06fb7b1c1254642950e009923e1fa21","","'-1","","","","binary:logistic","","","","","cv_pr_auc_mean","1.0","253680","6244bec277fe3cefce56d46c583a4c5eb73f179ef64c8a1b18557fd0200105c5","3.12.13","test_auc_roc","0.75","42","","","","","3.0","","","","xgb_candidate_29","1a5d70bd05f546748e6a8357214e22c3","","","","","XGBoost","","","","TreeExplainer","500","","","","","","","","","","","12de3cf4074e8656a059c938acbe27143794910116dda3dc217a101698a368c1","","","f1","","a37746ea4fa7404cb09ddebcf520daba","","93531a7b366471a63d29fd970abad6c5d04a2f933f9ffb2aa38dce1c7b286d65","hist","","","","","","","","","","","","","","","","","","21","20","21","5","0.9961","3","1","1001","0.1219","0.0352","0.0226","","","4375","0.0862","0.025555563057244476","","0.03364602876798001","0.030010810145535916","'-0.03364602876797995","","","","","","","","","","","","","","","","","","","","","0.4937","","","","","","","","","","","","","","","","","","","","","","","","0.5","0.4595","0.8254","6","8","0.7981512141280354","0.8248201732385823","","0.7263021481146992","0.13392609827383717","","","0.49244188927987315","0.5624745256102531","","","3027","0.37861163227016886","7214","0.16878407150043284","0.46439747791619373","0.407814808734198","0.6213883677298312","","0.8312159284995672","35527","4968","","","0.4937","0.8001665484074425","0.8303888768916997","0.7315252683002189","0.13279001821979583","0.49891888552542163","0.5707226892656645","11792","0.3687073979113251","28763","0.16824206548823714","0.47029693521248167","0.4124364186056013","0.6312926020886749","0.8317579345117628","142199","20190","","","","","","","1","true","true","true","true","PR-AUC","","PR-AUC primary; secondary calibration/fairness/recall trade-offs documented","XGBoost","ITI113","26S1","team02","s202","team02","s202","diabetes","sagemaker_mlflow_app","arn:aws:sagemaker:ap-southeast-1:044528205969:mlflow-app/app-YHNC33FF6GPZ","20260821T071653Z","full","1.0","s3://nyp-26s1-iti113/iti113/team02/data/diabetes/cleaned/diabetes_binary_cleaned_dataset.csv","final_holdout_evaluation","XGBoost","false","1a5d70bd05f546748e6a8357214e22c3","xgb_candidate_29","true","true","","","XGBoost","PR-AUC is the predefined primary metric. On the exact same held-out rows, XGBoost PR-AUC=0.464397 versus LR=0.434387 (delta=+0.030011). Performance recommendation=XGBoost. Recall trade-off: XGBoost=0.621388, LR=0.655034; FNR: XGBoost=0.378612, LR=0.3","","","","","","","","","","","","","","","","","","","","","","","","","","","","","","","",""
"2026-08-21 15:31:50","1.2s","a37746ea4fa7404cb09ddebcf520daba","team02_s202_xgb_threshold_tuning","NOTEBOOK","S202_8440104B_02_xgboost_model_comparison_against_logistic_regression_baseline_v9_FINAL_CHAMPION.ipynb","sagemaker-user","FINISHED","","","","","","","","","","","","5","full","","","","","","","","","","","","","","","","","","","","","","","91","","","","","","","","1.0","253680","","","","","","","","","","","","","","","","","0.03","4","","","450","3.0","","","","","","","","","","","","","","","0.95","0.05","f1","0.01","","","","","","","","","","","","","","","","","","","","","","","","","","","","","","","","","","","","","","","","","","","","","","","","","","","","","","0.7278","0.4937","0.3741792258145207","0.17013722347656204","0.4076","0.6258207741854793","0.829862776523438","0.5","","","","","","","","0.7278417753544586","0.49368556065314984","0.3741792258145207","0.17013722347656204","0.40762087084029164","0.6258207741854793","0.829862776523438","0.5","","","","","","","","","","","","","","","","","","","","","","","","","","","","","","","","","","","","","","","","","","","","","","","","","","","","","","","","","","","","","","","","","","","","","","","ITI113","26S1","team02","s202","team02","s202","diabetes","sagemaker_mlflow_app","arn:aws:sagemaker:ap-southeast-1:044528205969:mlflow-app/app-YHNC33FF6GPZ","20260821T071653Z","full","1.0","s3://nyp-26s1-iti113/iti113/team02/data/diabetes/cleaned/diabetes_binary_cleaned_dataset.csv","threshold_tuning","XGBoost","false","1a5d70bd05f546748e6a8357214e22c3","","","","","","","","","","","","","","","","","","","","","","","","","","","","","","","","","","","","","","",""
"2026-08-21 15:28:43","2.1min","b06fb7b1c1254642950e009923e1fa21","team02_s202_xgb_n_estimators_refinement","NOTEBOOK","S202_8440104B_02_xgboost_model_comparison_against_logistic_regression_baseline_v9_FINAL_CHAMPION.ipynb","sagemaker-user","FINISHED","","","","","","0.8","","","","","","5","","","","","","","","","0.05","","","0.03","4","","5.0","","","[150, 250, 350, 450, 600]","","","","","","","0.0015","","","","","","cv_pr_auc_mean","","","","","","","","","0.1","10.0","","3.0","","","","","","","","","","","","","","","","","","","","","","","0.8","","","","","","","","","","","","","","","","","","","","","","","","","","","","0.4606","","","","","","","","","","","","","","","","","","","","","","","","","","","","","","","","","","","","","","","","","","","","","","","","","","","","","","","","","","","","450","","0.4937","0.4603","0.8256","","","","","","","","","","","","","","","","","","","","","","","","","","","","","","","","","","","","","","","","","","","","","","","","","","","","","","","","","","","","","","ITI113","26S1","team02","s202","team02","s202","diabetes","sagemaker_mlflow_app","arn:aws:sagemaker:ap-southeast-1:044528205969:mlflow-app/app-YHNC33FF6GPZ","20260821T071653Z","full","1.0","s3://nyp-26s1-iti113/iti113/team02/data/diabetes/cleaned/diabetes_binary_cleaned_dataset.csv","n_estimators_refinement","XGBoost","false","1a5d70bd05f546748e6a8357214e22c3","","","","","","","","","","","","","","","","","","","","","","","","","","","","","","","","","","","","","","",""
"2026-08-21 15:28:11","24.2s","76d22a11a4f747cf8522876b380b0ace","xgb_candidate_30","NOTEBOOK","S202_8440104B_02_xgboost_model_comparison_against_logistic_regression_baseline_v9_FINAL_CHAMPION.ipynb","sagemaker-user","FINISHED","","","","","","0.8","","","","","","5","full","","","","aucpr","","","","0.05","","","0.03","4","","5","XGBClassifier","","","350","","","'-1","","","","binary:logistic","","","","","","1.0","253680","6244bec277fe3cefce56d46c583a4c5eb73f179ef64c8a1b18557fd0200105c5","","","","42","","0.1","10.0","","4.0","","","","","","","","","","","","","","","","","","","","","","5","0.8","","","12de3cf4074e8656a059c938acbe27143794910116dda3dc217a101698a368c1","","","","","","","93531a7b366471a63d29fd970abad6c5d04a2f933f9ffb2aa38dce1c7b286d65","hist","","","","","","","","","","","","","","","","","","","","","","","","","","","","","","","","","","","","","","0.7426864448679658","0.0036887336931093135","0.48579927380501375","0.003494034186164308","0.4597265289582966","0.005960983589788776","0.3677621858822584","0.0021754888909895826","0.7154649327003366","0.008626800699772775","0.8254427283358335","0.0020651227162970087","","","","","","","","","","","","","","","","","","","","","","","","","","","","","","","","","","","","","","","","","","","","","","","","","","","","","","","","","","","","","","","","","","","","","","","","","","","","","","","","","","","","","","","","","","","","","","ITI113","26S1","team02","s202","team02","s202","diabetes","sagemaker_mlflow_app","arn:aws:sagemaker:ap-southeast-1:044528205969:mlflow-app/app-YHNC33FF6GPZ","20260821T071653Z","full","1.0","s3://nyp-26s1-iti113/iti113/team02/data/diabetes/cleaned/diabetes_binary_cleaned_dataset.csv","tuning_candidate","XGBoost","true","","","","","","","","","30","5","","","","","","","","","","","","","","","","","","","","","","","","","","","","","",""
"2026-08-21 15:27:46","24.4s","1a5d70bd05f546748e6a8357214e22c3","xgb_candidate_29","NOTEBOOK","S202_8440104B_02_xgboost_model_comparison_against_logistic_regression_baseline_v9_FINAL_CHAMPION.ipynb","sagemaker-user","FINISHED","","","","","","0.8","","","","","","5","full","","","","aucpr","","","","0.05","","","0.03","4","","5","XGBClassifier","","","350","","","'-1","","","","binary:logistic","","","","","","1.0","253680","6244bec277fe3cefce56d46c583a4c5eb73f179ef64c8a1b18557fd0200105c5","","","","42","","0.1","10.0","","3.0","","","","","","","","","","","","","","","","","","","","","","5","0.8","","","12de3cf4074e8656a059c938acbe27143794910116dda3dc217a101698a368c1","","","","","","","93531a7b366471a63d29fd970abad6c5d04a2f933f9ffb2aa38dce1c7b286d65","hist","","","","","","","","","","","","","","","","","","","","","","","","","","","","","","","","","","","","","","0.7270111702170461","0.004188259898569946","0.4927131477649792","0.005153280936375853","0.45949131473592414","0.005925862813715011","0.40703269234006056","0.00382384957305474","0.6241010653934776","0.008170006466512628","0.8254136063485209","0.00209508855765815","","","","","","","","","","","","","","","","","","","","","","","","","","","","","","","","","","","","","","","","","","","","","","","","","","","","","","","","","","","","","","","","","","","","","","","","","","","","","","","","","","","","","","","","","","","","","","ITI113","26S1","team02","s202","team02","s202","diabetes","sagemaker_mlflow_app","arn:aws:sagemaker:ap-southeast-1:044528205969:mlflow-app/app-YHNC33FF6GPZ","20260821T071653Z","full","1.0","s3://nyp-26s1-iti113/iti113/team02/data/diabetes/cleaned/diabetes_binary_cleaned_dataset.csv","tuning_candidate","XGBoost","true","","","","","","","","","29","5","","","","","","","","","","","","","","","","","","","","","","","","","","","","","",""
"2026-08-21 15:27:22","23.9s","9758dd9e2c1a407ab5ec63473e70ea85","xgb_candidate_28","NOTEBOOK","S202_8440104B_02_xgboost_model_comparison_against_logistic_regression_baseline_v9_FINAL_CHAMPION.ipynb","sagemaker-user","FINISHED","","","","","","0.8","","","","","","5","full","","","","aucpr","","","","0.05","","","0.03","4","","5","XGBClassifier","","","350","","","'-1","","","","binary:logistic","","","","","","1.0","253680","6244bec277fe3cefce56d46c583a4c5eb73f179ef64c8a1b18557fd0200105c5","","","","42","","0.1","10.0","","2.5","","","","","","","","","","","","","","","","","","","","","","5","0.8","","","12de3cf4074e8656a059c938acbe27143794910116dda3dc217a101698a368c1","","","","","","","93531a7b366471a63d29fd970abad6c5d04a2f933f9ffb2aa38dce1c7b286d65","hist","","","","","","","","","","","","","","","","","","","","","","","","","","","","","","","","","","","","","","0.7113919491997771","0.0038882529735969297","0.4889365615825021","0.005183329676913474","0.4599176980698683","0.005875658596858829","0.43465943775338156","0.0037210391341363364","0.5587205316203665","0.007774820332122138","0.825446135285081","0.002100505023394326","","","","","","","","","","","","","","","","","","","","","","","","","","","","","","","","","","","","","","","","","","","","","","","","","","","","","","","","","","","","","","","","","","","","","","","","","","","","","","","","","","","","","","","","","","","","","","ITI113","26S1","team02","s202","team02","s202","diabetes","sagemaker_mlflow_app","arn:aws:sagemaker:ap-southeast-1:044528205969:mlflow-app/app-YHNC33FF6GPZ","20260821T071653Z","full","1.0","s3://nyp-26s1-iti113/iti113/team02/data/diabetes/cleaned/diabetes_binary_cleaned_dataset.csv","tuning_candidate","XGBoost","true","","","","","","","","","28","5","","","","","","","","","","","","","","","","","","","","","","","","","","","","","",""
"2026-08-21 15:26:58","24.3s","f73d2931cbce4384aeca94dc372cc282","xgb_candidate_27","NOTEBOOK","S202_8440104B_02_xgboost_model_comparison_against_logistic_regression_baseline_v9_FINAL_CHAMPION.ipynb","sagemaker-user","FINISHED","","","","","","0.8","","","","","","5","full","","","","aucpr","","","","0.05","","","0.03","4","","5","XGBClassifier","","","350","","","'-1","","","","binary:logistic","","","","","","1.0","253680","6244bec277fe3cefce56d46c583a4c5eb73f179ef64c8a1b18557fd0200105c5","","","","42","","0.1","10.0","","2.0","","","","","","","","","","","","","","","","","","","","","","5","0.8","","","12de3cf4074e8656a059c938acbe27143794910116dda3dc217a101698a368c1","","","","","","","93531a7b366471a63d29fd970abad6c5d04a2f933f9ffb2aa38dce1c7b286d65","hist","","","","","","","","","","","","","","","","","","","","","","","","","","","","","","","","","","","","","","0.6842044890909872","0.0035150864217420256","0.46813725217758123","0.005568577763352778","0.4599333909377055","0.005895484458228091","0.46877472321244956","0.004691950505396975","0.46751287027426375","0.006726807057732134","0.8253988582696483","0.0021273888401869344","","","","","","","","","","","","","","","","","","","","","","","","","","","","","","","","","","","","","","","","","","","","","","","","","","","","","","","","","","","","","","","","","","","","","","","","","","","","","","","","","","","","","","","","","","","","","","ITI113","26S1","team02","s202","team02","s202","diabetes","sagemaker_mlflow_app","arn:aws:sagemaker:ap-southeast-1:044528205969:mlflow-app/app-YHNC33FF6GPZ","20260821T071653Z","full","1.0","s3://nyp-26s1-iti113/iti113/team02/data/diabetes/cleaned/diabetes_binary_cleaned_dataset.csv","tuning_candidate","XGBoost","true","","","","","","","","","27","5","","","","","","","","","","","","","","","","","","","","","","","","","","","","","",""
"2026-08-21 15:26:33","24.2s","863dbb2237a44675820300386c5269e9","xgb_candidate_26","NOTEBOOK","S202_8440104B_02_xgboost_model_comparison_against_logistic_regression_baseline_v9_FINAL_CHAMPION.ipynb","sagemaker-user","FINISHED","","","","","","0.8","","","","","","5","full","","","","aucpr","","","","0.05","","","0.03","4","","5","XGBClassifier","","","350","","","'-1","","","","binary:logistic","","","","","","1.0","253680","6244bec277fe3cefce56d46c583a4c5eb73f179ef64c8a1b18557fd0200105c5","","","","42","","0.1","10.0","","1.5","","","","","","","","","","","","","","","","","","","","","","5","0.8","","","12de3cf4074e8656a059c938acbe27143794910116dda3dc217a101698a368c1","","","","","","","93531a7b366471a63d29fd970abad6c5d04a2f933f9ffb2aa38dce1c7b286d65","hist","","","","","","","","","","","","","","","","","","","","","","","","","","","","","","","","","","","","","","0.6444698127825959","0.0028916949276867167","0.4174626256158864","0.00561656155789953","0.46003358680985","0.00601933577160316","0.5166664494349993","0.006032526271293561","0.3502280912048067","0.005427218192523499","0.8254090430054791","0.0021048608730442147","","","","","","","","","","","","","","","","","","","","","","","","","","","","","","","","","","","","","","","","","","","","","","","","","","","","","","","","","","","","","","","","","","","","","","","","","","","","","","","","","","","","","","","","","","","","","","ITI113","26S1","team02","s202","team02","s202","diabetes","sagemaker_mlflow_app","arn:aws:sagemaker:ap-southeast-1:044528205969:mlflow-app/app-YHNC33FF6GPZ","20260821T071653Z","full","1.0","s3://nyp-26s1-iti113/iti113/team02/data/diabetes/cleaned/diabetes_binary_cleaned_dataset.csv","tuning_candidate","XGBoost","true","","","","","","","","","26","5","","","","","","","","","","","","","","","","","","","","","","","","","","","","","",""
"2026-08-21 15:26:09","24.4s","28a3d3314df0437892b40a38366982b5","xgb_candidate_25","NOTEBOOK","S202_8440104B_02_xgboost_model_comparison_against_logistic_regression_baseline_v9_FINAL_CHAMPION.ipynb","sagemaker-user","FINISHED","","","","","","0.8","","","","","","5","full","","","","aucpr","","","","0.05","","","0.03","4","","5","XGBClassifier","","","350","","","'-1","","","","binary:logistic","","","","","","1.0","253680","6244bec277fe3cefce56d46c583a4c5eb73f179ef64c8a1b18557fd0200105c5","","","","42","","0.1","10.0","","1.0","","","","","","","","","","","","","","","","","","","","","","5","0.8","","","12de3cf4074e8656a059c938acbe27143794910116dda3dc217a101698a368c1","","","","","","","93531a7b366471a63d29fd970abad6c5d04a2f933f9ffb2aa38dce1c7b286d65","hist","","","","","","","","","","","","","","","","","","","","","","","","","","","","","","","","","","","","","","0.5850138448193256","0.0028179715064505584","0.2936461317548821","0.007141098282180934","0.46004043144637013","0.0059003624833669525","0.5867466261663962","0.013537534728073739","0.19582874457548943","0.004919462407378754","0.8254215864501768","0.0021179165649777678","","","","","","","","","","","","","","","","","","","","","","","","","","","","","","","","","","","","","","","","","","","","","","","","","","","","","","","","","","","","","","","","","","","","","","","","","","","","","","","","","","","","","","","","","","","","","","ITI113","26S1","team02","s202","team02","s202","diabetes","sagemaker_mlflow_app","arn:aws:sagemaker:ap-southeast-1:044528205969:mlflow-app/app-YHNC33FF6GPZ","20260821T071653Z","full","1.0","s3://nyp-26s1-iti113/iti113/team02/data/diabetes/cleaned/diabetes_binary_cleaned_dataset.csv","tuning_candidate","XGBoost","true","","","","","","","","","25","5","","","","","","","","","","","","","","","","","","","","","","","","","","","","","",""
"2026-08-21 15:25:48","20.2s","6ef2c3d8281b4f4ca35fd91834158801","xgb_candidate_24","NOTEBOOK","S202_8440104B_02_xgboost_model_comparison_against_logistic_regression_baseline_v9_FINAL_CHAMPION.ipynb","sagemaker-user","FINISHED","","","","","","0.85","","","","","","5","full","","","","aucpr","","","","0.0","","","0.05","3","","5","XGBClassifier","","","350","","","'-1","","","","binary:logistic","","","","","","1.0","253680","6244bec277fe3cefce56d46c583a4c5eb73f179ef64c8a1b18557fd0200105c5","","","","42","","0.1","5.0","","4.0","","","","","","","","","","","","","","","","","","","","","","4","0.85","","","12de3cf4074e8656a059c938acbe27143794910116dda3dc217a101698a368c1","","","","","","","93531a7b366471a63d29fd970abad6c5d04a2f933f9ffb2aa38dce1c7b286d65","hist","","","","","","","","","","","","","","","","","","","","","","","","","","","","","","","","","","","","","","0.7427223087904712","0.004114905157783956","0.4859167795050687","0.003997815051491437","0.45931389020966257","0.005800625433256611","0.3679328140719278","0.00229482373596087","0.7153085556540683","0.008940239816861472","0.825343242504798","0.0020914046983558036","","","","","","","","","","","","","","","","","","","","","","","","","","","","","","","","","","","","","","","","","","","","","","","","","","","","","","","","","","","","","","","","","","","","","","","","","","","","","","","","","","","","","","","","","","","","","","ITI113","26S1","team02","s202","team02","s202","diabetes","sagemaker_mlflow_app","arn:aws:sagemaker:ap-southeast-1:044528205969:mlflow-app/app-YHNC33FF6GPZ","20260821T071653Z","full","1.0","s3://nyp-26s1-iti113/iti113/team02/data/diabetes/cleaned/diabetes_binary_cleaned_dataset.csv","tuning_candidate","XGBoost","true","","","","","","","","","24","4","","","","","","","","","","","","","","","","","","","","","","","","","","","","","",""
"2026-08-21 15:25:28","20.0s","d05c573782bb4e83bff5326e2adec23d","xgb_candidate_23","NOTEBOOK","S202_8440104B_02_xgboost_model_comparison_against_logistic_regression_baseline_v9_FINAL_CHAMPION.ipynb","sagemaker-user","FINISHED","","","","","","0.85","","","","","","5","full","","","","aucpr","","","","0.0","","","0.05","3","","5","XGBClassifier","","","350","","","'-1","","","","binary:logistic","","","","","","1.0","253680","6244bec277fe3cefce56d46c583a4c5eb73f179ef64c8a1b18557fd0200105c5","","","","42","","0.1","5.0","","3.0","","","","","","","","","","","","","","","","","","","","","","4","0.85","","","12de3cf4074e8656a059c938acbe27143794910116dda3dc217a101698a368c1","","","","","","","93531a7b366471a63d29fd970abad6c5d04a2f933f9ffb2aa38dce1c7b286d65","hist","","","","","","","","","","","","","","","","","","","","","","","","","","","","","","","","","","","","","","0.7263508378374705","0.004657065742409876","0.49220923793936233","0.005658923946671953","0.45933529795119954","0.005837808170154653","0.4071841907010483","0.003965495763656042","0.6221311379249361","0.009155641187099186","0.8253525344557658","0.001995580705141825","","","","","","","","","","","","","","","","","","","","","","","","","","","","","","","","","","","","","","","","","","","","","","","","","","","","","","","","","","","","","","","","","","","","","","","","","","","","","","","","","","","","","","","","","","","","","","ITI113","26S1","team02","s202","team02","s202","diabetes","sagemaker_mlflow_app","arn:aws:sagemaker:ap-southeast-1:044528205969:mlflow-app/app-YHNC33FF6GPZ","20260821T071653Z","full","1.0","s3://nyp-26s1-iti113/iti113/team02/data/diabetes/cleaned/diabetes_binary_cleaned_dataset.csv","tuning_candidate","XGBoost","true","","","","","","","","","23","4","","","","","","","","","","","","","","","","","","","","","","","","","","","","","",""
"2026-08-21 15:25:08","19.7s","9000016c0775450ba462a72e02b08155","xgb_candidate_22","NOTEBOOK","S202_8440104B_02_xgboost_model_comparison_against_logistic_regression_baseline_v9_FINAL_CHAMPION.ipynb","sagemaker-user","FINISHED","","","","","","0.85","","","","","","5","full","","","","aucpr","","","","0.0","","","0.05","3","","5","XGBClassifier","","","350","","","'-1","","","","binary:logistic","","","","","","1.0","253680","6244bec277fe3cefce56d46c583a4c5eb73f179ef64c8a1b18557fd0200105c5","","","","42","","0.1","5.0","","2.5","","","","","","","","","","","","","","","","","","","","","","4","0.85","","","12de3cf4074e8656a059c938acbe27143794910116dda3dc217a101698a368c1","","","","","","","93531a7b366471a63d29fd970abad6c5d04a2f933f9ffb2aa38dce1c7b286d65","hist","","","","","","","","","","","","","","","","","","","","","","","","","","","","","","","","","","","","","","0.7103159696513502","0.00373659336115713","0.48799461258851046","0.004893145937673061","0.4596977090185434","0.00590506213284572","0.4350961771476499","0.0034698969220001825","0.555562503256735","0.007772943728037575","0.8253861123398316","0.002077046283201475","","","","","","","","","","","","","","","","","","","","","","","","","","","","","","","","","","","","","","","","","","","","","","","","","","","","","","","","","","","","","","","","","","","","","","","","","","","","","","","","","","","","","","","","","","","","","","ITI113","26S1","team02","s202","team02","s202","diabetes","sagemaker_mlflow_app","arn:aws:sagemaker:ap-southeast-1:044528205969:mlflow-app/app-YHNC33FF6GPZ","20260821T071653Z","full","1.0","s3://nyp-26s1-iti113/iti113/team02/data/diabetes/cleaned/diabetes_binary_cleaned_dataset.csv","tuning_candidate","XGBoost","true","","","","","","","","","22","4","","","","","","","","","","","","","","","","","","","","","","","","","","","","","",""
"2026-08-21 15:24:48","20.3s","3935810aa37f4689b33e0759c860f13c","xgb_candidate_21","NOTEBOOK","S202_8440104B_02_xgboost_model_comparison_against_logistic_regression_baseline_v9_FINAL_CHAMPION.ipynb","sagemaker-user","FINISHED","","","","","","0.85","","","","","","5","full","","","","aucpr","","","","0.0","","","0.05","3","","5","XGBClassifier","","","350","","","'-1","","","","binary:logistic","","","","","","1.0","253680","6244bec277fe3cefce56d46c583a4c5eb73f179ef64c8a1b18557fd0200105c5","","","","42","","0.1","5.0","","2.0","","","","","","","","","","","","","","","","","","","","","","4","0.85","","","12de3cf4074e8656a059c938acbe27143794910116dda3dc217a101698a368c1","","","","","","","93531a7b366471a63d29fd970abad6c5d04a2f933f9ffb2aa38dce1c7b286d65","hist","","","","","","","","","","","","","","","","","","","","","","","","","","","","","","","","","","","","","","0.6836741147029965","0.0040276817403182615","0.4676470244350243","0.00622309897089051","0.4596369193082806","0.005864211864479078","0.4695680188890197","0.004676016082966768","0.46576190293233727","0.00804805209247719","0.8252883433796716","0.0020482328743405935","","","","","","","","","","","","","","","","","","","","","","","","","","","","","","","","","","","","","","","","","","","","","","","","","","","","","","","","","","","","","","","","","","","","","","","","","","","","","","","","","","","","","","","","","","","","","","ITI113","26S1","team02","s202","team02","s202","diabetes","sagemaker_mlflow_app","arn:aws:sagemaker:ap-southeast-1:044528205969:mlflow-app/app-YHNC33FF6GPZ","20260821T071653Z","full","1.0","s3://nyp-26s1-iti113/iti113/team02/data/diabetes/cleaned/diabetes_binary_cleaned_dataset.csv","tuning_candidate","XGBoost","true","","","","","","","","","21","4","","","","","","","","","","","","","","","","","","","","","","","","","","","","","",""
"2026-08-21 15:24:28","19.7s","89394f26ff46478da98410f110b0440d","xgb_candidate_20","NOTEBOOK","S202_8440104B_02_xgboost_model_comparison_against_logistic_regression_baseline_v9_FINAL_CHAMPION.ipynb","sagemaker-user","FINISHED","","","","","","0.85","","","","","","5","full","","","","aucpr","","","","0.0","","","0.05","3","","5","XGBClassifier","","","350","","","'-1","","","","binary:logistic","","","","","","1.0","253680","6244bec277fe3cefce56d46c583a4c5eb73f179ef64c8a1b18557fd0200105c5","","","","42","","0.1","5.0","","1.5","","","","","","","","","","","","","","","","","","","","","","4","0.85","","","12de3cf4074e8656a059c938acbe27143794910116dda3dc217a101698a368c1","","","","","","","93531a7b366471a63d29fd970abad6c5d04a2f933f9ffb2aa38dce1c7b286d65","hist","","","","","","","","","","","","","","","","","","","","","","","","","","","","","","","","","","","","","","0.6444835688717331","0.0023151636390307774","0.417477181492054","0.004443121706527163","0.4597997072599191","0.005906725758504667","0.5166019507084536","0.005510685062406145","0.3502906938377834","0.004643869625767947","0.8253498680856373","0.0021173338816605825","","","","","","","","","","","","","","","","","","","","","","","","","","","","","","","","","","","","","","","","","","","","","","","","","","","","","","","","","","","","","","","","","","","","","","","","","","","","","","","","","","","","","","","","","","","","","","ITI113","26S1","team02","s202","team02","s202","diabetes","sagemaker_mlflow_app","arn:aws:sagemaker:ap-southeast-1:044528205969:mlflow-app/app-YHNC33FF6GPZ","20260821T071653Z","full","1.0","s3://nyp-26s1-iti113/iti113/team02/data/diabetes/cleaned/diabetes_binary_cleaned_dataset.csv","tuning_candidate","XGBoost","true","","","","","","","","","20","4","","","","","","","","","","","","","","","","","","","","","","","","","","","","","",""
"2026-08-21 15:24:08","20.0s","3aae85df002949cbabf9c23c32a53856","xgb_candidate_19","NOTEBOOK","S202_8440104B_02_xgboost_model_comparison_against_logistic_regression_baseline_v9_FINAL_CHAMPION.ipynb","sagemaker-user","FINISHED","","","","","","0.85","","","","","","5","full","","","","aucpr","","","","0.0","","","0.05","3","","5","XGBClassifier","","","350","","","'-1","","","","binary:logistic","","","","","","1.0","253680","6244bec277fe3cefce56d46c583a4c5eb73f179ef64c8a1b18557fd0200105c5","","","","42","","0.1","5.0","","1.0","","","","","","","","","","","","","","","","","","","","","","4","0.85","","","12de3cf4074e8656a059c938acbe27143794910116dda3dc217a101698a368c1","","","","","","","93531a7b366471a63d29fd970abad6c5d04a2f933f9ffb2aa38dce1c7b286d65","hist","","","","","","","","","","","","","","","","","","","","","","","","","","","","","","","","","","","","","","0.58738358070055","0.002791386903377179","0.29976515894528805","0.0070130343913675525","0.45977482038436684","0.006075997752160191","0.5839326180147892","0.012756967801003268","0.201644478831003","0.004936351448855644","0.8253509695343307","0.0021550509726411893","","","","","","","","","","","","","","","","","","","","","","","","","","","","","","","","","","","","","","","","","","","","","","","","","","","","","","","","","","","","","","","","","","","","","","","","","","","","","","","","","","","","","","","","","","","","","","ITI113","26S1","team02","s202","team02","s202","diabetes","sagemaker_mlflow_app","arn:aws:sagemaker:ap-southeast-1:044528205969:mlflow-app/app-YHNC33FF6GPZ","20260821T071653Z","full","1.0","s3://nyp-26s1-iti113/iti113/team02/data/diabetes/cleaned/diabetes_binary_cleaned_dataset.csv","tuning_candidate","XGBoost","true","","","","","","","","","19","4","","","","","","","","","","","","","","","","","","","","","","","","","","","","","",""
"2026-08-21 15:23:45","22.1s","bea4142dfd484b0ea09971eb62c68d2e","xgb_candidate_18","NOTEBOOK","S202_8440104B_02_xgboost_model_comparison_against_logistic_regression_baseline_v9_FINAL_CHAMPION.ipynb","sagemaker-user","FINISHED","","","","","","0.9","","","","","","5","full","","","","aucpr","","","","0.0","","","0.03","3","","3","XGBClassifier","","","350","","","'-1","","","","binary:logistic","","","","","","1.0","253680","6244bec277fe3cefce56d46c583a4c5eb73f179ef64c8a1b18557fd0200105c5","","","","42","","0.05","5.0","","4.0","","","","","","","","","","","","","","","","","","","","","","3","0.85","","","12de3cf4074e8656a059c938acbe27143794910116dda3dc217a101698a368c1","","","","","","","93531a7b366471a63d29fd970abad6c5d04a2f933f9ffb2aa38dce1c7b286d65","hist","","","","","","","","","","","","","","","","","","","","","","","","","","","","","","","","","","","","","","0.7418776507697291","0.0034103548322605057","0.48552289409967164","0.003240904294839154","0.4576292712377496","0.00549933137488021","0.3682734341007909","0.001975950530495109","0.7123382423143744","0.007934366832893208","0.824812783134521","0.002044533765177811","","","","","","","","","","","","","","","","","","","","","","","","","","","","","","","","","","","","","","","","","","","","","","","","","","","","","","","","","","","","","","","","","","","","","","","","","","","","","","","","","","","","","","","","","","","","","","ITI113","26S1","team02","s202","team02","s202","diabetes","sagemaker_mlflow_app","arn:aws:sagemaker:ap-southeast-1:044528205969:mlflow-app/app-YHNC33FF6GPZ","20260821T071653Z","full","1.0","s3://nyp-26s1-iti113/iti113/team02/data/diabetes/cleaned/diabetes_binary_cleaned_dataset.csv","tuning_candidate","XGBoost","true","","","","","","","","","18","3","","","","","","","","","","","","","","","","","","","","","","","","","","","","","",""
"2026-08-21 15:23:25","20.5s","f7f08b79a6b64574baf9832909e3553d","xgb_candidate_17","NOTEBOOK","S202_8440104B_02_xgboost_model_comparison_against_logistic_regression_baseline_v9_FINAL_CHAMPION.ipynb","sagemaker-user","FINISHED","","","","","","0.9","","","","","","5","full","","","","aucpr","","","","0.0","","","0.03","3","","3","XGBClassifier","","","350","","","'-1","","","","binary:logistic","","","","","","1.0","253680","6244bec277fe3cefce56d46c583a4c5eb73f179ef64c8a1b18557fd0200105c5","","","","42","","0.05","5.0","","3.0","","","","","","","","","","","","","","","","","","","","","","3","0.85","","","12de3cf4074e8656a059c938acbe27143794910116dda3dc217a101698a368c1","","","","","","","93531a7b366471a63d29fd970abad6c5d04a2f933f9ffb2aa38dce1c7b286d65","hist","","","","","","","","","","","","","","","","","","","","","","","","","","","","","","","","","","","","","","0.7253028907619998","0.004720695179622778","0.4919313498854532","0.005862118391607722","0.45779655345655296","0.005668923406479064","0.40865548994775447","0.004249079264212607","0.6178476161873486","0.009084824137427054","0.8247818034846125","0.002066449517278103","","","","","","","","","","","","","","","","","","","","","","","","","","","","","","","","","","","","","","","","","","","","","","","","","","","","","","","","","","","","","","","","","","","","","","","","","","","","","","","","","","","","","","","","","","","","","","ITI113","26S1","team02","s202","team02","s202","diabetes","sagemaker_mlflow_app","arn:aws:sagemaker:ap-southeast-1:044528205969:mlflow-app/app-YHNC33FF6GPZ","20260821T071653Z","full","1.0","s3://nyp-26s1-iti113/iti113/team02/data/diabetes/cleaned/diabetes_binary_cleaned_dataset.csv","tuning_candidate","XGBoost","true","","","","","","","","","17","3","","","","","","","","","","","","","","","","","","","","","","","","","","","","","",""
"2026-08-21 15:22:57","26.9s","f83886835d6d47d2891d6966471e30ad","xgb_candidate_16","NOTEBOOK","S202_8440104B_02_xgboost_model_comparison_against_logistic_regression_baseline_v9_FINAL_CHAMPION.ipynb","sagemaker-user","FINISHED","","","","","","0.9","","","","","","5","full","","","","aucpr","","","","0.0","","","0.03","3","","3","XGBClassifier","","","350","","","'-1","","","","binary:logistic","","","","","","1.0","253680","6244bec277fe3cefce56d46c583a4c5eb73f179ef64c8a1b18557fd0200105c5","","","","42","","0.05","5.0","","2.5","","","","","","","","","","","","","","","","","","","","","","3","0.85","","","12de3cf4074e8656a059c938acbe27143794910116dda3dc217a101698a368c1","","","","","","","93531a7b366471a63d29fd970abad6c5d04a2f933f9ffb2aa38dce1c7b286d65","hist","","","","","","","","","","","","","","","","","","","","","","","","","","","","","","","","","","","","","","0.707764981615881","0.004342412132723956","0.48571036879996565","0.0058760751586095","0.4576924337875042","0.0057019623648608886","0.43607471816797816","0.004298872685273224","0.5481208211752635","0.00870814304434048","0.8247829217262126","0.002114044879680967","","","","","","","","","","","","","","","","","","","","","","","","","","","","","","","","","","","","","","","","","","","","","","","","","","","","","","","","","","","","","","","","","","","","","","","","","","","","","","","","","","","","","","","","","","","","","","ITI113","26S1","team02","s202","team02","s202","diabetes","sagemaker_mlflow_app","arn:aws:sagemaker:ap-southeast-1:044528205969:mlflow-app/app-YHNC33FF6GPZ","20260821T071653Z","full","1.0","s3://nyp-26s1-iti113/iti113/team02/data/diabetes/cleaned/diabetes_binary_cleaned_dataset.csv","tuning_candidate","XGBoost","true","","","","","","","","","16","3","","","","","","","","","","","","","","","","","","","","","","","","","","","","","",""
"2026-08-21 15:22:37","20.4s","df99968cf71445c1a9e5108e394ace51","xgb_candidate_15","NOTEBOOK","S202_8440104B_02_xgboost_model_comparison_against_logistic_regression_baseline_v9_FINAL_CHAMPION.ipynb","sagemaker-user","FINISHED","","","","","","0.9","","","","","","5","full","","","","aucpr","","","","0.0","","","0.03","3","","3","XGBClassifier","","","350","","","'-1","","","","binary:logistic","","","","","","1.0","253680","6244bec277fe3cefce56d46c583a4c5eb73f179ef64c8a1b18557fd0200105c5","","","","42","","0.05","5.0","","2.0","","","","","","","","","","","","","","","","","","","","","","3","0.85","","","12de3cf4074e8656a059c938acbe27143794910116dda3dc217a101698a368c1","","","","","","","93531a7b366471a63d29fd970abad6c5d04a2f933f9ffb2aa38dce1c7b286d65","hist","","","","","","","","","","","","","","","","","","","","","","","","","","","","","","","","","","","","","","0.6812764858359284","0.003841587538480941","0.4650730756755127","0.006127023944425214","0.4578605907117268","0.005735636268003178","0.4717205148073852","0.005288907934495863","0.4586327891934179","0.007518816834730711","0.8248323267313173","0.0020937271325540876","","","","","","","","","","","","","","","","","","","","","","","","","","","","","","","","","","","","","","","","","","","","","","","","","","","","","","","","","","","","","","","","","","","","","","","","","","","","","","","","","","","","","","","","","","","","","","ITI113","26S1","team02","s202","team02","s202","diabetes","sagemaker_mlflow_app","arn:aws:sagemaker:ap-southeast-1:044528205969:mlflow-app/app-YHNC33FF6GPZ","20260821T071653Z","full","1.0","s3://nyp-26s1-iti113/iti113/team02/data/diabetes/cleaned/diabetes_binary_cleaned_dataset.csv","tuning_candidate","XGBoost","true","","","","","","","","","15","3","","","","","","","","","","","","","","","","","","","","","","","","","","","","","",""
"2026-08-21 15:22:16","20.9s","5b756e10b3ce4768abf3b3a664f98dd6","xgb_candidate_14","NOTEBOOK","S202_8440104B_02_xgboost_model_comparison_against_logistic_regression_baseline_v9_FINAL_CHAMPION.ipynb","sagemaker-user","FINISHED","","","","","","0.9","","","","","","5","full","","","","aucpr","","","","0.0","","","0.03","3","","3","XGBClassifier","","","350","","","'-1","","","","binary:logistic","","","","","","1.0","253680","6244bec277fe3cefce56d46c583a4c5eb73f179ef64c8a1b18557fd0200105c5","","","","42","","0.05","5.0","","1.5","","","","","","","","","","","","","","","","","","","","","","3","0.85","","","12de3cf4074e8656a059c938acbe27143794910116dda3dc217a101698a368c1","","","","","","","93531a7b366471a63d29fd970abad6c5d04a2f933f9ffb2aa38dce1c7b286d65","hist","","","","","","","","","","","","","","","","","","","","","","","","","","","","","","","","","","","","","","0.6407986416311022","0.0030975172918057577","0.411160484336835","0.005946425605621266","0.4577598647684688","0.005640264598452005","0.5175788546771628","0.00601712172865637","0.34106662822619616","0.006262952891724061","0.8247206028560136","0.0020960466321878644","","","","","","","","","","","","","","","","","","","","","","","","","","","","","","","","","","","","","","","","","","","","","","","","","","","","","","","","","","","","","","","","","","","","","","","","","","","","","","","","","","","","","","","","","","","","","","ITI113","26S1","team02","s202","team02","s202","diabetes","sagemaker_mlflow_app","arn:aws:sagemaker:ap-southeast-1:044528205969:mlflow-app/app-YHNC33FF6GPZ","20260821T071653Z","full","1.0","s3://nyp-26s1-iti113/iti113/team02/data/diabetes/cleaned/diabetes_binary_cleaned_dataset.csv","tuning_candidate","XGBoost","true","","","","","","","","","14","3","","","","","","","","","","","","","","","","","","","","","","","","","","","","","",""
"2026-08-21 15:21:55","20.9s","eb5fda1518244ec684b4303086de81b0","xgb_candidate_13","NOTEBOOK","S202_8440104B_02_xgboost_model_comparison_against_logistic_regression_baseline_v9_FINAL_CHAMPION.ipynb","sagemaker-user","FINISHED","","","","","","0.9","","","","","","5","full","","","","aucpr","","","","0.0","","","0.03","3","","3","XGBClassifier","","","350","","","'-1","","","","binary:logistic","","","","","","1.0","253680","6244bec277fe3cefce56d46c583a4c5eb73f179ef64c8a1b18557fd0200105c5","","","","42","","0.05","5.0","","1.0","","","","","","","","","","","","","","","","","","","","","","3","0.85","","","12de3cf4074e8656a059c938acbe27143794910116dda3dc217a101698a368c1","","","","","","","93531a7b366471a63d29fd970abad6c5d04a2f933f9ffb2aa38dce1c7b286d65","hist","","","","","","","","","","","","","","","","","","","","","","","","","","","","","","","","","","","","","","0.5840305760012237","0.002497035530474949","0.29109820650563645","0.006361507291597786","0.4577996694972944","0.005779415724781827","0.5861993943264452","0.013015402269404815","0.19363994007901023","0.004547684713568492","0.8246898907783716","0.0021118318446885728","","","","","","","","","","","","","","","","","","","","","","","","","","","","","","","","","","","","","","","","","","","","","","","","","","","","","","","","","","","","","","","","","","","","","","","","","","","","","","","","","","","","","","","","","","","","","","ITI113","26S1","team02","s202","team02","s202","diabetes","sagemaker_mlflow_app","arn:aws:sagemaker:ap-southeast-1:044528205969:mlflow-app/app-YHNC33FF6GPZ","20260821T071653Z","full","1.0","s3://nyp-26s1-iti113/iti113/team02/data/diabetes/cleaned/diabetes_binary_cleaned_dataset.csv","tuning_candidate","XGBoost","true","","","","","","","","","13","3","","","","","","","","","","","","","","","","","","","","","","","","","","","","","",""
"2026-08-21 15:21:38","16.7s","d10c7af6f6c54c8f8a9f76eef18c1cba","xgb_candidate_12","NOTEBOOK","S202_8440104B_02_xgboost_model_comparison_against_logistic_regression_baseline_v9_FINAL_CHAMPION.ipynb","sagemaker-user","FINISHED","","","","","","0.9","","","","","","5","full","","","","aucpr","","","","0.0","","","0.05","2","","3","XGBClassifier","","","350","","","'-1","","","","binary:logistic","","","","","","1.0","253680","6244bec277fe3cefce56d46c583a4c5eb73f179ef64c8a1b18557fd0200105c5","","","","42","","0.05","3.0","","4.0","","","","","","","","","","","","","","","","","","","","","","2","0.9","","","12de3cf4074e8656a059c938acbe27143794910116dda3dc217a101698a368c1","","","","","","","93531a7b366471a63d29fd970abad6c5d04a2f933f9ffb2aa38dce1c7b286d65","hist","","","","","","","","","","","","","","","","","","","","","","","","","","","","","","","","","","","","","","0.7409194547015174","0.003594697381832389","0.4862900486517547","0.003556933102686446","0.4567131028413277","0.004855296644247347","0.3709706422452051","0.0022700733296348004","0.7056781130695351","0.008031343693317415","0.8244781506122998","0.0021342839684162433","","","","","","","","","","","","","","","","","","","","","","","","","","","","","","","","","","","","","","","","","","","","","","","","","","","","","","","","","","","","","","","","","","","","","","","","","","","","","","","","","","","","","","","","","","","","","","ITI113","26S1","team02","s202","team02","s202","diabetes","sagemaker_mlflow_app","arn:aws:sagemaker:ap-southeast-1:044528205969:mlflow-app/app-YHNC33FF6GPZ","20260821T071653Z","full","1.0","s3://nyp-26s1-iti113/iti113/team02/data/diabetes/cleaned/diabetes_binary_cleaned_dataset.csv","tuning_candidate","XGBoost","true","","","","","","","","","12","2","","","","","","","","","","","","","","","","","","","","","","","","","","","","","",""
"2026-08-21 15:21:21","16.8s","0206c8becf5940668ca7ea17d8d5a705","xgb_candidate_11","NOTEBOOK","S202_8440104B_02_xgboost_model_comparison_against_logistic_regression_baseline_v9_FINAL_CHAMPION.ipynb","sagemaker-user","FINISHED","","","","","","0.9","","","","","","5","full","","","","aucpr","","","","0.0","","","0.05","2","","3","XGBClassifier","","","350","","","'-1","","","","binary:logistic","","","","","","1.0","253680","6244bec277fe3cefce56d46c583a4c5eb73f179ef64c8a1b18557fd0200105c5","","","","42","","0.05","3.0","","3.0","","","","","","","","","","","","","","","","","","","","","","2","0.9","","","12de3cf4074e8656a059c938acbe27143794910116dda3dc217a101698a368c1","","","","","","","93531a7b366471a63d29fd970abad6c5d04a2f933f9ffb2aa38dce1c7b286d65","hist","","","","","","","","","","","","","","","","","","","","","","","","","","","","","","","","","","","","","","0.7233071422433544","0.005183562539401955","0.4912271205123866","0.006366740551119239","0.45695759948305603","0.005031900818115904","0.4111656829045181","0.004417062196903921","0.6100307044724588","0.0103130158366088","0.8244672667007601","0.002175701835445124","","","","","","","","","","","","","","","","","","","","","","","","","","","","","","","","","","","","","","","","","","","","","","","","","","","","","","","","","","","","","","","","","","","","","","","","","","","","","","","","","","","","","","","","","","","","","","ITI113","26S1","team02","s202","team02","s202","diabetes","sagemaker_mlflow_app","arn:aws:sagemaker:ap-southeast-1:044528205969:mlflow-app/app-YHNC33FF6GPZ","20260821T071653Z","full","1.0","s3://nyp-26s1-iti113/iti113/team02/data/diabetes/cleaned/diabetes_binary_cleaned_dataset.csv","tuning_candidate","XGBoost","true","","","","","","","","","11","2","","","","","","","","","","","","","","","","","","","","","","","","","","","","","",""
"2026-08-21 15:21:04","17.0s","a99940c1f675449d8eea7465199cf203","xgb_candidate_10","NOTEBOOK","S202_8440104B_02_xgboost_model_comparison_against_logistic_regression_baseline_v9_FINAL_CHAMPION.ipynb","sagemaker-user","FINISHED","","","","","","0.9","","","","","","5","full","","","","aucpr","","","","0.0","","","0.05","2","","3","XGBClassifier","","","350","","","'-1","","","","binary:logistic","","","","","","1.0","253680","6244bec277fe3cefce56d46c583a4c5eb73f179ef64c8a1b18557fd0200105c5","","","","42","","0.05","3.0","","2.5","","","","","","","","","","","","","","","","","","","","","","2","0.9","","","12de3cf4074e8656a059c938acbe27143794910116dda3dc217a101698a368c1","","","","","","","93531a7b366471a63d29fd970abad6c5d04a2f933f9ffb2aa38dce1c7b286d65","hist","","","","","","","","","","","","","","","","","","","","","","","","","","","","","","","","","","","","","","0.7070155924020164","0.004128731243076214","0.4859138644232597","0.005805546347845773","0.45693259667321195","0.005030659973406953","0.43896817170145974","0.004618253008583612","0.5441185689078185","0.00790156526271627","0.8245179965995039","0.00218697176930863","","","","","","","","","","","","","","","","","","","","","","","","","","","","","","","","","","","","","","","","","","","","","","","","","","","","","","","","","","","","","","","","","","","","","","","","","","","","","","","","","","","","","","","","","","","","","","ITI113","26S1","team02","s202","team02","s202","diabetes","sagemaker_mlflow_app","arn:aws:sagemaker:ap-southeast-1:044528205969:mlflow-app/app-YHNC33FF6GPZ","20260821T071653Z","full","1.0","s3://nyp-26s1-iti113/iti113/team02/data/diabetes/cleaned/diabetes_binary_cleaned_dataset.csv","tuning_candidate","XGBoost","true","","","","","","","","","10","2","","","","","","","","","","","","","","","","","","","","","","","","","","","","","",""
"2026-08-21 15:20:45","17.8s","f96d70db261e4f1792d2d543d194b6a1","xgb_candidate_09","NOTEBOOK","S202_8440104B_02_xgboost_model_comparison_against_logistic_regression_baseline_v9_FINAL_CHAMPION.ipynb","sagemaker-user","FINISHED","","","","","","0.9","","","","","","5","full","","","","aucpr","","","","0.0","","","0.05","2","","3","XGBClassifier","","","350","","","'-1","","","","binary:logistic","","","","","","1.0","253680","6244bec277fe3cefce56d46c583a4c5eb73f179ef64c8a1b18557fd0200105c5","","","","42","","0.05","3.0","","2.0","","","","","","","","","","","","","","","","","","","","","","2","0.9","","","12de3cf4074e8656a059c938acbe27143794910116dda3dc217a101698a368c1","","","","","","","93531a7b366471a63d29fd970abad6c5d04a2f933f9ffb2aa38dce1c7b286d65","hist","","","","","","","","","","","","","","","","","","","","","","","","","","","","","","","","","","","","","","0.6799151467116233","0.0035377517685475394","0.4634468047179044","0.005679043714089456","0.4569800319379664","0.004984900859798381","0.4723764466465391","0.005380127942402653","0.4548806443921151","0.0070439933158835955","0.8244480625121147","0.002176421340552686","","","","","","","","","","","","","","","","","","","","","","","","","","","","","","","","","","","","","","","","","","","","","","","","","","","","","","","","","","","","","","","","","","","","","","","","","","","","","","","","","","","","","","","","","","","","","","ITI113","26S1","team02","s202","team02","s202","diabetes","sagemaker_mlflow_app","arn:aws:sagemaker:ap-southeast-1:044528205969:mlflow-app/app-YHNC33FF6GPZ","20260821T071653Z","full","1.0","s3://nyp-26s1-iti113/iti113/team02/data/diabetes/cleaned/diabetes_binary_cleaned_dataset.csv","tuning_candidate","XGBoost","true","","","","","","","","","9","2","","","","","","","","","","","","","","","","","","","","","","","","","","","","","",""
"2026-08-21 15:20:28","16.8s","623b905640d742029c3a8279000712b2","xgb_candidate_08","NOTEBOOK","S202_8440104B_02_xgboost_model_comparison_against_logistic_regression_baseline_v9_FINAL_CHAMPION.ipynb","sagemaker-user","FINISHED","","","","","","0.9","","","","","","5","full","","","","aucpr","","","","0.0","","","0.05","2","","3","XGBClassifier","","","350","","","'-1","","","","binary:logistic","","","","","","1.0","253680","6244bec277fe3cefce56d46c583a4c5eb73f179ef64c8a1b18557fd0200105c5","","","","42","","0.05","3.0","","1.5","","","","","","","","","","","","","","","","","","","","","","2","0.9","","","12de3cf4074e8656a059c938acbe27143794910116dda3dc217a101698a368c1","","","","","","","93531a7b366471a63d29fd970abad6c5d04a2f933f9ffb2aa38dce1c7b286d65","hist","","","","","","","","","","","","","","","","","","","","","","","","","","","","","","","","","","","","","","0.6407892193714513","0.0023998832700869565","0.4110570199908928","0.0047167603463175636","0.45726860856302637","0.005115531655668035","0.5166521433890049","0.005800310817306764","0.34131685300811837","0.004604802353869549","0.8245300283809789","0.002155478042701784","","","","","","","","","","","","","","","","","","","","","","","","","","","","","","","","","","","","","","","","","","","","","","","","","","","","","","","","","","","","","","","","","","","","","","","","","","","","","","","","","","","","","","","","","","","","","","ITI113","26S1","team02","s202","team02","s202","diabetes","sagemaker_mlflow_app","arn:aws:sagemaker:ap-southeast-1:044528205969:mlflow-app/app-YHNC33FF6GPZ","20260821T071653Z","full","1.0","s3://nyp-26s1-iti113/iti113/team02/data/diabetes/cleaned/diabetes_binary_cleaned_dataset.csv","tuning_candidate","XGBoost","true","","","","","","","","","8","2","","","","","","","","","","","","","","","","","","","","","","","","","","","","","",""
"2026-08-21 15:20:11","17.3s","9d93730876414750a2c3b6ff9b6f6742","xgb_candidate_07","NOTEBOOK","S202_8440104B_02_xgboost_model_comparison_against_logistic_regression_baseline_v9_FINAL_CHAMPION.ipynb","sagemaker-user","FINISHED","","","","","","0.9","","","","","","5","full","","","","aucpr","","","","0.0","","","0.05","2","","3","XGBClassifier","","","350","","","'-1","","","","binary:logistic","","","","","","1.0","253680","6244bec277fe3cefce56d46c583a4c5eb73f179ef64c8a1b18557fd0200105c5","","","","42","","0.05","3.0","","1.0","","","","","","","","","","","","","","","","","","","","","","2","0.9","","","12de3cf4074e8656a059c938acbe27143794910116dda3dc217a101698a368c1","","","","","","","93531a7b366471a63d29fd970abad6c5d04a2f933f9ffb2aa38dce1c7b286d65","hist","","","","","","","","","","","","","","","","","","","","","","","","","","","","","","","","","","","","","","0.5865385019863634","0.0023861433854971592","0.29763119054658754","0.0060067571382382435","0.4572488913998912","0.00517388392628869","0.5813944873592757","0.010742916195011996","0.200018667873455","0.004319987302219521","0.8244886199294902","0.0022209155152078676","","","","","","","","","","","","","","","","","","","","","","","","","","","","","","","","","","","","","","","","","","","","","","","","","","","","","","","","","","","","","","","","","","","","","","","","","","","","","","","","","","","","","","","","","","","","","","ITI113","26S1","team02","s202","team02","s202","diabetes","sagemaker_mlflow_app","arn:aws:sagemaker:ap-southeast-1:044528205969:mlflow-app/app-YHNC33FF6GPZ","20260821T071653Z","full","1.0","s3://nyp-26s1-iti113/iti113/team02/data/diabetes/cleaned/diabetes_binary_cleaned_dataset.csv","tuning_candidate","XGBoost","true","","","","","","","","","7","2","","","","","","","","","","","","","","","","","","","","","","","","","","","","","",""
"2026-08-21 15:19:54","17.2s","fbf5b0f4f22b43d2859cd204dd22f35c","xgb_candidate_06","NOTEBOOK","S202_8440104B_02_xgboost_model_comparison_against_logistic_regression_baseline_v9_FINAL_CHAMPION.ipynb","sagemaker-user","FINISHED","","","","","","0.9","","","","","","5","full","","","","aucpr","","","","0.0","","","0.03","2","","1","XGBClassifier","","","350","","","'-1","","","","binary:logistic","","","","","","1.0","253680","6244bec277fe3cefce56d46c583a4c5eb73f179ef64c8a1b18557fd0200105c5","","","","42","","0.0","1.0","","4.0","","","","","","","","","","","","","","","","","","","","","","1","0.9","","","12de3cf4074e8656a059c938acbe27143794910116dda3dc217a101698a368c1","","","","","","","93531a7b366471a63d29fd970abad6c5d04a2f933f9ffb2aa38dce1c7b286d65","hist","","","","","","","","","","","","","","","","","","","","","","","","","","","","","","","","","","","","","","0.7394125653088945","0.00393649831078132","0.48541829984316937","0.003847954510630957","0.4545237788177622","0.0044611583398701336","0.3713217192796374","0.0022865432083699682","0.7007691760218668","0.00887326780819291","0.8235005856417891","0.0019735862895012835","","","","","","","","","","","","","","","","","","","","","","","","","","","","","","","","","","","","","","","","","","","","","","","","","","","","","","","","","","","","","","","","","","","","","","","","","","","","","","","","","","","","","","","","","","","","","","ITI113","26S1","team02","s202","team02","s202","diabetes","sagemaker_mlflow_app","arn:aws:sagemaker:ap-southeast-1:044528205969:mlflow-app/app-YHNC33FF6GPZ","20260821T071653Z","full","1.0","s3://nyp-26s1-iti113/iti113/team02/data/diabetes/cleaned/diabetes_binary_cleaned_dataset.csv","tuning_candidate","XGBoost","true","","","","","","","","","6","1","","","","","","","","","","","","","","","","","","","","","","","","","","","","","",""
"2026-08-21 15:19:36","17.1s","5daf7d733543479ea51118bca62e51bd","xgb_candidate_05","NOTEBOOK","S202_8440104B_02_xgboost_model_comparison_against_logistic_regression_baseline_v9_FINAL_CHAMPION.ipynb","sagemaker-user","FINISHED","","","","","","0.9","","","","","","5","full","","","","aucpr","","","","0.0","","","0.03","2","","1","XGBClassifier","","","350","","","'-1","","","","binary:logistic","","","","","","1.0","253680","6244bec277fe3cefce56d46c583a4c5eb73f179ef64c8a1b18557fd0200105c5","","","","42","","0.0","1.0","","3.0","","","","","","","","","","","","","","","","","","","","","","1","0.9","","","12de3cf4074e8656a059c938acbe27143794910116dda3dc217a101698a368c1","","","","","","","93531a7b366471a63d29fd970abad6c5d04a2f933f9ffb2aa38dce1c7b286d65","hist","","","","","","","","","","","","","","","","","","","","","","","","","","","","","","","","","","","","","","0.7210549957524617","0.005035725740026202","0.4903667567064379","0.00633304443197847","0.4545672506719443","0.004606907028684089","0.4139803699712797","0.004495556818930406","0.6013383530800231","0.009840081015016114","0.8235148227330853","0.001960826807968126","","","","","","","","","","","","","","","","","","","","","","","","","","","","","","","","","","","","","","","","","","","","","","","","","","","","","","","","","","","","","","","","","","","","","","","","","","","","","","","","","","","","","","","","","","","","","","ITI113","26S1","team02","s202","team02","s202","diabetes","sagemaker_mlflow_app","arn:aws:sagemaker:ap-southeast-1:044528205969:mlflow-app/app-YHNC33FF6GPZ","20260821T071653Z","full","1.0","s3://nyp-26s1-iti113/iti113/team02/data/diabetes/cleaned/diabetes_binary_cleaned_dataset.csv","tuning_candidate","XGBoost","true","","","","","","","","","5","1","","","","","","","","","","","","","","","","","","","","","","","","","","","","","",""
"2026-08-21 15:19:19","17.2s","f1f50d08b00b4b0c8758910a5aa2971e","xgb_candidate_04","NOTEBOOK","S202_8440104B_02_xgboost_model_comparison_against_logistic_regression_baseline_v9_FINAL_CHAMPION.ipynb","sagemaker-user","FINISHED","","","","","","0.9","","","","","","5","full","","","","aucpr","","","","0.0","","","0.03","2","","1","XGBClassifier","","","350","","","'-1","","","","binary:logistic","","","","","","1.0","253680","6244bec277fe3cefce56d46c583a4c5eb73f179ef64c8a1b18557fd0200105c5","","","","42","","0.0","1.0","","2.5","","","","","","","","","","","","","","","","","","","","","","1","0.9","","","12de3cf4074e8656a059c938acbe27143794910116dda3dc217a101698a368c1","","","","","","","93531a7b366471a63d29fd970abad6c5d04a2f933f9ffb2aa38dce1c7b286d65","hist","","","","","","","","","","","","","","","","","","","","","","","","","","","","","","","","","","","","","","0.7027742793921116","0.004731259293652105","0.48245103573287135","0.006726696485601691","0.4546122704202622","0.0046784962806850445","0.442184977366609","0.005106712139394392","0.5307986085957468","0.009086511979320519","0.8235169670563117","0.0020043837423844397","","","","","","","","","","","","","","","","","","","","","","","","","","","","","","","","","","","","","","","","","","","","","","","","","","","","","","","","","","","","","","","","","","","","","","","","","","","","","","","","","","","","","","","","","","","","","","ITI113","26S1","team02","s202","team02","s202","diabetes","sagemaker_mlflow_app","arn:aws:sagemaker:ap-southeast-1:044528205969:mlflow-app/app-YHNC33FF6GPZ","20260821T071653Z","full","1.0","s3://nyp-26s1-iti113/iti113/team02/data/diabetes/cleaned/diabetes_binary_cleaned_dataset.csv","tuning_candidate","XGBoost","true","","","","","","","","","4","1","","","","","","","","","","","","","","","","","","","","","","","","","","","","","",""
"2026-08-21 15:19:01","18.0s","76c19e7ed9d643cdbd2821cfa2b8d908","xgb_candidate_03","NOTEBOOK","S202_8440104B_02_xgboost_model_comparison_against_logistic_regression_baseline_v9_FINAL_CHAMPION.ipynb","sagemaker-user","FINISHED","","","","","","0.9","","","","","","5","full","","","","aucpr","","","","0.0","","","0.03","2","","1","XGBClassifier","","","350","","","'-1","","","","binary:logistic","","","","","","1.0","253680","6244bec277fe3cefce56d46c583a4c5eb73f179ef64c8a1b18557fd0200105c5","","","","42","","0.0","1.0","","2.0","","","","","","","","","","","","","","","","","","","","","","1","0.9","","","12de3cf4074e8656a059c938acbe27143794910116dda3dc217a101698a368c1","","","","","","","93531a7b366471a63d29fd970abad6c5d04a2f933f9ffb2aa38dce1c7b286d65","hist","","","","","","","","","","","","","","","","","","","","","","","","","","","","","","","","","","","","","","0.6746986848321801","0.0036702972256430952","0.45746553790102523","0.006021374387424472","0.4546966488489247","0.004697922695752347","0.47684958604770394","0.005495413465627455","0.4396220848128564","0.0072297620724875765","0.8234806086651524","0.0020056504937107957","","","","","","","","","","","","","","","","","","","","","","","","","","","","","","","","","","","","","","","","","","","","","","","","","","","","","","","","","","","","","","","","","","","","","","","","","","","","","","","","","","","","","","","","","","","","","","ITI113","26S1","team02","s202","team02","s202","diabetes","sagemaker_mlflow_app","arn:aws:sagemaker:ap-southeast-1:044528205969:mlflow-app/app-YHNC33FF6GPZ","20260821T071653Z","full","1.0","s3://nyp-26s1-iti113/iti113/team02/data/diabetes/cleaned/diabetes_binary_cleaned_dataset.csv","tuning_candidate","XGBoost","true","","","","","","","","","3","1","","","","","","","","","","","","","","","","","","","","","","","","","","","","","",""
"2026-08-21 15:18:43","17.4s","cebfba09f23c41a89bd943040ba7e291","xgb_candidate_02","NOTEBOOK","S202_8440104B_02_xgboost_model_comparison_against_logistic_regression_baseline_v9_FINAL_CHAMPION.ipynb","sagemaker-user","FINISHED","","","","","","0.9","","","","","","5","full","","","","aucpr","","","","0.0","","","0.03","2","","1","XGBClassifier","","","350","","","'-1","","","","binary:logistic","","","","","","1.0","253680","6244bec277fe3cefce56d46c583a4c5eb73f179ef64c8a1b18557fd0200105c5","","","","42","","0.0","1.0","","1.5","","","","","","","","","","","","","","","","","","","","","","1","0.9","","","12de3cf4074e8656a059c938acbe27143794910116dda3dc217a101698a368c1","","","","","","","93531a7b366471a63d29fd970abad6c5d04a2f933f9ffb2aa38dce1c7b286d65","hist","","","","","","","","","","","","","","","","","","","","","","","","","","","","","","","","","","","","","","0.6340894025797111","0.0027727615588838484","0.39943447009125366","0.0054691197089968835","0.45486644280540167","0.004783860436836113","0.5210567619837486","0.0057245913839440886","0.3238695329257979","0.005669143376690831","0.8235060536488847","0.0020259068067179135","","","","","","","","","","","","","","","","","","","","","","","","","","","","","","","","","","","","","","","","","","","","","","","","","","","","","","","","","","","","","","","","","","","","","","","","","","","","","","","","","","","","","","","","","","","","","","ITI113","26S1","team02","s202","team02","s202","diabetes","sagemaker_mlflow_app","arn:aws:sagemaker:ap-southeast-1:044528205969:mlflow-app/app-YHNC33FF6GPZ","20260821T071653Z","full","1.0","s3://nyp-26s1-iti113/iti113/team02/data/diabetes/cleaned/diabetes_binary_cleaned_dataset.csv","tuning_candidate","XGBoost","true","","","","","","","","","2","1","","","","","","","","","","","","","","","","","","","","","","","","","","","","","",""
"2026-08-21 15:18:25","17.4s","a7b796bb10e04ea397454374fd4acbbd","xgb_candidate_01","NOTEBOOK","S202_8440104B_02_xgboost_model_comparison_against_logistic_regression_baseline_v9_FINAL_CHAMPION.ipynb","sagemaker-user","FINISHED","","","","","","0.9","","","","","","5","full","","","","aucpr","","","","0.0","","","0.03","2","","1","XGBClassifier","","","350","","","'-1","","","","binary:logistic","","","","","","1.0","253680","6244bec277fe3cefce56d46c583a4c5eb73f179ef64c8a1b18557fd0200105c5","","","","42","","0.0","1.0","","1.0","","","","","","","","","","","","","","","","","","","","","","1","0.9","","","12de3cf4074e8656a059c938acbe27143794910116dda3dc217a101698a368c1","","","","","","","93531a7b366471a63d29fd970abad6c5d04a2f933f9ffb2aa38dce1c7b286d65","hist","","","","","","","","","","","","","","","","","","","","","","","","","","","","","","","","","","","","","","0.5779006201017388","0.0024129051716403524","0.2747675374182835","0.006332316569860508","0.45494539057167416","0.0049505596162263445","0.589311992120886","0.012336106920022022","0.17916315819162806","0.004540539561113825","0.8234176809879512","0.002024790744564885","","","","","","","","","","","","","","","","","","","","","","","","","","","","","","","","","","","","","","","","","","","","","","","","","","","","","","","","","","","","","","","","","","","","","","","","","","","","","","","","","","","","","","","","","","","","","","ITI113","26S1","team02","s202","team02","s202","diabetes","sagemaker_mlflow_app","arn:aws:sagemaker:ap-southeast-1:044528205969:mlflow-app/app-YHNC33FF6GPZ","20260821T071653Z","full","1.0","s3://nyp-26s1-iti113/iti113/team02/data/diabetes/cleaned/diabetes_binary_cleaned_dataset.csv","tuning_candidate","XGBoost","true","","","","","","","","","1","1","","","","","","","","","","","","","","","","","","","","","","","","","","","","","",""
"2026-08-21 15:18:25","10.2min","5e7abe8484034c00a7cba22df472a08e","team02_s202_xgb_tuning_parent","NOTEBOOK","S202_8440104B_02_xgboost_model_comparison_against_logistic_regression_baseline_v9_FINAL_CHAMPION.ipynb","sagemaker-user","FINISHED","","","","","","","","","","","","5","full","","","","","","","","","","5.346","","","","","","30","","","","","","5","","0.002","","","","","","cv_pr_auc_mean","1.0","253680","6244bec277fe3cefce56d46c583a4c5eb73f179ef64c8a1b18557fd0200105c5","","","","","","","","","","[1.0, 1.5, 2.0, 2.5, 3.0, 4.0]","","","","","","","","","","","","","","","","","","","","","","","","","12de3cf4074e8656a059c938acbe27143794910116dda3dc217a101698a368c1","","","","","","","93531a7b366471a63d29fd970abad6c5d04a2f933f9ffb2aa38dce1c7b286d65","","","","","","","","","","","","","","","","","0.46004043144637013","","","","","","","","","","","","","","","","","","","","","","","","","","","","","","","","","","","","","","","","","","","","","","","","12","","","","","","","","","","0.4927131477649792","0.45949131473592414","0.8254136063485209","","","","","","","","","","","","","","","","","","","","","","","","","","","","","","","","","","","","","","","","","","","","","","","","","","","","","","","","","","","","","","","","","","","ITI113","26S1","team02","s202","team02","s202","diabetes","sagemaker_mlflow_app","arn:aws:sagemaker:ap-southeast-1:044528205969:mlflow-app/app-YHNC33FF6GPZ","20260821T071653Z","full","1.0","s3://nyp-26s1-iti113/iti113/team02/data/diabetes/cleaned/diabetes_binary_cleaned_dataset.csv","tuning_parent","XGBoost","false","","","","","","","","","","","","","","","","","","","","","","","","","","","","","","","","","","","","","","","",""
"2026-08-21 15:17:17","39.4s","076dbef4631a4fddbd51e3e1ac453c6b","team02_s202_xgboost_reference","NOTEBOOK","S202_8440104B_02_xgboost_model_comparison_against_logistic_regression_baseline_v9_FINAL_CHAMPION.ipynb","sagemaker-user","FINISHED","","","","","","0.8","","","","","","5","full","s3://nyp-26s1-iti113/iti113/team02/data/diabetes/cleaned/diabetes_binary_cleaned_dataset.csv","","","logloss","","","253680","","","","0.1","4","","1","XGBClassifier","","","300","","21","'-1","","","","binary:logistic","","","","","","1.0","253680","","","","","42","","0.0","1.0","","1","","","","","","","","","","","","","cv_pr_auc_mean","","","","","","","","","","0.8","0.2","50736","","","","","","","202944","","hist","","","","","","","","","","","","","","","","","","","","","","","","","","","","","","","","","","","","","","0.587284884479799","0.003154688334609587","0.29951519015889694","0.007927887361226321","0.4586278642707648","0.0074525488800137926","0.5833763215549942","0.014361024570059704","0.20148803335052987","0.005628977731128275","0.8252107542410521","0.002011625372233758","","","","","","","","","","","","","","","","","","","","","","","","","","","","","","","","","","","","","","","","","","","","","","","","","","","","","","","","","","","","","","","","","","","","","","","","","","","","","","","","","","","","","","","","","","","","","","ITI113","26S1","team02","s202","team02","s202","diabetes","sagemaker_mlflow_app","arn:aws:sagemaker:ap-southeast-1:044528205969:mlflow-app/app-YHNC33FF6GPZ","20260821T071653Z","full","1.0","s3://nyp-26s1-iti113/iti113/team02/data/diabetes/cleaned/diabetes_binary_cleaned_dataset.csv","reference_configuration","XGBoost","false","","","","","","","","","","","","","","","","","","","","","","","","","","","","","","","","","","","","","","","",""
"2026-08-21 14:59:54","2.1min","4dad8c2c58144a1ba3754ddf0cd22248","team02_s202_final_xgboost","NOTEBOOK","S202_8440104B_02_xgboost_model_comparison_against_logistic_regression_baseline_v8_FINAL_REPORT_UPDATED.ipynb","sagemaker-user","FINISHED","","","","","0.5","","","5915855b52af4f8e97be9637dc6e2e86","0.21","load_latest_compatible_lr_and_rescore_on_xgb_test_rows","12de3cf4074e8656a059c938acbe27143794910116dda3dc217a101698a368c1","5","full","","","","aucpr","","","253680","","","","0.03","4","","","","","","450","ffbd61a5d4f1405fb8af0856e93609ea","","'-1","","","","binary:logistic","","","","","cv_pr_auc_mean","1.0","253680","6244bec277fe3cefce56d46c583a4c5eb73f179ef64c8a1b18557fd0200105c5","3.12.13","test_auc_roc","0.75","42","","","","","3.0","","","","xgb_candidate_29","6bf76bd0fbc648eca9e75e257d8fdf74","","","","","XGBoost","","","","TreeExplainer","500","","","","","","","","","","","12de3cf4074e8656a059c938acbe27143794910116dda3dc217a101698a368c1","","","f1","","891e4d57e0f14b2a8aa1b43a19c02e24","","93531a7b366471a63d29fd970abad6c5d04a2f933f9ffb2aa38dce1c7b286d65","hist","","","","","","","","","","","","","","","","","","21","20","21","5","0.9961","3","1","1001","0.1219","0.0352","0.0226","","","4375","0.0862","","'-0.03364602876798001","","0.030010810145535916","'-0.03364602876797995","","","","","","","","","","","","","","","","","","","","","0.4937","","","","","","","","","","","","","","","","","","","","","","","","0.5","0.4595","0.8254","6","8","0.7981512141280354","0.8248201732385823","","0.7263021481146992","0.13392609827383717","","","0.49244188927987315","0.5624745256102531","","","3027","0.37861163227016886","7214","0.16878407150043284","0.46439747791619373","0.407814808734198","0.6213883677298312","","0.8312159284995672","35527","4968","","","0.4937","0.8001665484074425","0.8303888768916997","0.7315252683002189","0.13279001821979583","0.49891888552542163","0.5707226892656645","11792","0.3687073979113251","28763","0.16824206548823714","0.47029693521248167","0.4124364186056013","0.6312926020886749","0.8317579345117628","142199","20190","","","","","","","0","true","true","true","true","PR-AUC","","","UNDETERMINED","ITI113","26S1","team02","s202","team02","s202","diabetes","sagemaker_mlflow_app","arn:aws:sagemaker:ap-southeast-1:044528205969:mlflow-app/app-YHNC33FF6GPZ","20260821T064440Z","full","1.0","s3://nyp-26s1-iti113/iti113/team02/data/diabetes/cleaned/diabetes_binary_cleaned_dataset.csv","final_holdout_evaluation","XGBoost","false","6bf76bd0fbc648eca9e75e257d8fdf74","xgb_candidate_29","true","true","","","XGBoost","PR-AUC is the predefined primary metric. On the exact same held-out rows, XGBoost PR-AUC=0.464397 versus LR=0.434387 (delta=+0.030011). Performance recommendation=XGBoost. Recall trade-off: XGBoost=0.621388, LR=0.655034; FNR: XGBoost=0.378612, LR=0.3","","","","","","","","","","","","","","","","","","","","","","","","","","","","","","","",""
"2026-08-21 14:59:35","1.3s","891e4d57e0f14b2a8aa1b43a19c02e24","team02_s202_xgb_threshold_tuning","NOTEBOOK","S202_8440104B_02_xgboost_model_comparison_against_logistic_regression_baseline_v8_FINAL_REPORT_UPDATED.ipynb","sagemaker-user","FINISHED","","","","","","","","","","","","5","full","","","","","","","","","","","","","","","","","","","","","","","91","","","","","","","","1.0","253680","","","","","","","","","","","","","","","","","0.03","4","","","450","3.0","","","","","","","","","","","","","","","0.95","0.05","f1","0.01","","","","","","","","","","","","","","","","","","","","","","","","","","","","","","","","","","","","","","","","","","","","","","","","","","","","","","0.7278","0.4937","0.3741792258145207","0.17013722347656204","0.4076","0.6258207741854793","0.829862776523438","0.5","","","","","","","","0.7278417753544586","0.49368556065314984","0.3741792258145207","0.17013722347656204","0.40762087084029164","0.6258207741854793","0.829862776523438","0.5","","","","","","","","","","","","","","","","","","","","","","","","","","","","","","","","","","","","","","","","","","","","","","","","","","","","","","","","","","","","","","","","","","","","","","","ITI113","26S1","team02","s202","team02","s202","diabetes","sagemaker_mlflow_app","arn:aws:sagemaker:ap-southeast-1:044528205969:mlflow-app/app-YHNC33FF6GPZ","20260821T064440Z","full","1.0","s3://nyp-26s1-iti113/iti113/team02/data/diabetes/cleaned/diabetes_binary_cleaned_dataset.csv","threshold_tuning","XGBoost","false","6bf76bd0fbc648eca9e75e257d8fdf74","","","","","","","","","","","","","","","","","","","","","","","","","","","","","","","","","","","","","","",""
"2026-08-21 14:56:38","2.0min","ffbd61a5d4f1405fb8af0856e93609ea","team02_s202_xgb_n_estimators_refinement","NOTEBOOK","S202_8440104B_02_xgboost_model_comparison_against_logistic_regression_baseline_v8_FINAL_REPORT_UPDATED.ipynb","sagemaker-user","FINISHED","","","","","","0.8","","","","","","5","","","","","","","","","0.05","","","0.03","4","","5.0","","","[150, 250, 350, 450, 600]","","","","","","","0.0015","","","","","","cv_pr_auc_mean","","","","","","","","","0.1","10.0","","3.0","","","","","","","","","","","","","","","","","","","","","","","0.8","","","","","","","","","","","","","","","","","","","","","","","","","","","","0.4606","","","","","","","","","","","","","","","","","","","","","","","","","","","","","","","","","","","","","","","","","","","","","","","","","","","","","","","","","","","","450","","0.4937","0.4603","0.8256","","","","","","","","","","","","","","","","","","","","","","","","","","","","","","","","","","","","","","","","","","","","","","","","","","","","","","","","","","","","","","ITI113","26S1","team02","s202","team02","s202","diabetes","sagemaker_mlflow_app","arn:aws:sagemaker:ap-southeast-1:044528205969:mlflow-app/app-YHNC33FF6GPZ","20260821T064440Z","full","1.0","s3://nyp-26s1-iti113/iti113/team02/data/diabetes/cleaned/diabetes_binary_cleaned_dataset.csv","n_estimators_refinement","XGBoost","false","6bf76bd0fbc648eca9e75e257d8fdf74","","","","","","","","","","","","","","","","","","","","","","","","","","","","","","","","","","","","","","",""
"2026-08-21 14:55:52","23.9s","0b10c756666a4613a12e247afb57ffee","xgb_candidate_30","NOTEBOOK","S202_8440104B_02_xgboost_model_comparison_against_logistic_regression_baseline_v8_FINAL_REPORT_UPDATED.ipynb","sagemaker-user","FINISHED","","","","","","0.8","","","","","","5","full","","","","aucpr","","","","0.05","","","0.03","4","","5","XGBClassifier","","","350","","","'-1","","","","binary:logistic","","","","","","1.0","253680","6244bec277fe3cefce56d46c583a4c5eb73f179ef64c8a1b18557fd0200105c5","","","","42","","0.1","10.0","","4.0","","","","","","","","","","","","","","","","","","","","","","5","0.8","","","12de3cf4074e8656a059c938acbe27143794910116dda3dc217a101698a368c1","","","","","","","93531a7b366471a63d29fd970abad6c5d04a2f933f9ffb2aa38dce1c7b286d65","hist","","","","","","","","","","","","","","","","","","","","","","","","","","","","","","","","","","","","","","0.7426864448679658","0.0036887336931093135","0.48579927380501375","0.003494034186164308","0.4597265289582966","0.005960983589788776","0.3677621858822584","0.0021754888909895826","0.7154649327003366","0.008626800699772775","0.8254427283358335","0.0020651227162970087","","","","","","","","","","","","","","","","","","","","","","","","","","","","","","","","","","","","","","","","","","","","","","","","","","","","","","","","","","","","","","","","","","","","","","","","","","","","","","","","","","","","","","","","","","","","","","ITI113","26S1","team02","s202","team02","s202","diabetes","sagemaker_mlflow_app","arn:aws:sagemaker:ap-southeast-1:044528205969:mlflow-app/app-YHNC33FF6GPZ","20260821T064440Z","full","1.0","s3://nyp-26s1-iti113/iti113/team02/data/diabetes/cleaned/diabetes_binary_cleaned_dataset.csv","tuning_candidate","XGBoost","true","","","","","","","","","30","5","","","","","","","","","","","","","","","","","","","","","","","","","","","","","",""
"2026-08-21 14:55:28","23.8s","6bf76bd0fbc648eca9e75e257d8fdf74","xgb_candidate_29","NOTEBOOK","S202_8440104B_02_xgboost_model_comparison_against_logistic_regression_baseline_v8_FINAL_REPORT_UPDATED.ipynb","sagemaker-user","FINISHED","","","","","","0.8","","","","","","5","full","","","","aucpr","","","","0.05","","","0.03","4","","5","XGBClassifier","","","350","","","'-1","","","","binary:logistic","","","","","","1.0","253680","6244bec277fe3cefce56d46c583a4c5eb73f179ef64c8a1b18557fd0200105c5","","","","42","","0.1","10.0","","3.0","","","","","","","","","","","","","","","","","","","","","","5","0.8","","","12de3cf4074e8656a059c938acbe27143794910116dda3dc217a101698a368c1","","","","","","","93531a7b366471a63d29fd970abad6c5d04a2f933f9ffb2aa38dce1c7b286d65","hist","","","","","","","","","","","","","","","","","","","","","","","","","","","","","","","","","","","","","","0.7270111702170461","0.004188259898569946","0.4927131477649792","0.005153280936375853","0.45949131473592414","0.005925862813715011","0.40703269234006056","0.00382384957305474","0.6241010653934776","0.008170006466512628","0.8254136063485209","0.00209508855765815","","","","","","","","","","","","","","","","","","","","","","","","","","","","","","","","","","","","","","","","","","","","","","","","","","","","","","","","","","","","","","","","","","","","","","","","","","","","","","","","","","","","","","","","","","","","","","ITI113","26S1","team02","s202","team02","s202","diabetes","sagemaker_mlflow_app","arn:aws:sagemaker:ap-southeast-1:044528205969:mlflow-app/app-YHNC33FF6GPZ","20260821T064440Z","full","1.0","s3://nyp-26s1-iti113/iti113/team02/data/diabetes/cleaned/diabetes_binary_cleaned_dataset.csv","tuning_candidate","XGBoost","true","","","","","","","","","29","5","","","","","","","","","","","","","","","","","","","","","","","","","","","","","",""
"2026-08-21 14:55:04","23.7s","66a989bf6e5d42a388d61cb2188c6e67","xgb_candidate_28","NOTEBOOK","S202_8440104B_02_xgboost_model_comparison_against_logistic_regression_baseline_v8_FINAL_REPORT_UPDATED.ipynb","sagemaker-user","FINISHED","","","","","","0.8","","","","","","5","full","","","","aucpr","","","","0.05","","","0.03","4","","5","XGBClassifier","","","350","","","'-1","","","","binary:logistic","","","","","","1.0","253680","6244bec277fe3cefce56d46c583a4c5eb73f179ef64c8a1b18557fd0200105c5","","","","42","","0.1","10.0","","2.5","","","","","","","","","","","","","","","","","","","","","","5","0.8","","","12de3cf4074e8656a059c938acbe27143794910116dda3dc217a101698a368c1","","","","","","","93531a7b366471a63d29fd970abad6c5d04a2f933f9ffb2aa38dce1c7b286d65","hist","","","","","","","","","","","","","","","","","","","","","","","","","","","","","","","","","","","","","","0.7113919491997771","0.0038882529735969297","0.4889365615825021","0.005183329676913474","0.4599176980698683","0.005875658596858829","0.43465943775338156","0.0037210391341363364","0.5587205316203665","0.007774820332122138","0.825446135285081","0.002100505023394326","","","","","","","","","","","","","","","","","","","","","","","","","","","","","","","","","","","","","","","","","","","","","","","","","","","","","","","","","","","","","","","","","","","","","","","","","","","","","","","","","","","","","","","","","","","","","","ITI113","26S1","team02","s202","team02","s202","diabetes","sagemaker_mlflow_app","arn:aws:sagemaker:ap-southeast-1:044528205969:mlflow-app/app-YHNC33FF6GPZ","20260821T064440Z","full","1.0","s3://nyp-26s1-iti113/iti113/team02/data/diabetes/cleaned/diabetes_binary_cleaned_dataset.csv","tuning_candidate","XGBoost","true","","","","","","","","","28","5","","","","","","","","","","","","","","","","","","","","","","","","","","","","","",""
"2026-08-21 14:54:39","24.9s","916b0d325e2f4e64a59de32671372404","xgb_candidate_27","NOTEBOOK","S202_8440104B_02_xgboost_model_comparison_against_logistic_regression_baseline_v8_FINAL_REPORT_UPDATED.ipynb","sagemaker-user","FINISHED","","","","","","0.8","","","","","","5","full","","","","aucpr","","","","0.05","","","0.03","4","","5","XGBClassifier","","","350","","","'-1","","","","binary:logistic","","","","","","1.0","253680","6244bec277fe3cefce56d46c583a4c5eb73f179ef64c8a1b18557fd0200105c5","","","","42","","0.1","10.0","","2.0","","","","","","","","","","","","","","","","","","","","","","5","0.8","","","12de3cf4074e8656a059c938acbe27143794910116dda3dc217a101698a368c1","","","","","","","93531a7b366471a63d29fd970abad6c5d04a2f933f9ffb2aa38dce1c7b286d65","hist","","","","","","","","","","","","","","","","","","","","","","","","","","","","","","","","","","","","","","0.6842044890909872","0.0035150864217420256","0.46813725217758123","0.005568577763352778","0.4599333909377055","0.005895484458228091","0.46877472321244956","0.004691950505396975","0.46751287027426375","0.006726807057732134","0.8253988582696483","0.0021273888401869344","","","","","","","","","","","","","","","","","","","","","","","","","","","","","","","","","","","","","","","","","","","","","","","","","","","","","","","","","","","","","","","","","","","","","","","","","","","","","","","","","","","","","","","","","","","","","","ITI113","26S1","team02","s202","team02","s202","diabetes","sagemaker_mlflow_app","arn:aws:sagemaker:ap-southeast-1:044528205969:mlflow-app/app-YHNC33FF6GPZ","20260821T064440Z","full","1.0","s3://nyp-26s1-iti113/iti113/team02/data/diabetes/cleaned/diabetes_binary_cleaned_dataset.csv","tuning_candidate","XGBoost","true","","","","","","","","","27","5","","","","","","","","","","","","","","","","","","","","","","","","","","","","","",""
"2026-08-21 14:54:14","24.0s","3a8600a681d54a279ebe22bd752266b5","xgb_candidate_26","NOTEBOOK","S202_8440104B_02_xgboost_model_comparison_against_logistic_regression_baseline_v8_FINAL_REPORT_UPDATED.ipynb","sagemaker-user","FINISHED","","","","","","0.8","","","","","","5","full","","","","aucpr","","","","0.05","","","0.03","4","","5","XGBClassifier","","","350","","","'-1","","","","binary:logistic","","","","","","1.0","253680","6244bec277fe3cefce56d46c583a4c5eb73f179ef64c8a1b18557fd0200105c5","","","","42","","0.1","10.0","","1.5","","","","","","","","","","","","","","","","","","","","","","5","0.8","","","12de3cf4074e8656a059c938acbe27143794910116dda3dc217a101698a368c1","","","","","","","93531a7b366471a63d29fd970abad6c5d04a2f933f9ffb2aa38dce1c7b286d65","hist","","","","","","","","","","","","","","","","","","","","","","","","","","","","","","","","","","","","","","0.6444698127825959","0.0028916949276867167","0.4174626256158864","0.00561656155789953","0.46003358680985","0.00601933577160316","0.5166664494349993","0.006032526271293561","0.3502280912048067","0.005427218192523499","0.8254090430054791","0.0021048608730442147","","","","","","","","","","","","","","","","","","","","","","","","","","","","","","","","","","","","","","","","","","","","","","","","","","","","","","","","","","","","","","","","","","","","","","","","","","","","","","","","","","","","","","","","","","","","","","ITI113","26S1","team02","s202","team02","s202","diabetes","sagemaker_mlflow_app","arn:aws:sagemaker:ap-southeast-1:044528205969:mlflow-app/app-YHNC33FF6GPZ","20260821T064440Z","full","1.0","s3://nyp-26s1-iti113/iti113/team02/data/diabetes/cleaned/diabetes_binary_cleaned_dataset.csv","tuning_candidate","XGBoost","true","","","","","","","","","26","5","","","","","","","","","","","","","","","","","","","","","","","","","","","","","",""
"2026-08-21 14:53:50","24.0s","22f02fb0b329499987ac9a3476934b1d","xgb_candidate_25","NOTEBOOK","S202_8440104B_02_xgboost_model_comparison_against_logistic_regression_baseline_v8_FINAL_REPORT_UPDATED.ipynb","sagemaker-user","FINISHED","","","","","","0.8","","","","","","5","full","","","","aucpr","","","","0.05","","","0.03","4","","5","XGBClassifier","","","350","","","'-1","","","","binary:logistic","","","","","","1.0","253680","6244bec277fe3cefce56d46c583a4c5eb73f179ef64c8a1b18557fd0200105c5","","","","42","","0.1","10.0","","1.0","","","","","","","","","","","","","","","","","","","","","","5","0.8","","","12de3cf4074e8656a059c938acbe27143794910116dda3dc217a101698a368c1","","","","","","","93531a7b366471a63d29fd970abad6c5d04a2f933f9ffb2aa38dce1c7b286d65","hist","","","","","","","","","","","","","","","","","","","","","","","","","","","","","","","","","","","","","","0.5850138448193256","0.0028179715064505584","0.2936461317548821","0.007141098282180934","0.46004043144637013","0.0059003624833669525","0.5867466261663962","0.013537534728073739","0.19582874457548943","0.004919462407378754","0.8254215864501768","0.0021179165649777678","","","","","","","","","","","","","","","","","","","","","","","","","","","","","","","","","","","","","","","","","","","","","","","","","","","","","","","","","","","","","","","","","","","","","","","","","","","","","","","","","","","","","","","","","","","","","","ITI113","26S1","team02","s202","team02","s202","diabetes","sagemaker_mlflow_app","arn:aws:sagemaker:ap-southeast-1:044528205969:mlflow-app/app-YHNC33FF6GPZ","20260821T064440Z","full","1.0","s3://nyp-26s1-iti113/iti113/team02/data/diabetes/cleaned/diabetes_binary_cleaned_dataset.csv","tuning_candidate","XGBoost","true","","","","","","","","","25","5","","","","","","","","","","","","","","","","","","","","","","","","","","","","","",""
"2026-08-21 14:53:30","19.9s","021ac8487747446b910f098b09c57846","xgb_candidate_24","NOTEBOOK","S202_8440104B_02_xgboost_model_comparison_against_logistic_regression_baseline_v8_FINAL_REPORT_UPDATED.ipynb","sagemaker-user","FINISHED","","","","","","0.85","","","","","","5","full","","","","aucpr","","","","0.0","","","0.05","3","","5","XGBClassifier","","","350","","","'-1","","","","binary:logistic","","","","","","1.0","253680","6244bec277fe3cefce56d46c583a4c5eb73f179ef64c8a1b18557fd0200105c5","","","","42","","0.1","5.0","","4.0","","","","","","","","","","","","","","","","","","","","","","4","0.85","","","12de3cf4074e8656a059c938acbe27143794910116dda3dc217a101698a368c1","","","","","","","93531a7b366471a63d29fd970abad6c5d04a2f933f9ffb2aa38dce1c7b286d65","hist","","","","","","","","","","","","","","","","","","","","","","","","","","","","","","","","","","","","","","0.7427223087904712","0.004114905157783956","0.4859167795050687","0.003997815051491437","0.45931389020966257","0.005800625433256611","0.3679328140719278","0.00229482373596087","0.7153085556540683","0.008940239816861472","0.825343242504798","0.0020914046983558036","","","","","","","","","","","","","","","","","","","","","","","","","","","","","","","","","","","","","","","","","","","","","","","","","","","","","","","","","","","","","","","","","","","","","","","","","","","","","","","","","","","","","","","","","","","","","","ITI113","26S1","team02","s202","team02","s202","diabetes","sagemaker_mlflow_app","arn:aws:sagemaker:ap-southeast-1:044528205969:mlflow-app/app-YHNC33FF6GPZ","20260821T064440Z","full","1.0","s3://nyp-26s1-iti113/iti113/team02/data/diabetes/cleaned/diabetes_binary_cleaned_dataset.csv","tuning_candidate","XGBoost","true","","","","","","","","","24","4","","","","","","","","","","","","","","","","","","","","","","","","","","","","","",""
"2026-08-21 14:53:10","20.0s","c498e10ae90d4f78b22c2696c6dfd9a6","xgb_candidate_23","NOTEBOOK","S202_8440104B_02_xgboost_model_comparison_against_logistic_regression_baseline_v8_FINAL_REPORT_UPDATED.ipynb","sagemaker-user","FINISHED","","","","","","0.85","","","","","","5","full","","","","aucpr","","","","0.0","","","0.05","3","","5","XGBClassifier","","","350","","","'-1","","","","binary:logistic","","","","","","1.0","253680","6244bec277fe3cefce56d46c583a4c5eb73f179ef64c8a1b18557fd0200105c5","","","","42","","0.1","5.0","","3.0","","","","","","","","","","","","","","","","","","","","","","4","0.85","","","12de3cf4074e8656a059c938acbe27143794910116dda3dc217a101698a368c1","","","","","","","93531a7b366471a63d29fd970abad6c5d04a2f933f9ffb2aa38dce1c7b286d65","hist","","","","","","","","","","","","","","","","","","","","","","","","","","","","","","","","","","","","","","0.7263508378374705","0.004657065742409876","0.49220923793936233","0.005658923946671953","0.45933529795119954","0.005837808170154653","0.4071841907010483","0.003965495763656042","0.6221311379249361","0.009155641187099186","0.8253525344557658","0.001995580705141825","","","","","","","","","","","","","","","","","","","","","","","","","","","","","","","","","","","","","","","","","","","","","","","","","","","","","","","","","","","","","","","","","","","","","","","","","","","","","","","","","","","","","","","","","","","","","","ITI113","26S1","team02","s202","team02","s202","diabetes","sagemaker_mlflow_app","arn:aws:sagemaker:ap-southeast-1:044528205969:mlflow-app/app-YHNC33FF6GPZ","20260821T064440Z","full","1.0","s3://nyp-26s1-iti113/iti113/team02/data/diabetes/cleaned/diabetes_binary_cleaned_dataset.csv","tuning_candidate","XGBoost","true","","","","","","","","","23","4","","","","","","","","","","","","","","","","","","","","","","","","","","","","","",""
"2026-08-21 14:52:50","19.7s","2a511f1caefe4ba6a580074b8a34f8e5","xgb_candidate_22","NOTEBOOK","S202_8440104B_02_xgboost_model_comparison_against_logistic_regression_baseline_v8_FINAL_REPORT_UPDATED.ipynb","sagemaker-user","FINISHED","","","","","","0.85","","","","","","5","full","","","","aucpr","","","","0.0","","","0.05","3","","5","XGBClassifier","","","350","","","'-1","","","","binary:logistic","","","","","","1.0","253680","6244bec277fe3cefce56d46c583a4c5eb73f179ef64c8a1b18557fd0200105c5","","","","42","","0.1","5.0","","2.5","","","","","","","","","","","","","","","","","","","","","","4","0.85","","","12de3cf4074e8656a059c938acbe27143794910116dda3dc217a101698a368c1","","","","","","","93531a7b366471a63d29fd970abad6c5d04a2f933f9ffb2aa38dce1c7b286d65","hist","","","","","","","","","","","","","","","","","","","","","","","","","","","","","","","","","","","","","","0.7103159696513502","0.00373659336115713","0.48799461258851046","0.004893145937673061","0.4596977090185434","0.00590506213284572","0.4350961771476499","0.0034698969220001825","0.555562503256735","0.007772943728037575","0.8253861123398316","0.002077046283201475","","","","","","","","","","","","","","","","","","","","","","","","","","","","","","","","","","","","","","","","","","","","","","","","","","","","","","","","","","","","","","","","","","","","","","","","","","","","","","","","","","","","","","","","","","","","","","ITI113","26S1","team02","s202","team02","s202","diabetes","sagemaker_mlflow_app","arn:aws:sagemaker:ap-southeast-1:044528205969:mlflow-app/app-YHNC33FF6GPZ","20260821T064440Z","full","1.0","s3://nyp-26s1-iti113/iti113/team02/data/diabetes/cleaned/diabetes_binary_cleaned_dataset.csv","tuning_candidate","XGBoost","true","","","","","","","","","22","4","","","","","","","","","","","","","","","","","","","","","","","","","","","","","",""
"2026-08-21 14:52:30","19.9s","b15eba1859764de9be87975ecbe7563a","xgb_candidate_21","NOTEBOOK","S202_8440104B_02_xgboost_model_comparison_against_logistic_regression_baseline_v8_FINAL_REPORT_UPDATED.ipynb","sagemaker-user","FINISHED","","","","","","0.85","","","","","","5","full","","","","aucpr","","","","0.0","","","0.05","3","","5","XGBClassifier","","","350","","","'-1","","","","binary:logistic","","","","","","1.0","253680","6244bec277fe3cefce56d46c583a4c5eb73f179ef64c8a1b18557fd0200105c5","","","","42","","0.1","5.0","","2.0","","","","","","","","","","","","","","","","","","","","","","4","0.85","","","12de3cf4074e8656a059c938acbe27143794910116dda3dc217a101698a368c1","","","","","","","93531a7b366471a63d29fd970abad6c5d04a2f933f9ffb2aa38dce1c7b286d65","hist","","","","","","","","","","","","","","","","","","","","","","","","","","","","","","","","","","","","","","0.6836741147029965","0.0040276817403182615","0.4676470244350243","0.00622309897089051","0.4596369193082806","0.005864211864479078","0.4695680188890197","0.004676016082966768","0.46576190293233727","0.00804805209247719","0.8252883433796716","0.0020482328743405935","","","","","","","","","","","","","","","","","","","","","","","","","","","","","","","","","","","","","","","","","","","","","","","","","","","","","","","","","","","","","","","","","","","","","","","","","","","","","","","","","","","","","","","","","","","","","","ITI113","26S1","team02","s202","team02","s202","diabetes","sagemaker_mlflow_app","arn:aws:sagemaker:ap-southeast-1:044528205969:mlflow-app/app-YHNC33FF6GPZ","20260821T064440Z","full","1.0","s3://nyp-26s1-iti113/iti113/team02/data/diabetes/cleaned/diabetes_binary_cleaned_dataset.csv","tuning_candidate","XGBoost","true","","","","","","","","","21","4","","","","","","","","","","","","","","","","","","","","","","","","","","","","","",""
"2026-08-21 14:52:10","20.0s","b86d8c3825654cc8b48a4ae1fde32ef7","xgb_candidate_20","NOTEBOOK","S202_8440104B_02_xgboost_model_comparison_against_logistic_regression_baseline_v8_FINAL_REPORT_UPDATED.ipynb","sagemaker-user","FINISHED","","","","","","0.85","","","","","","5","full","","","","aucpr","","","","0.0","","","0.05","3","","5","XGBClassifier","","","350","","","'-1","","","","binary:logistic","","","","","","1.0","253680","6244bec277fe3cefce56d46c583a4c5eb73f179ef64c8a1b18557fd0200105c5","","","","42","","0.1","5.0","","1.5","","","","","","","","","","","","","","","","","","","","","","4","0.85","","","12de3cf4074e8656a059c938acbe27143794910116dda3dc217a101698a368c1","","","","","","","93531a7b366471a63d29fd970abad6c5d04a2f933f9ffb2aa38dce1c7b286d65","hist","","","","","","","","","","","","","","","","","","","","","","","","","","","","","","","","","","","","","","0.6444835688717331","0.0023151636390307774","0.417477181492054","0.004443121706527163","0.4597997072599191","0.005906725758504667","0.5166019507084536","0.005510685062406145","0.3502906938377834","0.004643869625767947","0.8253498680856373","0.0021173338816605825","","","","","","","","","","","","","","","","","","","","","","","","","","","","","","","","","","","","","","","","","","","","","","","","","","","","","","","","","","","","","","","","","","","","","","","","","","","","","","","","","","","","","","","","","","","","","","ITI113","26S1","team02","s202","team02","s202","diabetes","sagemaker_mlflow_app","arn:aws:sagemaker:ap-southeast-1:044528205969:mlflow-app/app-YHNC33FF6GPZ","20260821T064440Z","full","1.0","s3://nyp-26s1-iti113/iti113/team02/data/diabetes/cleaned/diabetes_binary_cleaned_dataset.csv","tuning_candidate","XGBoost","true","","","","","","","","","20","4","","","","","","","","","","","","","","","","","","","","","","","","","","","","","",""
"2026-08-21 14:51:49","20.0s","2bb87dda39274a7697b6cc54c60137b4","xgb_candidate_19","NOTEBOOK","S202_8440104B_02_xgboost_model_comparison_against_logistic_regression_baseline_v8_FINAL_REPORT_UPDATED.ipynb","sagemaker-user","FINISHED","","","","","","0.85","","","","","","5","full","","","","aucpr","","","","0.0","","","0.05","3","","5","XGBClassifier","","","350","","","'-1","","","","binary:logistic","","","","","","1.0","253680","6244bec277fe3cefce56d46c583a4c5eb73f179ef64c8a1b18557fd0200105c5","","","","42","","0.1","5.0","","1.0","","","","","","","","","","","","","","","","","","","","","","4","0.85","","","12de3cf4074e8656a059c938acbe27143794910116dda3dc217a101698a368c1","","","","","","","93531a7b366471a63d29fd970abad6c5d04a2f933f9ffb2aa38dce1c7b286d65","hist","","","","","","","","","","","","","","","","","","","","","","","","","","","","","","","","","","","","","","0.58738358070055","0.002791386903377179","0.29976515894528805","0.0070130343913675525","0.45977482038436684","0.006075997752160191","0.5839326180147892","0.012756967801003268","0.201644478831003","0.004936351448855644","0.8253509695343307","0.0021550509726411893","","","","","","","","","","","","","","","","","","","","","","","","","","","","","","","","","","","","","","","","","","","","","","","","","","","","","","","","","","","","","","","","","","","","","","","","","","","","","","","","","","","","","","","","","","","","","","ITI113","26S1","team02","s202","team02","s202","diabetes","sagemaker_mlflow_app","arn:aws:sagemaker:ap-southeast-1:044528205969:mlflow-app/app-YHNC33FF6GPZ","20260821T064440Z","full","1.0","s3://nyp-26s1-iti113/iti113/team02/data/diabetes/cleaned/diabetes_binary_cleaned_dataset.csv","tuning_candidate","XGBoost","true","","","","","","","","","19","4","","","","","","","","","","","","","","","","","","","","","","","","","","","","","",""
"2026-08-21 14:51:28","20.8s","3b988a65fcba4aacb708c9384e36d8c7","xgb_candidate_18","NOTEBOOK","S202_8440104B_02_xgboost_model_comparison_against_logistic_regression_baseline_v8_FINAL_REPORT_UPDATED.ipynb","sagemaker-user","FINISHED","","","","","","0.9","","","","","","5","full","","","","aucpr","","","","0.0","","","0.03","3","","3","XGBClassifier","","","350","","","'-1","","","","binary:logistic","","","","","","1.0","253680","6244bec277fe3cefce56d46c583a4c5eb73f179ef64c8a1b18557fd0200105c5","","","","42","","0.05","5.0","","4.0","","","","","","","","","","","","","","","","","","","","","","3","0.85","","","12de3cf4074e8656a059c938acbe27143794910116dda3dc217a101698a368c1","","","","","","","93531a7b366471a63d29fd970abad6c5d04a2f933f9ffb2aa38dce1c7b286d65","hist","","","","","","","","","","","","","","","","","","","","","","","","","","","","","","","","","","","","","","0.7418776507697291","0.0034103548322605057","0.48552289409967164","0.003240904294839154","0.4576292712377496","0.00549933137488021","0.3682734341007909","0.001975950530495109","0.7123382423143744","0.007934366832893208","0.824812783134521","0.002044533765177811","","","","","","","","","","","","","","","","","","","","","","","","","","","","","","","","","","","","","","","","","","","","","","","","","","","","","","","","","","","","","","","","","","","","","","","","","","","","","","","","","","","","","","","","","","","","","","ITI113","26S1","team02","s202","team02","s202","diabetes","sagemaker_mlflow_app","arn:aws:sagemaker:ap-southeast-1:044528205969:mlflow-app/app-YHNC33FF6GPZ","20260821T064440Z","full","1.0","s3://nyp-26s1-iti113/iti113/team02/data/diabetes/cleaned/diabetes_binary_cleaned_dataset.csv","tuning_candidate","XGBoost","true","","","","","","","","","18","3","","","","","","","","","","","","","","","","","","","","","","","","","","","","","",""
"2026-08-21 14:51:07","21.0s","04992f98896c451898d825cc610105b0","xgb_candidate_17","NOTEBOOK","S202_8440104B_02_xgboost_model_comparison_against_logistic_regression_baseline_v8_FINAL_REPORT_UPDATED.ipynb","sagemaker-user","FINISHED","","","","","","0.9","","","","","","5","full","","","","aucpr","","","","0.0","","","0.03","3","","3","XGBClassifier","","","350","","","'-1","","","","binary:logistic","","","","","","1.0","253680","6244bec277fe3cefce56d46c583a4c5eb73f179ef64c8a1b18557fd0200105c5","","","","42","","0.05","5.0","","3.0","","","","","","","","","","","","","","","","","","","","","","3","0.85","","","12de3cf4074e8656a059c938acbe27143794910116dda3dc217a101698a368c1","","","","","","","93531a7b366471a63d29fd970abad6c5d04a2f933f9ffb2aa38dce1c7b286d65","hist","","","","","","","","","","","","","","","","","","","","","","","","","","","","","","","","","","","","","","0.7253028907619998","0.004720695179622778","0.4919313498854532","0.005862118391607722","0.45779655345655296","0.005668923406479064","0.40865548994775447","0.004249079264212607","0.6178476161873486","0.009084824137427054","0.8247818034846125","0.002066449517278103","","","","","","","","","","","","","","","","","","","","","","","","","","","","","","","","","","","","","","","","","","","","","","","","","","","","","","","","","","","","","","","","","","","","","","","","","","","","","","","","","","","","","","","","","","","","","","ITI113","26S1","team02","s202","team02","s202","diabetes","sagemaker_mlflow_app","arn:aws:sagemaker:ap-southeast-1:044528205969:mlflow-app/app-YHNC33FF6GPZ","20260821T064440Z","full","1.0","s3://nyp-26s1-iti113/iti113/team02/data/diabetes/cleaned/diabetes_binary_cleaned_dataset.csv","tuning_candidate","XGBoost","true","","","","","","","","","17","3","","","","","","","","","","","","","","","","","","","","","","","","","","","","","",""
"2026-08-21 14:50:46","20.9s","0fbba5bafd904cf2ae37374a095ef332","xgb_candidate_16","NOTEBOOK","S202_8440104B_02_xgboost_model_comparison_against_logistic_regression_baseline_v8_FINAL_REPORT_UPDATED.ipynb","sagemaker-user","FINISHED","","","","","","0.9","","","","","","5","full","","","","aucpr","","","","0.0","","","0.03","3","","3","XGBClassifier","","","350","","","'-1","","","","binary:logistic","","","","","","1.0","253680","6244bec277fe3cefce56d46c583a4c5eb73f179ef64c8a1b18557fd0200105c5","","","","42","","0.05","5.0","","2.5","","","","","","","","","","","","","","","","","","","","","","3","0.85","","","12de3cf4074e8656a059c938acbe27143794910116dda3dc217a101698a368c1","","","","","","","93531a7b366471a63d29fd970abad6c5d04a2f933f9ffb2aa38dce1c7b286d65","hist","","","","","","","","","","","","","","","","","","","","","","","","","","","","","","","","","","","","","","0.707764981615881","0.004342412132723956","0.48571036879996565","0.0058760751586095","0.4576924337875042","0.0057019623648608886","0.43607471816797816","0.004298872685273224","0.5481208211752635","0.00870814304434048","0.8247829217262126","0.002114044879680967","","","","","","","","","","","","","","","","","","","","","","","","","","","","","","","","","","","","","","","","","","","","","","","","","","","","","","","","","","","","","","","","","","","","","","","","","","","","","","","","","","","","","","","","","","","","","","ITI113","26S1","team02","s202","team02","s202","diabetes","sagemaker_mlflow_app","arn:aws:sagemaker:ap-southeast-1:044528205969:mlflow-app/app-YHNC33FF6GPZ","20260821T064440Z","full","1.0","s3://nyp-26s1-iti113/iti113/team02/data/diabetes/cleaned/diabetes_binary_cleaned_dataset.csv","tuning_candidate","XGBoost","true","","","","","","","","","16","3","","","","","","","","","","","","","","","","","","","","","","","","","","","","","",""
"2026-08-21 14:50:25","21.0s","5972f7fe1f9146e0bea2fdefd7789986","xgb_candidate_15","NOTEBOOK","S202_8440104B_02_xgboost_model_comparison_against_logistic_regression_baseline_v8_FINAL_REPORT_UPDATED.ipynb","sagemaker-user","FINISHED","","","","","","0.9","","","","","","5","full","","","","aucpr","","","","0.0","","","0.03","3","","3","XGBClassifier","","","350","","","'-1","","","","binary:logistic","","","","","","1.0","253680","6244bec277fe3cefce56d46c583a4c5eb73f179ef64c8a1b18557fd0200105c5","","","","42","","0.05","5.0","","2.0","","","","","","","","","","","","","","","","","","","","","","3","0.85","","","12de3cf4074e8656a059c938acbe27143794910116dda3dc217a101698a368c1","","","","","","","93531a7b366471a63d29fd970abad6c5d04a2f933f9ffb2aa38dce1c7b286d65","hist","","","","","","","","","","","","","","","","","","","","","","","","","","","","","","","","","","","","","","0.6812764858359284","0.003841587538480941","0.4650730756755127","0.006127023944425214","0.4578605907117268","0.005735636268003178","0.4717205148073852","0.005288907934495863","0.4586327891934179","0.007518816834730711","0.8248323267313173","0.0020937271325540876","","","","","","","","","","","","","","","","","","","","","","","","","","","","","","","","","","","","","","","","","","","","","","","","","","","","","","","","","","","","","","","","","","","","","","","","","","","","","","","","","","","","","","","","","","","","","","ITI113","26S1","team02","s202","team02","s202","diabetes","sagemaker_mlflow_app","arn:aws:sagemaker:ap-southeast-1:044528205969:mlflow-app/app-YHNC33FF6GPZ","20260821T064440Z","full","1.0","s3://nyp-26s1-iti113/iti113/team02/data/diabetes/cleaned/diabetes_binary_cleaned_dataset.csv","tuning_candidate","XGBoost","true","","","","","","","","","15","3","","","","","","","","","","","","","","","","","","","","","","","","","","","","","",""
"2026-08-21 14:50:04","20.6s","002fcd0664e6417a8625b3a567ac6413","xgb_candidate_14","NOTEBOOK","S202_8440104B_02_xgboost_model_comparison_against_logistic_regression_baseline_v8_FINAL_REPORT_UPDATED.ipynb","sagemaker-user","FINISHED","","","","","","0.9","","","","","","5","full","","","","aucpr","","","","0.0","","","0.03","3","","3","XGBClassifier","","","350","","","'-1","","","","binary:logistic","","","","","","1.0","253680","6244bec277fe3cefce56d46c583a4c5eb73f179ef64c8a1b18557fd0200105c5","","","","42","","0.05","5.0","","1.5","","","","","","","","","","","","","","","","","","","","","","3","0.85","","","12de3cf4074e8656a059c938acbe27143794910116dda3dc217a101698a368c1","","","","","","","93531a7b366471a63d29fd970abad6c5d04a2f933f9ffb2aa38dce1c7b286d65","hist","","","","","","","","","","","","","","","","","","","","","","","","","","","","","","","","","","","","","","0.6407986416311022","0.0030975172918057577","0.411160484336835","0.005946425605621266","0.4577598647684688","0.005640264598452005","0.5175788546771628","0.00601712172865637","0.34106662822619616","0.006262952891724061","0.8247206028560136","0.0020960466321878644","","","","","","","","","","","","","","","","","","","","","","","","","","","","","","","","","","","","","","","","","","","","","","","","","","","","","","","","","","","","","","","","","","","","","","","","","","","","","","","","","","","","","","","","","","","","","","ITI113","26S1","team02","s202","team02","s202","diabetes","sagemaker_mlflow_app","arn:aws:sagemaker:ap-southeast-1:044528205969:mlflow-app/app-YHNC33FF6GPZ","20260821T064440Z","full","1.0","s3://nyp-26s1-iti113/iti113/team02/data/diabetes/cleaned/diabetes_binary_cleaned_dataset.csv","tuning_candidate","XGBoost","true","","","","","","","","","14","3","","","","","","","","","","","","","","","","","","","","","","","","","","","","","",""
"2026-08-21 14:49:42","21.6s","9fce733beddb405280aa36bbf292a4a8","xgb_candidate_13","NOTEBOOK","S202_8440104B_02_xgboost_model_comparison_against_logistic_regression_baseline_v8_FINAL_REPORT_UPDATED.ipynb","sagemaker-user","FINISHED","","","","","","0.9","","","","","","5","full","","","","aucpr","","","","0.0","","","0.03","3","","3","XGBClassifier","","","350","","","'-1","","","","binary:logistic","","","","","","1.0","253680","6244bec277fe3cefce56d46c583a4c5eb73f179ef64c8a1b18557fd0200105c5","","","","42","","0.05","5.0","","1.0","","","","","","","","","","","","","","","","","","","","","","3","0.85","","","12de3cf4074e8656a059c938acbe27143794910116dda3dc217a101698a368c1","","","","","","","93531a7b366471a63d29fd970abad6c5d04a2f933f9ffb2aa38dce1c7b286d65","hist","","","","","","","","","","","","","","","","","","","","","","","","","","","","","","","","","","","","","","0.5840305760012237","0.002497035530474949","0.29109820650563645","0.006361507291597786","0.4577996694972944","0.005779415724781827","0.5861993943264452","0.013015402269404815","0.19363994007901023","0.004547684713568492","0.8246898907783716","0.0021118318446885728","","","","","","","","","","","","","","","","","","","","","","","","","","","","","","","","","","","","","","","","","","","","","","","","","","","","","","","","","","","","","","","","","","","","","","","","","","","","","","","","","","","","","","","","","","","","","","ITI113","26S1","team02","s202","team02","s202","diabetes","sagemaker_mlflow_app","arn:aws:sagemaker:ap-southeast-1:044528205969:mlflow-app/app-YHNC33FF6GPZ","20260821T064440Z","full","1.0","s3://nyp-26s1-iti113/iti113/team02/data/diabetes/cleaned/diabetes_binary_cleaned_dataset.csv","tuning_candidate","XGBoost","true","","","","","","","","","13","3","","","","","","","","","","","","","","","","","","","","","","","","","","","","","",""
"2026-08-21 14:49:25","16.7s","aceb1e5f800a4b8dbedec73d885a271e","xgb_candidate_12","NOTEBOOK","S202_8440104B_02_xgboost_model_comparison_against_logistic_regression_baseline_v8_FINAL_REPORT_UPDATED.ipynb","sagemaker-user","FINISHED","","","","","","0.9","","","","","","5","full","","","","aucpr","","","","0.0","","","0.05","2","","3","XGBClassifier","","","350","","","'-1","","","","binary:logistic","","","","","","1.0","253680","6244bec277fe3cefce56d46c583a4c5eb73f179ef64c8a1b18557fd0200105c5","","","","42","","0.05","3.0","","4.0","","","","","","","","","","","","","","","","","","","","","","2","0.9","","","12de3cf4074e8656a059c938acbe27143794910116dda3dc217a101698a368c1","","","","","","","93531a7b366471a63d29fd970abad6c5d04a2f933f9ffb2aa38dce1c7b286d65","hist","","","","","","","","","","","","","","","","","","","","","","","","","","","","","","","","","","","","","","0.7409194547015174","0.003594697381832389","0.4862900486517547","0.003556933102686446","0.4567131028413277","0.004855296644247347","0.3709706422452051","0.0022700733296348004","0.7056781130695351","0.008031343693317415","0.8244781506122998","0.0021342839684162433","","","","","","","","","","","","","","","","","","","","","","","","","","","","","","","","","","","","","","","","","","","","","","","","","","","","","","","","","","","","","","","","","","","","","","","","","","","","","","","","","","","","","","","","","","","","","","ITI113","26S1","team02","s202","team02","s202","diabetes","sagemaker_mlflow_app","arn:aws:sagemaker:ap-southeast-1:044528205969:mlflow-app/app-YHNC33FF6GPZ","20260821T064440Z","full","1.0","s3://nyp-26s1-iti113/iti113/team02/data/diabetes/cleaned/diabetes_binary_cleaned_dataset.csv","tuning_candidate","XGBoost","true","","","","","","","","","12","2","","","","","","","","","","","","","","","","","","","","","","","","","","","","","",""
"2026-08-21 14:49:08","16.7s","b1ea5013a1ed45999cab5b65af7d8160","xgb_candidate_11","NOTEBOOK","S202_8440104B_02_xgboost_model_comparison_against_logistic_regression_baseline_v8_FINAL_REPORT_UPDATED.ipynb","sagemaker-user","FINISHED","","","","","","0.9","","","","","","5","full","","","","aucpr","","","","0.0","","","0.05","2","","3","XGBClassifier","","","350","","","'-1","","","","binary:logistic","","","","","","1.0","253680","6244bec277fe3cefce56d46c583a4c5eb73f179ef64c8a1b18557fd0200105c5","","","","42","","0.05","3.0","","3.0","","","","","","","","","","","","","","","","","","","","","","2","0.9","","","12de3cf4074e8656a059c938acbe27143794910116dda3dc217a101698a368c1","","","","","","","93531a7b366471a63d29fd970abad6c5d04a2f933f9ffb2aa38dce1c7b286d65","hist","","","","","","","","","","","","","","","","","","","","","","","","","","","","","","","","","","","","","","0.7233071422433544","0.005183562539401955","0.4912271205123866","0.006366740551119239","0.45695759948305603","0.005031900818115904","0.4111656829045181","0.004417062196903921","0.6100307044724588","0.0103130158366088","0.8244672667007601","0.002175701835445124","","","","","","","","","","","","","","","","","","","","","","","","","","","","","","","","","","","","","","","","","","","","","","","","","","","","","","","","","","","","","","","","","","","","","","","","","","","","","","","","","","","","","","","","","","","","","","ITI113","26S1","team02","s202","team02","s202","diabetes","sagemaker_mlflow_app","arn:aws:sagemaker:ap-southeast-1:044528205969:mlflow-app/app-YHNC33FF6GPZ","20260821T064440Z","full","1.0","s3://nyp-26s1-iti113/iti113/team02/data/diabetes/cleaned/diabetes_binary_cleaned_dataset.csv","tuning_candidate","XGBoost","true","","","","","","","","","11","2","","","","","","","","","","","","","","","","","","","","","","","","","","","","","",""
"2026-08-21 14:48:51","16.7s","3224aa98202745e6a1b6a7ace263c076","xgb_candidate_10","NOTEBOOK","S202_8440104B_02_xgboost_model_comparison_against_logistic_regression_baseline_v8_FINAL_REPORT_UPDATED.ipynb","sagemaker-user","FINISHED","","","","","","0.9","","","","","","5","full","","","","aucpr","","","","0.0","","","0.05","2","","3","XGBClassifier","","","350","","","'-1","","","","binary:logistic","","","","","","1.0","253680","6244bec277fe3cefce56d46c583a4c5eb73f179ef64c8a1b18557fd0200105c5","","","","42","","0.05","3.0","","2.5","","","","","","","","","","","","","","","","","","","","","","2","0.9","","","12de3cf4074e8656a059c938acbe27143794910116dda3dc217a101698a368c1","","","","","","","93531a7b366471a63d29fd970abad6c5d04a2f933f9ffb2aa38dce1c7b286d65","hist","","","","","","","","","","","","","","","","","","","","","","","","","","","","","","","","","","","","","","0.7070155924020164","0.004128731243076214","0.4859138644232597","0.005805546347845773","0.45693259667321195","0.005030659973406953","0.43896817170145974","0.004618253008583612","0.5441185689078185","0.00790156526271627","0.8245179965995039","0.00218697176930863","","","","","","","","","","","","","","","","","","","","","","","","","","","","","","","","","","","","","","","","","","","","","","","","","","","","","","","","","","","","","","","","","","","","","","","","","","","","","","","","","","","","","","","","","","","","","","ITI113","26S1","team02","s202","team02","s202","diabetes","sagemaker_mlflow_app","arn:aws:sagemaker:ap-southeast-1:044528205969:mlflow-app/app-YHNC33FF6GPZ","20260821T064440Z","full","1.0","s3://nyp-26s1-iti113/iti113/team02/data/diabetes/cleaned/diabetes_binary_cleaned_dataset.csv","tuning_candidate","XGBoost","true","","","","","","","","","10","2","","","","","","","","","","","","","","","","","","","","","","","","","","","","","",""
"2026-08-21 14:48:35","16.6s","4a86deb12a0f4ef9ac1182cdf4efd2b4","xgb_candidate_09","NOTEBOOK","S202_8440104B_02_xgboost_model_comparison_against_logistic_regression_baseline_v8_FINAL_REPORT_UPDATED.ipynb","sagemaker-user","FINISHED","","","","","","0.9","","","","","","5","full","","","","aucpr","","","","0.0","","","0.05","2","","3","XGBClassifier","","","350","","","'-1","","","","binary:logistic","","","","","","1.0","253680","6244bec277fe3cefce56d46c583a4c5eb73f179ef64c8a1b18557fd0200105c5","","","","42","","0.05","3.0","","2.0","","","","","","","","","","","","","","","","","","","","","","2","0.9","","","12de3cf4074e8656a059c938acbe27143794910116dda3dc217a101698a368c1","","","","","","","93531a7b366471a63d29fd970abad6c5d04a2f933f9ffb2aa38dce1c7b286d65","hist","","","","","","","","","","","","","","","","","","","","","","","","","","","","","","","","","","","","","","0.6799151467116233","0.0035377517685475394","0.4634468047179044","0.005679043714089456","0.4569800319379664","0.004984900859798381","0.4723764466465391","0.005380127942402653","0.4548806443921151","0.0070439933158835955","0.8244480625121147","0.002176421340552686","","","","","","","","","","","","","","","","","","","","","","","","","","","","","","","","","","","","","","","","","","","","","","","","","","","","","","","","","","","","","","","","","","","","","","","","","","","","","","","","","","","","","","","","","","","","","","ITI113","26S1","team02","s202","team02","s202","diabetes","sagemaker_mlflow_app","arn:aws:sagemaker:ap-southeast-1:044528205969:mlflow-app/app-YHNC33FF6GPZ","20260821T064440Z","full","1.0","s3://nyp-26s1-iti113/iti113/team02/data/diabetes/cleaned/diabetes_binary_cleaned_dataset.csv","tuning_candidate","XGBoost","true","","","","","","","","","9","2","","","","","","","","","","","","","","","","","","","","","","","","","","","","","",""
"2026-08-21 14:48:18","16.6s","464b5c29cd36420e9525c352d1a8a06c","xgb_candidate_08","NOTEBOOK","S202_8440104B_02_xgboost_model_comparison_against_logistic_regression_baseline_v8_FINAL_REPORT_UPDATED.ipynb","sagemaker-user","FINISHED","","","","","","0.9","","","","","","5","full","","","","aucpr","","","","0.0","","","0.05","2","","3","XGBClassifier","","","350","","","'-1","","","","binary:logistic","","","","","","1.0","253680","6244bec277fe3cefce56d46c583a4c5eb73f179ef64c8a1b18557fd0200105c5","","","","42","","0.05","3.0","","1.5","","","","","","","","","","","","","","","","","","","","","","2","0.9","","","12de3cf4074e8656a059c938acbe27143794910116dda3dc217a101698a368c1","","","","","","","93531a7b366471a63d29fd970abad6c5d04a2f933f9ffb2aa38dce1c7b286d65","hist","","","","","","","","","","","","","","","","","","","","","","","","","","","","","","","","","","","","","","0.6407892193714513","0.0023998832700869565","0.4110570199908928","0.0047167603463175636","0.45726860856302637","0.005115531655668035","0.5166521433890049","0.005800310817306764","0.34131685300811837","0.004604802353869549","0.8245300283809789","0.002155478042701784","","","","","","","","","","","","","","","","","","","","","","","","","","","","","","","","","","","","","","","","","","","","","","","","","","","","","","","","","","","","","","","","","","","","","","","","","","","","","","","","","","","","","","","","","","","","","","ITI113","26S1","team02","s202","team02","s202","diabetes","sagemaker_mlflow_app","arn:aws:sagemaker:ap-southeast-1:044528205969:mlflow-app/app-YHNC33FF6GPZ","20260821T064440Z","full","1.0","s3://nyp-26s1-iti113/iti113/team02/data/diabetes/cleaned/diabetes_binary_cleaned_dataset.csv","tuning_candidate","XGBoost","true","","","","","","","","","8","2","","","","","","","","","","","","","","","","","","","","","","","","","","","","","",""
"2026-08-21 14:48:00","17.2s","4f5be8a6ad9e4fa295d05aa7a9da3e09","xgb_candidate_07","NOTEBOOK","S202_8440104B_02_xgboost_model_comparison_against_logistic_regression_baseline_v8_FINAL_REPORT_UPDATED.ipynb","sagemaker-user","FINISHED","","","","","","0.9","","","","","","5","full","","","","aucpr","","","","0.0","","","0.05","2","","3","XGBClassifier","","","350","","","'-1","","","","binary:logistic","","","","","","1.0","253680","6244bec277fe3cefce56d46c583a4c5eb73f179ef64c8a1b18557fd0200105c5","","","","42","","0.05","3.0","","1.0","","","","","","","","","","","","","","","","","","","","","","2","0.9","","","12de3cf4074e8656a059c938acbe27143794910116dda3dc217a101698a368c1","","","","","","","93531a7b366471a63d29fd970abad6c5d04a2f933f9ffb2aa38dce1c7b286d65","hist","","","","","","","","","","","","","","","","","","","","","","","","","","","","","","","","","","","","","","0.5865385019863634","0.0023861433854971592","0.29763119054658754","0.0060067571382382435","0.4572488913998912","0.00517388392628869","0.5813944873592757","0.010742916195011996","0.200018667873455","0.004319987302219521","0.8244886199294902","0.0022209155152078676","","","","","","","","","","","","","","","","","","","","","","","","","","","","","","","","","","","","","","","","","","","","","","","","","","","","","","","","","","","","","","","","","","","","","","","","","","","","","","","","","","","","","","","","","","","","","","ITI113","26S1","team02","s202","team02","s202","diabetes","sagemaker_mlflow_app","arn:aws:sagemaker:ap-southeast-1:044528205969:mlflow-app/app-YHNC33FF6GPZ","20260821T064440Z","full","1.0","s3://nyp-26s1-iti113/iti113/team02/data/diabetes/cleaned/diabetes_binary_cleaned_dataset.csv","tuning_candidate","XGBoost","true","","","","","","","","","7","2","","","","","","","","","","","","","","","","","","","","","","","","","","","","","",""
"2026-08-21 14:47:42","17.7s","9de5a77cb373418fbaf3e82bd6b4542d","xgb_candidate_06","NOTEBOOK","S202_8440104B_02_xgboost_model_comparison_against_logistic_regression_baseline_v8_FINAL_REPORT_UPDATED.ipynb","sagemaker-user","FINISHED","","","","","","0.9","","","","","","5","full","","","","aucpr","","","","0.0","","","0.03","2","","1","XGBClassifier","","","350","","","'-1","","","","binary:logistic","","","","","","1.0","253680","6244bec277fe3cefce56d46c583a4c5eb73f179ef64c8a1b18557fd0200105c5","","","","42","","0.0","1.0","","4.0","","","","","","","","","","","","","","","","","","","","","","1","0.9","","","12de3cf4074e8656a059c938acbe27143794910116dda3dc217a101698a368c1","","","","","","","93531a7b366471a63d29fd970abad6c5d04a2f933f9ffb2aa38dce1c7b286d65","hist","","","","","","","","","","","","","","","","","","","","","","","","","","","","","","","","","","","","","","0.7394125653088945","0.00393649831078132","0.48541829984316937","0.003847954510630957","0.4545237788177622","0.0044611583398701336","0.3713217192796374","0.0022865432083699682","0.7007691760218668","0.00887326780819291","0.8235005856417891","0.0019735862895012835","","","","","","","","","","","","","","","","","","","","","","","","","","","","","","","","","","","","","","","","","","","","","","","","","","","","","","","","","","","","","","","","","","","","","","","","","","","","","","","","","","","","","","","","","","","","","","ITI113","26S1","team02","s202","team02","s202","diabetes","sagemaker_mlflow_app","arn:aws:sagemaker:ap-southeast-1:044528205969:mlflow-app/app-YHNC33FF6GPZ","20260821T064440Z","full","1.0","s3://nyp-26s1-iti113/iti113/team02/data/diabetes/cleaned/diabetes_binary_cleaned_dataset.csv","tuning_candidate","XGBoost","true","","","","","","","","","6","1","","","","","","","","","","","","","","","","","","","","","","","","","","","","","",""
"2026-08-21 14:47:25","17.1s","68e9f531508c4794a01cec9762203bf4","xgb_candidate_05","NOTEBOOK","S202_8440104B_02_xgboost_model_comparison_against_logistic_regression_baseline_v8_FINAL_REPORT_UPDATED.ipynb","sagemaker-user","FINISHED","","","","","","0.9","","","","","","5","full","","","","aucpr","","","","0.0","","","0.03","2","","1","XGBClassifier","","","350","","","'-1","","","","binary:logistic","","","","","","1.0","253680","6244bec277fe3cefce56d46c583a4c5eb73f179ef64c8a1b18557fd0200105c5","","","","42","","0.0","1.0","","3.0","","","","","","","","","","","","","","","","","","","","","","1","0.9","","","12de3cf4074e8656a059c938acbe27143794910116dda3dc217a101698a368c1","","","","","","","93531a7b366471a63d29fd970abad6c5d04a2f933f9ffb2aa38dce1c7b286d65","hist","","","","","","","","","","","","","","","","","","","","","","","","","","","","","","","","","","","","","","0.7210549957524617","0.005035725740026202","0.4903667567064379","0.00633304443197847","0.4545672506719443","0.004606907028684089","0.4139803699712797","0.004495556818930406","0.6013383530800231","0.009840081015016114","0.8235148227330853","0.001960826807968126","","","","","","","","","","","","","","","","","","","","","","","","","","","","","","","","","","","","","","","","","","","","","","","","","","","","","","","","","","","","","","","","","","","","","","","","","","","","","","","","","","","","","","","","","","","","","","ITI113","26S1","team02","s202","team02","s202","diabetes","sagemaker_mlflow_app","arn:aws:sagemaker:ap-southeast-1:044528205969:mlflow-app/app-YHNC33FF6GPZ","20260821T064440Z","full","1.0","s3://nyp-26s1-iti113/iti113/team02/data/diabetes/cleaned/diabetes_binary_cleaned_dataset.csv","tuning_candidate","XGBoost","true","","","","","","","","","5","1","","","","","","","","","","","","","","","","","","","","","","","","","","","","","",""
"2026-08-21 14:47:08","17.1s","0867e9c509e2480598257a4d8883e727","xgb_candidate_04","NOTEBOOK","S202_8440104B_02_xgboost_model_comparison_against_logistic_regression_baseline_v8_FINAL_REPORT_UPDATED.ipynb","sagemaker-user","FINISHED","","","","","","0.9","","","","","","5","full","","","","aucpr","","","","0.0","","","0.03","2","","1","XGBClassifier","","","350","","","'-1","","","","binary:logistic","","","","","","1.0","253680","6244bec277fe3cefce56d46c583a4c5eb73f179ef64c8a1b18557fd0200105c5","","","","42","","0.0","1.0","","2.5","","","","","","","","","","","","","","","","","","","","","","1","0.9","","","12de3cf4074e8656a059c938acbe27143794910116dda3dc217a101698a368c1","","","","","","","93531a7b366471a63d29fd970abad6c5d04a2f933f9ffb2aa38dce1c7b286d65","hist","","","","","","","","","","","","","","","","","","","","","","","","","","","","","","","","","","","","","","0.7027742793921116","0.004731259293652105","0.48245103573287135","0.006726696485601691","0.4546122704202622","0.0046784962806850445","0.442184977366609","0.005106712139394392","0.5307986085957468","0.009086511979320519","0.8235169670563117","0.0020043837423844397","","","","","","","","","","","","","","","","","","","","","","","","","","","","","","","","","","","","","","","","","","","","","","","","","","","","","","","","","","","","","","","","","","","","","","","","","","","","","","","","","","","","","","","","","","","","","","ITI113","26S1","team02","s202","team02","s202","diabetes","sagemaker_mlflow_app","arn:aws:sagemaker:ap-southeast-1:044528205969:mlflow-app/app-YHNC33FF6GPZ","20260821T064440Z","full","1.0","s3://nyp-26s1-iti113/iti113/team02/data/diabetes/cleaned/diabetes_binary_cleaned_dataset.csv","tuning_candidate","XGBoost","true","","","","","","","","","4","1","","","","","","","","","","","","","","","","","","","","","","","","","","","","","",""
"2026-08-21 14:46:51","17.1s","e113acff89254abd81572148f6293b68","xgb_candidate_03","NOTEBOOK","S202_8440104B_02_xgboost_model_comparison_against_logistic_regression_baseline_v8_FINAL_REPORT_UPDATED.ipynb","sagemaker-user","FINISHED","","","","","","0.9","","","","","","5","full","","","","aucpr","","","","0.0","","","0.03","2","","1","XGBClassifier","","","350","","","'-1","","","","binary:logistic","","","","","","1.0","253680","6244bec277fe3cefce56d46c583a4c5eb73f179ef64c8a1b18557fd0200105c5","","","","42","","0.0","1.0","","2.0","","","","","","","","","","","","","","","","","","","","","","1","0.9","","","12de3cf4074e8656a059c938acbe27143794910116dda3dc217a101698a368c1","","","","","","","93531a7b366471a63d29fd970abad6c5d04a2f933f9ffb2aa38dce1c7b286d65","hist","","","","","","","","","","","","","","","","","","","","","","","","","","","","","","","","","","","","","","0.6746986848321801","0.0036702972256430952","0.45746553790102523","0.006021374387424472","0.4546966488489247","0.004697922695752347","0.47684958604770394","0.005495413465627455","0.4396220848128564","0.0072297620724875765","0.8234806086651524","0.0020056504937107957","","","","","","","","","","","","","","","","","","","","","","","","","","","","","","","","","","","","","","","","","","","","","","","","","","","","","","","","","","","","","","","","","","","","","","","","","","","","","","","","","","","","","","","","","","","","","","ITI113","26S1","team02","s202","team02","s202","diabetes","sagemaker_mlflow_app","arn:aws:sagemaker:ap-southeast-1:044528205969:mlflow-app/app-YHNC33FF6GPZ","20260821T064440Z","full","1.0","s3://nyp-26s1-iti113/iti113/team02/data/diabetes/cleaned/diabetes_binary_cleaned_dataset.csv","tuning_candidate","XGBoost","true","","","","","","","","","3","1","","","","","","","","","","","","","","","","","","","","","","","","","","","","","",""
"2026-08-21 14:46:33","17.1s","fb1960e659e341e184f467ee4da9fa0d","xgb_candidate_02","NOTEBOOK","S202_8440104B_02_xgboost_model_comparison_against_logistic_regression_baseline_v8_FINAL_REPORT_UPDATED.ipynb","sagemaker-user","FINISHED","","","","","","0.9","","","","","","5","full","","","","aucpr","","","","0.0","","","0.03","2","","1","XGBClassifier","","","350","","","'-1","","","","binary:logistic","","","","","","1.0","253680","6244bec277fe3cefce56d46c583a4c5eb73f179ef64c8a1b18557fd0200105c5","","","","42","","0.0","1.0","","1.5","","","","","","","","","","","","","","","","","","","","","","1","0.9","","","12de3cf4074e8656a059c938acbe27143794910116dda3dc217a101698a368c1","","","","","","","93531a7b366471a63d29fd970abad6c5d04a2f933f9ffb2aa38dce1c7b286d65","hist","","","","","","","","","","","","","","","","","","","","","","","","","","","","","","","","","","","","","","0.6340894025797111","0.0027727615588838484","0.39943447009125366","0.0054691197089968835","0.45486644280540167","0.004783860436836113","0.5210567619837486","0.0057245913839440886","0.3238695329257979","0.005669143376690831","0.8235060536488847","0.0020259068067179135","","","","","","","","","","","","","","","","","","","","","","","","","","","","","","","","","","","","","","","","","","","","","","","","","","","","","","","","","","","","","","","","","","","","","","","","","","","","","","","","","","","","","","","","","","","","","","ITI113","26S1","team02","s202","team02","s202","diabetes","sagemaker_mlflow_app","arn:aws:sagemaker:ap-southeast-1:044528205969:mlflow-app/app-YHNC33FF6GPZ","20260821T064440Z","full","1.0","s3://nyp-26s1-iti113/iti113/team02/data/diabetes/cleaned/diabetes_binary_cleaned_dataset.csv","tuning_candidate","XGBoost","true","","","","","","","","","2","1","","","","","","","","","","","","","","","","","","","","","","","","","","","","","",""
"2026-08-21 14:46:16","17.5s","43b9353b4990402caa8ff11fee3c634d","xgb_candidate_01","NOTEBOOK","S202_8440104B_02_xgboost_model_comparison_against_logistic_regression_baseline_v8_FINAL_REPORT_UPDATED.ipynb","sagemaker-user","FINISHED","","","","","","0.9","","","","","","5","full","","","","aucpr","","","","0.0","","","0.03","2","","1","XGBClassifier","","","350","","","'-1","","","","binary:logistic","","","","","","1.0","253680","6244bec277fe3cefce56d46c583a4c5eb73f179ef64c8a1b18557fd0200105c5","","","","42","","0.0","1.0","","1.0","","","","","","","","","","","","","","","","","","","","","","1","0.9","","","12de3cf4074e8656a059c938acbe27143794910116dda3dc217a101698a368c1","","","","","","","93531a7b366471a63d29fd970abad6c5d04a2f933f9ffb2aa38dce1c7b286d65","hist","","","","","","","","","","","","","","","","","","","","","","","","","","","","","","","","","","","","","","0.5779006201017388","0.0024129051716403524","0.2747675374182835","0.006332316569860508","0.45494539057167416","0.0049505596162263445","0.589311992120886","0.012336106920022022","0.17916315819162806","0.004540539561113825","0.8234176809879512","0.002024790744564885","","","","","","","","","","","","","","","","","","","","","","","","","","","","","","","","","","","","","","","","","","","","","","","","","","","","","","","","","","","","","","","","","","","","","","","","","","","","","","","","","","","","","","","","","","","","","","ITI113","26S1","team02","s202","team02","s202","diabetes","sagemaker_mlflow_app","arn:aws:sagemaker:ap-southeast-1:044528205969:mlflow-app/app-YHNC33FF6GPZ","20260821T064440Z","full","1.0","s3://nyp-26s1-iti113/iti113/team02/data/diabetes/cleaned/diabetes_binary_cleaned_dataset.csv","tuning_candidate","XGBoost","true","","","","","","","","","1","1","","","","","","","","","","","","","","","","","","","","","","","","","","","","","",""
"2026-08-21 14:46:15","10.0min","68c670a218a94ef8974613a0e3ae58ee","team02_s202_xgb_tuning_parent","NOTEBOOK","S202_8440104B_02_xgboost_model_comparison_against_logistic_regression_baseline_v8_FINAL_REPORT_UPDATED.ipynb","sagemaker-user","FINISHED","","","","","","","","","","","","5","full","","","","","","","","","","5.346","","","","","","30","","","","","","5","","0.002","","","","","","cv_pr_auc_mean","1.0","253680","6244bec277fe3cefce56d46c583a4c5eb73f179ef64c8a1b18557fd0200105c5","","","","","","","","","","[1.0, 1.5, 2.0, 2.5, 3.0, 4.0]","","","","","","","","","","","","","","","","","","","","","","","","","12de3cf4074e8656a059c938acbe27143794910116dda3dc217a101698a368c1","","","","","","","93531a7b366471a63d29fd970abad6c5d04a2f933f9ffb2aa38dce1c7b286d65","","","","","","","","","","","","","","","","","0.46004043144637013","","","","","","","","","","","","","","","","","","","","","","","","","","","","","","","","","","","","","","","","","","","","","","","","12","","","","","","","","","","0.4927131477649792","0.45949131473592414","0.8254136063485209","","","","","","","","","","","","","","","","","","","","","","","","","","","","","","","","","","","","","","","","","","","","","","","","","","","","","","","","","","","","","","","","","","","ITI113","26S1","team02","s202","team02","s202","diabetes","sagemaker_mlflow_app","arn:aws:sagemaker:ap-southeast-1:044528205969:mlflow-app/app-YHNC33FF6GPZ","20260821T064440Z","full","1.0","s3://nyp-26s1-iti113/iti113/team02/data/diabetes/cleaned/diabetes_binary_cleaned_dataset.csv","tuning_parent","XGBoost","false","","","","","","","","","","","","","","","","","","","","","","","","","","","","","","","","","","","","","","","",""
"2026-08-21 14:45:07","39.3s","a737e5cc75344a6aba697855ca7f9f6e","team02_s202_xgboost_reference","NOTEBOOK","S202_8440104B_02_xgboost_model_comparison_against_logistic_regression_baseline_v8_FINAL_REPORT_UPDATED.ipynb","sagemaker-user","FINISHED","","","","","","0.8","","","","","","5","full","s3://nyp-26s1-iti113/iti113/team02/data/diabetes/cleaned/diabetes_binary_cleaned_dataset.csv","","","logloss","","","253680","","","","0.1","4","","1","XGBClassifier","","","300","","21","'-1","","","","binary:logistic","","","","","","1.0","253680","","","","","42","","0.0","1.0","","1","","","","","","","","","","","","","cv_pr_auc_mean","","","","","","","","","","0.8","0.2","50736","","","","","","","202944","","hist","","","","","","","","","","","","","","","","","","","","","","","","","","","","","","","","","","","","","","0.587284884479799","0.003154688334609587","0.29951519015889694","0.007927887361226321","0.4586278642707648","0.0074525488800137926","0.5833763215549942","0.014361024570059704","0.20148803335052987","0.005628977731128275","0.8252107542410521","0.002011625372233758","","","","","","","","","","","","","","","","","","","","","","","","","","","","","","","","","","","","","","","","","","","","","","","","","","","","","","","","","","","","","","","","","","","","","","","","","","","","","","","","","","","","","","","","","","","","","","ITI113","26S1","team02","s202","team02","s202","diabetes","sagemaker_mlflow_app","arn:aws:sagemaker:ap-southeast-1:044528205969:mlflow-app/app-YHNC33FF6GPZ","20260821T064440Z","full","1.0","s3://nyp-26s1-iti113/iti113/team02/data/diabetes/cleaned/diabetes_binary_cleaned_dataset.csv","reference_configuration","XGBoost","false","","","","","","","","","","","","","","","","","","","","","","","","","","","","","","","","","","","","","","","",""
"2026-08-21 14:19:09","17.0s","5915855b52af4f8e97be9637dc6e2e86","team02_s203_final_logistic_regression","NOTEBOOK","S203_2730358J_02_Logistic_Regression_Experiments_MLflow_FINAL_REPORT_UPDATED (1).ipynb","sagemaker-user","FINISHED","","","","","0.21","","","","","","","5","full","","","","","","","253680","","","","","","","","","","","","","21","","","","","","","","","","cv_pr_auc_mean","1.0","253680","","","test_auc_roc","0.75","","","","","","","","","","lr_candidate_11","6c58a36edb3747b3ab7d4ffc74c8abc7","","","","","LogisticRegression","","","","","","","","","","","","","","","","","","","f1","","2af9d128ddc04a08ad1d3239d1020da2","","","","","","","","","","","","","","","","","","","","","","","","","","","","","","","","","","","","","","","","","","","","","","","","","","","","","","","","","","","","","0.2755676487145806","","","","","","","","","","","","","","","","","","","","","","","","0.21","0.4312049927179486","0.8171914914709772","","","0.7766083254493851","0.81719847862964","","0.7271919835838299","","","","0.4802824651504035","","","","2758","0.34496560350218886","8576","0.20065042933015137","0.4343866677706578","0.37913559690146964","0.6550343964978111","","0.7993495706698486","34165","5237","","","0.482095749317551","0.7774312125512457","0.817371258790809","0.7286304871945835","","0.48210784594746436","","10958","0.34263022950409605","34211","0.20010879610673718","0.4312830816528129","0.38062822485742737","0.657369770495904","0.7998912038932628","136751","21024","","","","","","","","true","","","","","","","","ITI113","26S1","team02","s203","team02","s203","diabetes","sagemaker_mlflow_app","arn:aws:sagemaker:ap-southeast-1:044528205969:mlflow-app/app-YHNC33FF6GPZ","20260821T060537Z","full","1.0","s3://nyp-26s1-iti113/iti113/team02/data/diabetes/cleaned/diabetes_binary_cleaned_dataset.csv","final_holdout_evaluation","LogisticRegression","false","6c58a36edb3747b3ab7d4ffc74c8abc7","lr_candidate_11","","","","","","","","","required","subgroup_error_rate_analysis_equivalent","logistic_regression_coefficients_and_odds_ratios","200","true","Sex,Age,Education,Income","bootstrap_ci_and_threshold_sensitivity","true","","","","","","","","","","","","","","","","","","","","","",""
"2026-08-21 14:18:55","1.7s","2af9d128ddc04a08ad1d3239d1020da2","team02_s203_lr_threshold_tuning","NOTEBOOK","S203_2730358J_02_Logistic_Regression_Experiments_MLflow_FINAL_REPORT_UPDATED (1).ipynb","sagemaker-user","FINISHED","","","","","","","","","","","","5","full","","","","","","","","","","","","","","","","","","","","","","","91","","","","","","","","1.0","253680","","","","","","","","","","","","","100.0","","","None","","","","","","","","","","","","","","","","","","","","","0.95","0.05","f1","0.01","","","","","","","","","","","","","","","","","","","","","","","","","","","","","","","","","","","","","","","","","","","","","","","","","","","","","","0.5778648897253099","0.2755676487145806","0.8163341879807392","0.027936032568640985","0.5515492957746478","0.18366581201926083","0.972063967431359","0.5","","","","","","","","0.7285726832525898","0.482095749317551","0.34288037020824214","0.1999742632865783","0.3806970509383378","0.6571196297917579","0.8000257367134217","0.21","","","","","","","","","","","","","","","","","","","","","","","","","","","","","","","","","","","","","","","","","","","","","","","","","","","","","","","","","","","","","","","","","","","","","","","ITI113","26S1","team02","s203","team02","s203","diabetes","sagemaker_mlflow_app","arn:aws:sagemaker:ap-southeast-1:044528205969:mlflow-app/app-YHNC33FF6GPZ","20260821T060537Z","full","1.0","s3://nyp-26s1-iti113/iti113/team02/data/diabetes/cleaned/diabetes_binary_cleaned_dataset.csv","threshold_tuning","LogisticRegression","false","6c58a36edb3747b3ab7d4ffc74c8abc7","","","","","","","","","","","","","","","","","","","","","","","","","","","","","","","","","","","","","","",""
"2026-08-21 14:14:46","41.9s","f2cd430ef6bf4fd0938ae227be5f70af","lr_candidate_12","NOTEBOOK","S203_2730358J_02_Logistic_Regression_Experiments_MLflow_FINAL_REPORT_UPDATED (1).ipynb","sagemaker-user","FINISHED","100.0","","","balanced","","","","","","","","5","full","","","","","","","","","","","","","3000","","LogisticRegression","","","","","","","","","","","l2","","","","","1.0","253680","","","","","42","","","","","","","","","","","","","","","","","","","","","lbfgs","","","","","","","","","","","","","","","","","","","","","","","","","","","","","","","","","","","","","","","","","","","","","","","","","","","","","","","","0.7420888973123596","0.003099471652235283","0.4694853454425316","0.0027779873561020853","0.4298129886463302","0.004479917345148488","0.33935788169794534","0.0016587576048873098","0.7614908655489797","0.006889288605721885","0.8177370609427154","0.002291913404073632","","","","","","","","","","","","","","","","","","","","","","","","","","","","","","","","","","","","","","","","","","","","","","","","","","","","","","","","","","","","","","","","","","","","","","","","","","","","","","","","","","","","","","","","","","","","","","ITI113","26S1","team02","s203","team02","s203","diabetes","sagemaker_mlflow_app","arn:aws:sagemaker:ap-southeast-1:044528205969:mlflow-app/app-YHNC33FF6GPZ","20260821T060537Z","full","1.0","s3://nyp-26s1-iti113/iti113/team02/data/diabetes/cleaned/diabetes_binary_cleaned_dataset.csv","tuning_candidate","LogisticRegression","true","","","","","","","","","12","","","","","","","","","","","","","","","","","","","","","","","","","","","","","","",""
"2026-08-21 14:14:05","40.8s","6c58a36edb3747b3ab7d4ffc74c8abc7","lr_candidate_11","NOTEBOOK","S203_2730358J_02_Logistic_Regression_Experiments_MLflow_FINAL_REPORT_UPDATED (1).ipynb","sagemaker-user","FINISHED","100.0","","","None","","","","","","","","5","full","","","","","","","","","","","","","3000","","LogisticRegression","","","","","","","","","","","l2","","","","","1.0","253680","","","","","42","","","","","","","","","","","","","","","","","","","","","lbfgs","","","","","","","","","","","","","","","","","","","","","","","","","","","","","","","","","","","","","","","","","","","","","","","","","","","","","","","","0.5778648655782875","0.002479428466775228","0.27553943238266465","0.00644350602583911","0.4312049927179486","0.004372887170161341","0.5515159781976962","0.0077200516871120855","0.1836657622597678","0.005126750160342248","0.8171914914709772","0.002197695357261157","","","","","","","","","","","","","","","","","","","","","","","","","","","","","","","","","","","","","","","","","","","","","","","","","","","","","","","","","","","","","","","","","","","","","","","","","","","","","","","","","","","","","","","","","","","","","","ITI113","26S1","team02","s203","team02","s203","diabetes","sagemaker_mlflow_app","arn:aws:sagemaker:ap-southeast-1:044528205969:mlflow-app/app-YHNC33FF6GPZ","20260821T060537Z","full","1.0","s3://nyp-26s1-iti113/iti113/team02/data/diabetes/cleaned/diabetes_binary_cleaned_dataset.csv","tuning_candidate","LogisticRegression","true","","","","","","","","","11","","","","","","","","","","","","","","","","","","","","","","","","","","","","","","",""
"2026-08-21 14:13:22","42.9s","e43b2044ec0e4ad59dd871bee8dffa09","lr_candidate_10","NOTEBOOK","S203_2730358J_02_Logistic_Regression_Experiments_MLflow_FINAL_REPORT_UPDATED (1).ipynb","sagemaker-user","FINISHED","10.0","","","balanced","","","","","","","","5","full","","","","","","","","","","","","","3000","","LogisticRegression","","","","","","","","","","","l2","","","","","1.0","253680","","","","","42","","","","","","","","","","","","","","","","","","","","","lbfgs","","","","","","","","","","","","","","","","","","","","","","","","","","","","","","","","","","","","","","","","","","","","","","","","","","","","","","","","0.7420146599246084","0.0029550093992546634","0.4694086206878964","0.002622140132983499","0.4298036802421345","0.0044862705882082","0.33930269467633456","0.0015529070093201274","0.7613657873751211","0.006684316715176463","0.8177340268694759","0.0022906211387070333","","","","","","","","","","","","","","","","","","","","","","","","","","","","","","","","","","","","","","","","","","","","","","","","","","","","","","","","","","","","","","","","","","","","","","","","","","","","","","","","","","","","","","","","","","","","","","ITI113","26S1","team02","s203","team02","s203","diabetes","sagemaker_mlflow_app","arn:aws:sagemaker:ap-southeast-1:044528205969:mlflow-app/app-YHNC33FF6GPZ","20260821T060537Z","full","1.0","s3://nyp-26s1-iti113/iti113/team02/data/diabetes/cleaned/diabetes_binary_cleaned_dataset.csv","tuning_candidate","LogisticRegression","true","","","","","","","","","10","","","","","","","","","","","","","","","","","","","","","","","","","","","","","","",""
"2026-08-21 14:12:39","43.3s","4b3235d2397d4802be02a57e8a441cf5","lr_candidate_09","NOTEBOOK","S203_2730358J_02_Logistic_Regression_Experiments_MLflow_FINAL_REPORT_UPDATED (1).ipynb","sagemaker-user","FINISHED","10.0","","","None","","","","","","","","5","full","","","","","","","","","","","","","3000","","LogisticRegression","","","","","","","","","","","l2","","","","","1.0","253680","","","","","42","","","","","","","","","","","","","","","","","","","","","lbfgs","","","","","","","","","","","","","","","","","","","","","","","","","","","","","","","","","","","","","","","","","","","","","","","","","","","","","","","","0.5776673795810753","0.0024472882458476852","0.275012528820047","0.0063469494944251555","0.4311910496422631","0.0043797778391286265","0.5517714671625202","0.008214697576666471","0.1831655033340656","0.0049403944038978395","0.8171910989468671","0.002188465157083259","","","","","","","","","","","","","","","","","","","","","","","","","","","","","","","","","","","","","","","","","","","","","","","","","","","","","","","","","","","","","","","","","","","","","","","","","","","","","","","","","","","","","","","","","","","","","","ITI113","26S1","team02","s203","team02","s203","diabetes","sagemaker_mlflow_app","arn:aws:sagemaker:ap-southeast-1:044528205969:mlflow-app/app-YHNC33FF6GPZ","20260821T060537Z","full","1.0","s3://nyp-26s1-iti113/iti113/team02/data/diabetes/cleaned/diabetes_binary_cleaned_dataset.csv","tuning_candidate","LogisticRegression","true","","","","","","","","","9","","","","","","","","","","","","","","","","","","","","","","","","","","","","","","",""
"2026-08-21 14:11:57","41.0s","3684427e143d4f94b4ec98e4420bb03c","lr_candidate_08","NOTEBOOK","S203_2730358J_02_Logistic_Regression_Experiments_MLflow_FINAL_REPORT_UPDATED (1).ipynb","sagemaker-user","FINISHED","1.0","","","balanced","","","","","","","","5","full","","","","","","","","","","","","","3000","","LogisticRegression","","","","","","","","","","","l2","","","","","1.0","253680","","","","","42","","","","","","","","","","","","","","","","","","","","","lbfgs","","","","","","","","","","","","","","","","","","","","","","","","","","","","","","","","","","","","","","","","","","","","","","","","","","","","","","","","0.7420683117299328","0.0030990732676045335","0.4694817038653573","0.0027735448473080386","0.42980947660501767","0.004488467218159494","0.3393726061891172","0.0016442074327959453","0.7613970520304282","0.006883826904796224","0.8177362079904912","0.002285937223190106","","","","","","","","","","","","","","","","","","","","","","","","","","","","","","","","","","","","","","","","","","","","","","","","","","","","","","","","","","","","","","","","","","","","","","","","","","","","","","","","","","","","","","","","","","","","","","ITI113","26S1","team02","s203","team02","s203","diabetes","sagemaker_mlflow_app","arn:aws:sagemaker:ap-southeast-1:044528205969:mlflow-app/app-YHNC33FF6GPZ","20260821T060537Z","full","1.0","s3://nyp-26s1-iti113/iti113/team02/data/diabetes/cleaned/diabetes_binary_cleaned_dataset.csv","tuning_candidate","LogisticRegression","true","","","","","","","","","8","","","","","","","","","","","","","","","","","","","","","","","","","","","","","","",""
"2026-08-21 14:11:18","39.4s","70fab2659d594b4497f98c731004ca06","lr_candidate_07","NOTEBOOK","S203_2730358J_02_Logistic_Regression_Experiments_MLflow_FINAL_REPORT_UPDATED (1).ipynb","sagemaker-user","FINISHED","1.0","","","None","","","","","","","","5","full","","","","","","","","","","","","","3000","","LogisticRegression","","","","","","","","","","","l2","","","","","1.0","253680","","","","","42","","","","","","","","","","","","","","","","","","","","","lbfgs","","","","","","","","","","","","","","","","","","","","","","","","","","","","","","","","","","","","","","","","","","","","","","","","","","","","","","","","0.5778257332114525","0.002541600337834294","0.2754289477440563","0.00660263663709806","0.43118225522803694","0.0043818200055283875","0.5517538161304498","0.007953336290177715","0.18354070363853917","0.0052193877014198075","0.8171916991412822","0.002184734120351359","","","","","","","","","","","","","","","","","","","","","","","","","","","","","","","","","","","","","","","","","","","","","","","","","","","","","","","","","","","","","","","","","","","","","","","","","","","","","","","","","","","","","","","","","","","","","","ITI113","26S1","team02","s203","team02","s203","diabetes","sagemaker_mlflow_app","arn:aws:sagemaker:ap-southeast-1:044528205969:mlflow-app/app-YHNC33FF6GPZ","20260821T060537Z","full","1.0","s3://nyp-26s1-iti113/iti113/team02/data/diabetes/cleaned/diabetes_binary_cleaned_dataset.csv","tuning_candidate","LogisticRegression","true","","","","","","","","","7","","","","","","","","","","","","","","","","","","","","","","","","","","","","","","",""
"2026-08-21 14:10:35","42.4s","98168b6064414264bff99984b743286f","lr_candidate_06","NOTEBOOK","S203_2730358J_02_Logistic_Regression_Experiments_MLflow_FINAL_REPORT_UPDATED (1).ipynb","sagemaker-user","FINISHED","0.1","","","balanced","","","","","","","","5","full","","","","","","","","","","","","","3000","","LogisticRegression","","","","","","","","","","","l2","","","","","1.0","253680","","","","","42","","","","","","","","","","","","","","","","","","","","","lbfgs","","","","","","","","","","","","","","","","","","","","","","","","","","","","","","","","","","","","","","","","","","","","","","","","","","","","","","","","0.7420329967419954","0.003061003346724508","0.4694840307161206","0.002742906393613595","0.4297963583870727","0.004480582259825821","0.3394125901358911","0.0016484614998842015","0.7612094347696402","0.0068388030937731855","0.8177441278393911","0.002280409258558035","","","","","","","","","","","","","","","","","","","","","","","","","","","","","","","","","","","","","","","","","","","","","","","","","","","","","","","","","","","","","","","","","","","","","","","","","","","","","","","","","","","","","","","","","","","","","","ITI113","26S1","team02","s203","team02","s203","diabetes","sagemaker_mlflow_app","arn:aws:sagemaker:ap-southeast-1:044528205969:mlflow-app/app-YHNC33FF6GPZ","20260821T060537Z","full","1.0","s3://nyp-26s1-iti113/iti113/team02/data/diabetes/cleaned/diabetes_binary_cleaned_dataset.csv","tuning_candidate","LogisticRegression","true","","","","","","","","","6","","","","","","","","","","","","","","","","","","","","","","","","","","","","","","",""
"2026-08-21 14:09:54","40.9s","68d15bc62fba40498ba3e3d3177217a7","lr_candidate_05","NOTEBOOK","S203_2730358J_02_Logistic_Regression_Experiments_MLflow_FINAL_REPORT_UPDATED (1).ipynb","sagemaker-user","FINISHED","0.1","","","None","","","","","","","","5","full","","","","","","","","","","","","","3000","","LogisticRegression","","","","","","","","","","","l2","","","","","1.0","253680","","","","","42","","","","","","","","","","","","","","","","","","","","","lbfgs","","","","","","","","","","","","","","","","","","","","","","","","","","","","","","","","","","","","","","","","","","","","","","","","","","","","","","","","0.5776936939388916","0.002467578451640564","0.2750684425175167","0.0064096507976463424","0.4311531696665535","0.004382636467180066","0.5522494659082905","0.008209428283166892","0.18316548866959312","0.0050435888671587865","0.8172271555670745","0.0021720283712087806","","","","","","","","","","","","","","","","","","","","","","","","","","","","","","","","","","","","","","","","","","","","","","","","","","","","","","","","","","","","","","","","","","","","","","","","","","","","","","","","","","","","","","","","","","","","","","ITI113","26S1","team02","s203","team02","s203","diabetes","sagemaker_mlflow_app","arn:aws:sagemaker:ap-southeast-1:044528205969:mlflow-app/app-YHNC33FF6GPZ","20260821T060537Z","full","1.0","s3://nyp-26s1-iti113/iti113/team02/data/diabetes/cleaned/diabetes_binary_cleaned_dataset.csv","tuning_candidate","LogisticRegression","true","","","","","","","","","5","","","","","","","","","","","","","","","","","","","","","","","","","","","","","","",""
"2026-08-21 14:09:13","41.0s","3cf66fb6362544aa9604bb3f65b91a1b","lr_candidate_04","NOTEBOOK","S203_2730358J_02_Logistic_Regression_Experiments_MLflow_FINAL_REPORT_UPDATED (1).ipynb","sagemaker-user","FINISHED","0.01","","","balanced","","","","","","","","5","full","","","","","","","","","","","","","3000","","LogisticRegression","","","","","","","","","","","l2","","","","","1.0","253680","","","","","42","","","","","","","","","","","","","","","","","","","","","lbfgs","","","","","","","","","","","","","","","","","","","","","","","","","","","","","","","","","","","","","","","","","","","","","","","","","","","","","","","","0.7421939685331194","0.002659706989358396","0.4697062279924292","0.0023303564868561283","0.42959403845138117","0.004485294278858772","0.3396262355074738","0.0013801937186703802","0.7613032580645067","0.006176228300816152","0.8177401686144528","0.002252097270031167","","","","","","","","","","","","","","","","","","","","","","","","","","","","","","","","","","","","","","","","","","","","","","","","","","","","","","","","","","","","","","","","","","","","","","","","","","","","","","","","","","","","","","","","","","","","","","ITI113","26S1","team02","s203","team02","s203","diabetes","sagemaker_mlflow_app","arn:aws:sagemaker:ap-southeast-1:044528205969:mlflow-app/app-YHNC33FF6GPZ","20260821T060537Z","full","1.0","s3://nyp-26s1-iti113/iti113/team02/data/diabetes/cleaned/diabetes_binary_cleaned_dataset.csv","tuning_candidate","LogisticRegression","true","","","","","","","","","4","","","","","","","","","","","","","","","","","","","","","","","","","","","","","","",""
"2026-08-21 14:08:34","39.1s","9391a3b2ebef48818212bacf38f5d680","lr_candidate_03","NOTEBOOK","S203_2730358J_02_Logistic_Regression_Experiments_MLflow_FINAL_REPORT_UPDATED (1).ipynb","sagemaker-user","FINISHED","0.01","","","None","","","","","","","","5","full","","","","","","","","","","","","","3000","","LogisticRegression","","","","","","","","","","","l2","","","","","1.0","253680","","","","","42","","","","","","","","","","","","","","","","","","","","","lbfgs","","","","","","","","","","","","","","","","","","","","","","","","","","","","","","","","","","","","","","","","","","","","","","","","","","","","","","","","0.5766280189592832","0.0022588841814128154","0.27220045388942365","0.005894882013680225","0.4308592370804374","0.00441860804546994","0.5533881258248491","0.008323763336128392","0.18050770456719128","0.0045863841811255275","0.8172364114887973","0.0021326143603307523","","","","","","","","","","","","","","","","","","","","","","","","","","","","","","","","","","","","","","","","","","","","","","","","","","","","","","","","","","","","","","","","","","","","","","","","","","","","","","","","","","","","","","","","","","","","","","ITI113","26S1","team02","s203","team02","s203","diabetes","sagemaker_mlflow_app","arn:aws:sagemaker:ap-southeast-1:044528205969:mlflow-app/app-YHNC33FF6GPZ","20260821T060537Z","full","1.0","s3://nyp-26s1-iti113/iti113/team02/data/diabetes/cleaned/diabetes_binary_cleaned_dataset.csv","tuning_candidate","LogisticRegression","true","","","","","","","","","3","","","","","","","","","","","","","","","","","","","","","","","","","","","","","","",""
"2026-08-21 14:07:59","34.7s","40ff7562b4b6488b81ef058f3885043c","lr_candidate_02","NOTEBOOK","S203_2730358J_02_Logistic_Regression_Experiments_MLflow_FINAL_REPORT_UPDATED (1).ipynb","sagemaker-user","FINISHED","0.001","","","balanced","","","","","","","","5","full","","","","","","","","","","","","","3000","","LogisticRegression","","","","","","","","","","","l2","","","","","1.0","253680","","","","","42","","","","","","","","","","","","","","","","","","","","","lbfgs","","","","","","","","","","","","","","","","","","","","","","","","","","","","","","","","","","","","","","","","","","","","","","","","","","","","","","","","0.7423291962371119","0.002557015565010476","0.4699921037597411","0.0022397688781334336","0.4272485634299019","0.004580869263148244","0.33997500945928216","0.0013326663020706197","0.7610531310457342","0.005964052356899407","0.8170209163936738","0.0022427222957035167","","","","","","","","","","","","","","","","","","","","","","","","","","","","","","","","","","","","","","","","","","","","","","","","","","","","","","","","","","","","","","","","","","","","","","","","","","","","","","","","","","","","","","","","","","","","","","ITI113","26S1","team02","s203","team02","s203","diabetes","sagemaker_mlflow_app","arn:aws:sagemaker:ap-southeast-1:044528205969:mlflow-app/app-YHNC33FF6GPZ","20260821T060537Z","full","1.0","s3://nyp-26s1-iti113/iti113/team02/data/diabetes/cleaned/diabetes_binary_cleaned_dataset.csv","tuning_candidate","LogisticRegression","true","","","","","","","","","2","","","","","","","","","","","","","","","","","","","","","","","","","","","","","","",""
"2026-08-21 14:07:26","32.9s","dc82a1d127db4dceb9b5ed9ba2fc9dec","lr_candidate_01","NOTEBOOK","S203_2730358J_02_Logistic_Regression_Experiments_MLflow_FINAL_REPORT_UPDATED (1).ipynb","sagemaker-user","FINISHED","0.001","","","None","","","","","","","","5","full","","","","","","","","","","","","","3000","","LogisticRegression","","","","","","","","","","","l2","","","","","1.0","253680","","","","","42","","","","","","","","","","","","","","","","","","","","","lbfgs","","","","","","","","","","","","","","","","","","","","","","","","","","","","","","","","","","","","","","","","","","","","","","","","","","","","","","","","0.5693217794859685","0.0016312043545705745","0.25208702168290165","0.004395307883785059","0.4276470843806644","0.004491953390609733","0.5556948109879578","0.0075398268983054954","0.1630290953887762","0.0032430685484242452","0.8165269684234573","0.0021533546949222006","","","","","","","","","","","","","","","","","","","","","","","","","","","","","","","","","","","","","","","","","","","","","","","","","","","","","","","","","","","","","","","","","","","","","","","","","","","","","","","","","","","","","","","","","","","","","","ITI113","26S1","team02","s203","team02","s203","diabetes","sagemaker_mlflow_app","arn:aws:sagemaker:ap-southeast-1:044528205969:mlflow-app/app-YHNC33FF6GPZ","20260821T060537Z","full","1.0","s3://nyp-26s1-iti113/iti113/team02/data/diabetes/cleaned/diabetes_binary_cleaned_dataset.csv","tuning_candidate","LogisticRegression","true","","","","","","","","","1","","","","","","","","","","","","","","","","","","","","","","","","","","","","","","",""
"2026-08-21 14:07:25","8.1min","f79cf56449634969847a1da205609d01","team02_s203_lr_tuning_parent","NOTEBOOK","S203_2730358J_02_Logistic_Regression_Experiments_MLflow_FINAL_REPORT_UPDATED (1).ipynb","sagemaker-user","FINISHED","","","","","","","","","","","","5","full","","","","","lowest_candidate_index","","","","","","","","","","","12","","","","","","","","","","","","","","cv_pr_auc_mean","1.0","253680","","","","","","","","","","","","cv_roc_auc_mean","","","","","","","","","","","","","","","","","","","","","","","","","","","","","","","","","","","","","","","","","","","","","","","","","","","","","","","","","","","","","0.4312049927179486","0.8171914914709772","","","","","","","","","","","","","","","","","","","","","","","","","","","","","","","","","","","","","","","","","","","","","","","","","","","","","","","","","","","","","","","","","","","","","","","","","","","","","","","","","","","","","","","","","","","","","","","","","","","","","","","","","","","","","","","","","ITI113","26S1","team02","s203","team02","s203","diabetes","sagemaker_mlflow_app","arn:aws:sagemaker:ap-southeast-1:044528205969:mlflow-app/app-YHNC33FF6GPZ","20260821T060537Z","full","1.0","s3://nyp-26s1-iti113/iti113/team02/data/diabetes/cleaned/diabetes_binary_cleaned_dataset.csv","tuning_parent","LogisticRegression","false","","","","","","","","","","","","","","","","","","","","full_precision","lowest_candidate_index","","","","","","","","","","","","","","","","","","",""
"2026-08-21 14:06:07","1.1min","1175cef3beb54fdf84ab5f046745496d","team02_s203_logistic_regression_baseline","NOTEBOOK","S203_2730358J_02_Logistic_Regression_Experiments_MLflow_FINAL_REPORT_UPDATED (1).ipynb","sagemaker-user","FINISHED","1.0","","","None","","","","","","","","5","full","s3://nyp-26s1-iti113/iti113/team02/data/diabetes/cleaned/diabetes_binary_cleaned_dataset.csv","","","","","","253680","","","","","","3000","","LogisticRegression","","","","","21","","","","","","l2","","","","","1.0","253680","","","","","42","","","","","","","","","","","","","","","","","","cv_pr_auc_mean","","","lbfgs","","","","","","","","0.2","50736","","","","","","","202944","","","","","","","","","","","","","","","","","","","","","","","","","","","","","","","","","","","","","","","","0.5778257332114525","0.002541600337834294","0.2754289477440563","0.00660263663709806","0.43118225522803694","0.0043818200055283875","0.5517538161304498","0.007953336290177715","0.18354070363853917","0.0052193877014198075","0.8171916991412822","0.002184734120351359","","","","","","","","","","","","","","","","","","","","","","","","","","","","","","","","","","","","","","","","","","","","","","","","","","","","","","","","","","","","","","","","","","","","","","","","","","","","","","","","","","","","","","","","","","","","","","ITI113","26S1","team02","s203","team02","s203","diabetes","sagemaker_mlflow_app","arn:aws:sagemaker:ap-southeast-1:044528205969:mlflow-app/app-YHNC33FF6GPZ","20260821T060537Z","full","1.0","s3://nyp-26s1-iti113/iti113/team02/data/diabetes/cleaned/diabetes_binary_cleaned_dataset.csv","baseline","LogisticRegression","false","","","","","","","","","","","","","","","","","","","","","","","","","","","","","","","","","","","","","","","",""
"2026-08-21 11:37:58","21.5s","e5ccc0ec4940403da8da61caca1fe2b4","team02_s203_final_logistic_regression","NOTEBOOK","S203_2730358J_02_Logistic_Regression_Experiments_MLflow_FINAL_REPORT_UPDATED.ipynb","sagemaker-user","FINISHED","","","","","0.21","","","","","","","5","full","","","","","","","253680","","","","","","","","","","","","","21","","","","","","","","","","cv_pr_auc_mean","1.0","253680","","","test_auc_roc","0.75","","","","","","","","","","lr_candidate_09","716d3f96399b484ca7384c80a4fca869","","","","","LogisticRegression","","","","","","","","","","","","","","","","","","","f1","","dc3fcdddd2304c4ba51496091ed8bec4","","","","","","","","","","","","","","","","","","","","","","","","","","","","","","","","","","","","","","","","","","","","","","","","","","","","","","","","","","","","","0.2754347673026825","","","","","","","","","","","","","","","","","","","","","","","","0.21","0.4312086351252152","0.8171966108384842","","","0.7765689057079785","0.817189324783735","","0.7272702682806993","","","","0.4803337306317044","","","","2756","0.34471544715447155","8580","0.20074401628413","0.4344129377383865","0.3791157102539981","0.6552845528455284","","0.79925598371587","34161","5239","","","0.48198880323054333","0.7774262850835698","0.8173636919986617","0.7285385983956707","","0.48201917343241135","","10965","0.3428491026202239","34205","0.20007370058843485","0.4313133183398181","0.3805910687769367","0.6571508973797762","0.7999262994115651","136757","21017","","","","","","","","true","","","","","","","","ITI113","26S1","team02","s203","team02","s203","diabetes","sagemaker_mlflow_app","arn:aws:sagemaker:ap-southeast-1:044528205969:mlflow-app/app-YHNC33FF6GPZ","20260821T031121Z","full","1.0","s3://nyp-26s1-iti113/iti113/team02/data/diabetes/cleaned/diabetes_binary_cleaned_dataset.csv","final_holdout_evaluation","LogisticRegression","false","716d3f96399b484ca7384c80a4fca869","lr_candidate_09","","","","","","","","","required","subgroup_error_rate_analysis_equivalent","logistic_regression_coefficients_and_odds_ratios","200","true","Sex,Age,Education,Income","bootstrap_ci_and_threshold_sensitivity","true","","","","","","","","","","","","","","","","","","","","","",""
"2026-08-21 11:37:37","1.3s","dc3fcdddd2304c4ba51496091ed8bec4","team02_s203_lr_threshold_tuning","NOTEBOOK","S203_2730358J_02_Logistic_Regression_Experiments_MLflow_FINAL_REPORT_UPDATED.ipynb","sagemaker-user","FINISHED","","","","","","","","","","","","5","full","","","","","","","","","","","","","","","","","","","","","","","91","","","","","","","","1.0","253680","","","","","","","","","","","","","10.0","","","None","","","","","","","","","","","","","","","","","","","","","0.95","0.05","f1","0.01","","","","","","","","","","","","","","","","","","","","","","","","","","","","","","","","","","","","","","","","","","","","","","","","","","","","","","0.5778208056121834","0.2754347673026825","0.8165217935088487","0.02783659526678443","0.5521784134751105","0.18347820649115126","0.9721634047332156","0.5","","","","","","","","0.7284583007452343","0.48198880323054333","0.34316177850040647","0.19992162000912483","0.38065813793353387","0.6568382214995935","0.8000783799908752","0.21","","","","","","","","","","","","","","","","","","","","","","","","","","","","","","","","","","","","","","","","","","","","","","","","","","","","","","","","","","","","","","","","","","","","","","","ITI113","26S1","team02","s203","team02","s203","diabetes","sagemaker_mlflow_app","arn:aws:sagemaker:ap-southeast-1:044528205969:mlflow-app/app-YHNC33FF6GPZ","20260821T031121Z","full","1.0","s3://nyp-26s1-iti113/iti113/team02/data/diabetes/cleaned/diabetes_binary_cleaned_dataset.csv","threshold_tuning","LogisticRegression","false","716d3f96399b484ca7384c80a4fca869","","","","","","","","","","","","","","","","","","","","","","","","","","","","","","","","","","","","","","",""
"2026-08-21 11:19:48","40.5s","22bc6add19754c17b1c73c282bb5c8e4","lr_candidate_12","NOTEBOOK","S203_2730358J_02_Logistic_Regression_Experiments_MLflow_FINAL_REPORT_UPDATED.ipynb","sagemaker-user","FINISHED","100.0","","","balanced","","","","","","","","5","full","","","","","","","","","","","","","3000","","LogisticRegression","","","","","","","","","","","l2","","","","","1.0","253680","","","","","42","","","","","","","","","","","","","","","","","","","","","lbfgs","","","","","","","","","","","","","","","","","","","","","","","","","","","","","","","","","","","","","","","","","","","","","","","","","","","","","","","","0.7421816846984031","0.003061377218471977","0.4695821773265699","0.0027582537002360775","0.42980277423352964","0.0044746880084119475","0.33942794044502883","0.001668309237609783","0.7616471937136731","0.006772975150103664","0.8177334882890633","0.002286637871387693","","","","","","","","","","","","","","","","","","","","","","","","","","","","","","","","","","","","","","","","","","","","","","","","","","","","","","","","","","","","","","","","","","","","","","","","","","","","","","","","","","","","","","","","","","","","","","ITI113","26S1","team02","s203","team02","s203","diabetes","sagemaker_mlflow_app","arn:aws:sagemaker:ap-southeast-1:044528205969:mlflow-app/app-YHNC33FF6GPZ","20260821T031121Z","full","1.0","s3://nyp-26s1-iti113/iti113/team02/data/diabetes/cleaned/diabetes_binary_cleaned_dataset.csv","tuning_candidate","LogisticRegression","true","","","","","","","","","12","","","","","","","","","","","","","","","","","","","","","","","","","","","","","","",""
"2026-08-21 11:19:09","38.8s","134c6eaa14d64b3c91e04cd24ac85940","lr_candidate_11","NOTEBOOK","S203_2730358J_02_Logistic_Regression_Experiments_MLflow_FINAL_REPORT_UPDATED.ipynb","sagemaker-user","FINISHED","100.0","","","None","","","","","","","","5","full","","","","","","","","","","","","","3000","","LogisticRegression","","","","","","","","","","","l2","","","","","1.0","253680","","","","","42","","","","","","","","","","","","","","","","","","","","","lbfgs","","","","","","","","","","","","","","","","","","","","","","","","","","","","","","","","","","","","","","","","","","","","","","","","","","","","","","","","0.577798314408649","0.0024351342616788386","0.27534755931281746","0.0063280772090456615","0.4311894675044898","0.00436818596350438","0.5522206054318831","0.007970652123377336","0.1834156743462554","0.004985615224450975","0.8171990210808919","0.0021894591024025586","","","","","","","","","","","","","","","","","","","","","","","","","","","","","","","","","","","","","","","","","","","","","","","","","","","","","","","","","","","","","","","","","","","","","","","","","","","","","","","","","","","","","","","","","","","","","","ITI113","26S1","team02","s203","team02","s203","diabetes","sagemaker_mlflow_app","arn:aws:sagemaker:ap-southeast-1:044528205969:mlflow-app/app-YHNC33FF6GPZ","20260821T031121Z","full","1.0","s3://nyp-26s1-iti113/iti113/team02/data/diabetes/cleaned/diabetes_binary_cleaned_dataset.csv","tuning_candidate","LogisticRegression","true","","","","","","","","","11","","","","","","","","","","","","","","","","","","","","","","","","","","","","","","",""
"2026-08-21 11:18:28","41.2s","da5ae5eef02c4febb4b962b8230ce33b","lr_candidate_10","NOTEBOOK","S203_2730358J_02_Logistic_Regression_Experiments_MLflow_FINAL_REPORT_UPDATED.ipynb","sagemaker-user","FINISHED","10.0","","","balanced","","","","","","","","5","full","","","","","","","","","","","","","3000","","LogisticRegression","","","","","","","","","","","l2","","","","","1.0","253680","","","","","42","","","","","","","","","","","","","","","","","","","","","lbfgs","","","","","","","","","","","","","","","","","","","","","","","","","","","","","","","","","","","","","","","","","","","","","","","","","","","","","","","","0.7420859654049179","0.0029728631867406183","0.4694815731834373","0.0026735827115016353","0.4298065392562475","0.004480122869137224","0.3393537014286448","0.0016107451767446164","0.7614908508845073","0.006591778166231887","0.8177317346360236","0.0022930962093370183","","","","","","","","","","","","","","","","","","","","","","","","","","","","","","","","","","","","","","","","","","","","","","","","","","","","","","","","","","","","","","","","","","","","","","","","","","","","","","","","","","","","","","","","","","","","","","ITI113","26S1","team02","s203","team02","s203","diabetes","sagemaker_mlflow_app","arn:aws:sagemaker:ap-southeast-1:044528205969:mlflow-app/app-YHNC33FF6GPZ","20260821T031121Z","full","1.0","s3://nyp-26s1-iti113/iti113/team02/data/diabetes/cleaned/diabetes_binary_cleaned_dataset.csv","tuning_candidate","LogisticRegression","true","","","","","","","","","10","","","","","","","","","","","","","","","","","","","","","","","","","","","","","","",""
"2026-08-21 11:17:47","41.0s","716d3f96399b484ca7384c80a4fca869","lr_candidate_09","NOTEBOOK","S203_2730358J_02_Logistic_Regression_Experiments_MLflow_FINAL_REPORT_UPDATED.ipynb","sagemaker-user","FINISHED","10.0","","","None","","","","","","","","5","full","","","","","","","","","","","","","3000","","LogisticRegression","","","","","","","","","","","l2","","","","","1.0","253680","","","","","42","","","","","","","","","","","","","","","","","","","","","lbfgs","","","","","","","","","","","","","","","","","","","","","","","","","","","","","","","","","","","","","","","","","","","","","","","","","","","","","","","","0.57782079320348","0.0023831642836704414","0.27541050357470165","0.006188833773507288","0.4312086351252152","0.004387347829784279","0.5521495707871187","0.007842821004799303","0.18347817921608228","0.0048686214762087045","0.8171966108384842","0.0021932497119679126","","","","","","","","","","","","","","","","","","","","","","","","","","","","","","","","","","","","","","","","","","","","","","","","","","","","","","","","","","","","","","","","","","","","","","","","","","","","","","","","","","","","","","","","","","","","","","ITI113","26S1","team02","s203","team02","s203","diabetes","sagemaker_mlflow_app","arn:aws:sagemaker:ap-southeast-1:044528205969:mlflow-app/app-YHNC33FF6GPZ","20260821T031121Z","full","1.0","s3://nyp-26s1-iti113/iti113/team02/data/diabetes/cleaned/diabetes_binary_cleaned_dataset.csv","tuning_candidate","LogisticRegression","true","","","","","","","","","9","","","","","","","","","","","","","","","","","","","","","","","","","","","","","","",""
"2026-08-21 11:17:05","41.1s","fc7312aa36fc47bea72c7a98987c605c","lr_candidate_08","NOTEBOOK","S203_2730358J_02_Logistic_Regression_Experiments_MLflow_FINAL_REPORT_UPDATED.ipynb","sagemaker-user","FINISHED","1.0","","","balanced","","","","","","","","5","full","","","","","","","","","","","","","3000","","LogisticRegression","","","","","","","","","","","l2","","","","","1.0","253680","","","","","42","","","","","","","","","","","","","","","","","","","","","lbfgs","","","","","","","","","","","","","","","","","","","","","","","","","","","","","","","","","","","","","","","","","","","","","","","","","","","","","","","","0.742054707996313","0.0030309228976673","0.4694513353732801","0.0026953601349564826","0.42981205776141485","0.004482137182395187","0.33933478476135526","0.001587846008984255","0.7614283362383654","0.006803706820106101","0.8177359352214228","0.0022869486745497516","","","","","","","","","","","","","","","","","","","","","","","","","","","","","","","","","","","","","","","","","","","","","","","","","","","","","","","","","","","","","","","","","","","","","","","","","","","","","","","","","","","","","","","","","","","","","","ITI113","26S1","team02","s203","team02","s203","diabetes","sagemaker_mlflow_app","arn:aws:sagemaker:ap-southeast-1:044528205969:mlflow-app/app-YHNC33FF6GPZ","20260821T031121Z","full","1.0","s3://nyp-26s1-iti113/iti113/team02/data/diabetes/cleaned/diabetes_binary_cleaned_dataset.csv","tuning_candidate","LogisticRegression","true","","","","","","","","","8","","","","","","","","","","","","","","","","","","","","","","","","","","","","","","",""
"2026-08-21 11:16:24","41.1s","43c7c56dfc9041cab566f1b403e83c66","lr_candidate_07","NOTEBOOK","S203_2730358J_02_Logistic_Regression_Experiments_MLflow_FINAL_REPORT_UPDATED.ipynb","sagemaker-user","FINISHED","1.0","","","None","","","","","","","","5","full","","","","","","","","","","","","","3000","","LogisticRegression","","","","","","","","","","","l2","","","","","1.0","253680","","","","","42","","","","","","","","","","","","","","","","","","","","","lbfgs","","","","","","","","","","","","","","","","","","","","","","","","","","","","","","","","","","","","","","","","","","","","","","","","","","","","","","","","0.5776947105516863","0.0026710426257703914","0.2750714322990396","0.006945492326465813","0.4311944562959395","0.00437763983568954","0.5520125795527935","0.008441252412483505","0.18319676798937273","0.005475111570372467","0.8171911917326276","0.0021895338116692566","","","","","","","","","","","","","","","","","","","","","","","","","","","","","","","","","","","","","","","","","","","","","","","","","","","","","","","","","","","","","","","","","","","","","","","","","","","","","","","","","","","","","","","","","","","","","","ITI113","26S1","team02","s203","team02","s203","diabetes","sagemaker_mlflow_app","arn:aws:sagemaker:ap-southeast-1:044528205969:mlflow-app/app-YHNC33FF6GPZ","20260821T031121Z","full","1.0","s3://nyp-26s1-iti113/iti113/team02/data/diabetes/cleaned/diabetes_binary_cleaned_dataset.csv","tuning_candidate","LogisticRegression","true","","","","","","","","","7","","","","","","","","","","","","","","","","","","","","","","","","","","","","","","",""
"2026-08-21 11:15:44","39.8s","7ec607e4892e43fb9c5fbd2fec81f3fd","lr_candidate_06","NOTEBOOK","S203_2730358J_02_Logistic_Regression_Experiments_MLflow_FINAL_REPORT_UPDATED.ipynb","sagemaker-user","FINISHED","0.1","","","balanced","","","","","","","","5","full","","","","","","","","","","","","","3000","","LogisticRegression","","","","","","","","","","","l2","","","","","1.0","253680","","","","","42","","","","","","","","","","","","","","","","","","","","","lbfgs","","","","","","","","","","","","","","","","","","","","","","","","","","","","","","","","","","","","","","","","","","","","","","","","","","","","","","","","0.7421688599558852","0.003145305136850765","0.46959976966510897","0.0028356136460283687","0.42978622200613514","0.0044790922595576346","0.3394714357288977","0.0017207538610485495","0.7615221057634994","0.006966420066345656","0.8177393920625384","0.0022816545049587325","","","","","","","","","","","","","","","","","","","","","","","","","","","","","","","","","","","","","","","","","","","","","","","","","","","","","","","","","","","","","","","","","","","","","","","","","","","","","","","","","","","","","","","","","","","","","","ITI113","26S1","team02","s203","team02","s203","diabetes","sagemaker_mlflow_app","arn:aws:sagemaker:ap-southeast-1:044528205969:mlflow-app/app-YHNC33FF6GPZ","20260821T031121Z","full","1.0","s3://nyp-26s1-iti113/iti113/team02/data/diabetes/cleaned/diabetes_binary_cleaned_dataset.csv","tuning_candidate","LogisticRegression","true","","","","","","","","","6","","","","","","","","","","","","","","","","","","","","","","","","","","","","","","",""
"2026-08-21 11:15:02","41.8s","446abd8ba1e84e2387233e30987a72c7","lr_candidate_05","NOTEBOOK","S203_2730358J_02_Logistic_Regression_Experiments_MLflow_FINAL_REPORT_UPDATED.ipynb","sagemaker-user","FINISHED","0.1","","","None","","","","","","","","5","full","","","","","","","","","","","","","3000","","LogisticRegression","","","","","","","","","","","l2","","","","","1.0","253680","","","","","42","","","","","","","","","","","","","","","","","","","","","lbfgs","","","","","","","","","","","","","","","","","","","","","","","","","","","","","","","","","","","","","","","","","","","","","","","","","","","","","","","","0.5777435300759964","0.0024494793150941488","0.27519862788517635","0.006353305546972541","0.43117627345669457","0.004371066892450803","0.5524253715190641","0.008414743710200078","0.18325931196445958","0.004946327402446699","0.8172221296722852","0.002181256597299534","","","","","","","","","","","","","","","","","","","","","","","","","","","","","","","","","","","","","","","","","","","","","","","","","","","","","","","","","","","","","","","","","","","","","","","","","","","","","","","","","","","","","","","","","","","","","","ITI113","26S1","team02","s203","team02","s203","diabetes","sagemaker_mlflow_app","arn:aws:sagemaker:ap-southeast-1:044528205969:mlflow-app/app-YHNC33FF6GPZ","20260821T031121Z","full","1.0","s3://nyp-26s1-iti113/iti113/team02/data/diabetes/cleaned/diabetes_binary_cleaned_dataset.csv","tuning_candidate","LogisticRegression","true","","","","","","","","","5","","","","","","","","","","","","","","","","","","","","","","","","","","","","","","",""
"2026-08-21 11:14:23","39.1s","a60febffa18f44d3978c1ba844b86c7e","lr_candidate_04","NOTEBOOK","S203_2730358J_02_Logistic_Regression_Experiments_MLflow_FINAL_REPORT_UPDATED.ipynb","sagemaker-user","FINISHED","0.01","","","balanced","","","","","","","","5","full","","","","","","","","","","","","","3000","","LogisticRegression","","","","","","","","","","","l2","","","","","1.0","253680","","","","","42","","","","","","","","","","","","","","","","","","","","","lbfgs","","","","","","","","","","","","","","","","","","","","","","","","","","","","","","","","","","","","","","","","","","","","","","","","","","","","","","","","0.7421773175762617","0.0028896368066898045","0.46969951115317937","0.0026239458079632925","0.42960444452140517","0.004492580755139341","0.33963149443870144","0.0016379969924559348","0.7612407092012624","0.006411994611897037","0.8177368731217974","0.0022490365683113063","","","","","","","","","","","","","","","","","","","","","","","","","","","","","","","","","","","","","","","","","","","","","","","","","","","","","","","","","","","","","","","","","","","","","","","","","","","","","","","","","","","","","","","","","","","","","","ITI113","26S1","team02","s203","team02","s203","diabetes","sagemaker_mlflow_app","arn:aws:sagemaker:ap-southeast-1:044528205969:mlflow-app/app-YHNC33FF6GPZ","20260821T031121Z","full","1.0","s3://nyp-26s1-iti113/iti113/team02/data/diabetes/cleaned/diabetes_binary_cleaned_dataset.csv","tuning_candidate","LogisticRegression","true","","","","","","","","","4","","","","","","","","","","","","","","","","","","","","","","","","","","","","","","",""
"2026-08-21 11:13:46","36.8s","9c55bb71a5754ae39fae04979e05a9e1","lr_candidate_03","NOTEBOOK","S203_2730358J_02_Logistic_Regression_Experiments_MLflow_FINAL_REPORT_UPDATED.ipynb","sagemaker-user","FINISHED","0.01","","","None","","","","","","","","5","full","","","","","","","","","","","","","3000","","LogisticRegression","","","","","","","","","","","l2","","","","","1.0","253680","","","","","42","","","","","","","","","","","","","","","","","","","","","lbfgs","","","","","","","","","","","","","","","","","","","","","","","","","","","","","","","","","","","","","","","","","","","","","","","","","","","","","","","","0.5766250897525221","0.0022555604534522096","0.27219336872631616","0.0058900203636223555","0.4308589958558192","0.004392057382069901","0.5533393934570029","0.008296212355463076","0.1805076947908763","0.004606203988022706","0.8172503378520938","0.002127584947547055","","","","","","","","","","","","","","","","","","","","","","","","","","","","","","","","","","","","","","","","","","","","","","","","","","","","","","","","","","","","","","","","","","","","","","","","","","","","","","","","","","","","","","","","","","","","","","ITI113","26S1","team02","s203","team02","s203","diabetes","sagemaker_mlflow_app","arn:aws:sagemaker:ap-southeast-1:044528205969:mlflow-app/app-YHNC33FF6GPZ","20260821T031121Z","full","1.0","s3://nyp-26s1-iti113/iti113/team02/data/diabetes/cleaned/diabetes_binary_cleaned_dataset.csv","tuning_candidate","LogisticRegression","true","","","","","","","","","3","","","","","","","","","","","","","","","","","","","","","","","","","","","","","","",""
"2026-08-21 11:13:15","31.0s","2ff094066f7c404f944e70618adc578f","lr_candidate_02","NOTEBOOK","S203_2730358J_02_Logistic_Regression_Experiments_MLflow_FINAL_REPORT_UPDATED.ipynb","sagemaker-user","FINISHED","0.001","","","balanced","","","","","","","","5","full","","","","","","","","","","","","","3000","","LogisticRegression","","","","","","","","","","","l2","","","","","1.0","253680","","","","","42","","","","","","","","","","","","","","","","","","","","","lbfgs","","","","","","","","","","","","","","","","","","","","","","","","","","","","","","","","","","","","","","","","","","","","","","","","","","","","","","","","0.7423281848546102","0.0025304863138980176","0.470000021669839","0.0022012169348737433","0.42723996461538694","0.0045850059087028","0.3399897716692706","0.0013081610596670545","0.7610218615022696","0.005978049918523425","0.8170241847033843","0.00224325366638944","","","","","","","","","","","","","","","","","","","","","","","","","","","","","","","","","","","","","","","","","","","","","","","","","","","","","","","","","","","","","","","","","","","","","","","","","","","","","","","","","","","","","","","","","","","","","","ITI113","26S1","team02","s203","team02","s203","diabetes","sagemaker_mlflow_app","arn:aws:sagemaker:ap-southeast-1:044528205969:mlflow-app/app-YHNC33FF6GPZ","20260821T031121Z","full","1.0","s3://nyp-26s1-iti113/iti113/team02/data/diabetes/cleaned/diabetes_binary_cleaned_dataset.csv","tuning_candidate","LogisticRegression","true","","","","","","","","","2","","","","","","","","","","","","","","","","","","","","","","","","","","","","","","",""
"2026-08-21 11:12:46","28.5s","e4e2cd88d12543bdb142f9d945b9ede2","lr_candidate_01","NOTEBOOK","S203_2730358J_02_Logistic_Regression_Experiments_MLflow_FINAL_REPORT_UPDATED.ipynb","sagemaker-user","FINISHED","0.001","","","None","","","","","","","","5","full","","","","","","","","","","","","","3000","","LogisticRegression","","","","","","","","","","","l2","","","","","1.0","253680","","","","","42","","","","","","","","","","","","","","","","","","","","","lbfgs","","","","","","","","","","","","","","","","","","","","","","","","","","","","","","","","","","","","","","","","","","","","","","","","","","","","","","","","0.5693276359686157","0.001514887987335628","0.25210072899138974","0.004079809521340607","0.4276550564543899","0.004482510158616811","0.5558253180432682","0.00743629382736526","0.16302911005324866","0.0030125387597608427","0.816531848157964","0.002150191980822478","","","","","","","","","","","","","","","","","","","","","","","","","","","","","","","","","","","","","","","","","","","","","","","","","","","","","","","","","","","","","","","","","","","","","","","","","","","","","","","","","","","","","","","","","","","","","","ITI113","26S1","team02","s203","team02","s203","diabetes","sagemaker_mlflow_app","arn:aws:sagemaker:ap-southeast-1:044528205969:mlflow-app/app-YHNC33FF6GPZ","20260821T031121Z","full","1.0","s3://nyp-26s1-iti113/iti113/team02/data/diabetes/cleaned/diabetes_binary_cleaned_dataset.csv","tuning_candidate","LogisticRegression","true","","","","","","","","","1","","","","","","","","","","","","","","","","","","","","","","","","","","","","","","",""
"2026-08-21 11:12:46","7.7min","9701722bcee04869aaf789395fd806cf","team02_s203_lr_tuning_parent","NOTEBOOK","S203_2730358J_02_Logistic_Regression_Experiments_MLflow_FINAL_REPORT_UPDATED.ipynb","sagemaker-user","FINISHED","","","","","","","","","","","","5","full","","","","","lowest_candidate_index","","","","","","","","","","","12","","","","","","","","","","","","","","cv_pr_auc_mean","1.0","253680","","","","","","","","","","","","cv_roc_auc_mean","","","","","","","","","","","","","","","","","","","","","","","","","","","","","","","","","","","","","","","","","","","","","","","","","","","","","","","","","","","","","0.4312086351252152","0.8171966108384842","","","","","","","","","","","","","","","","","","","","","","","","","","","","","","","","","","","","","","","","","","","","","","","","","","","","","","","","","","","","","","","","","","","","","","","","","","","","","","","","","","","","","","","","","","","","","","","","","","","","","","","","","","","","","","","","","ITI113","26S1","team02","s203","team02","s203","diabetes","sagemaker_mlflow_app","arn:aws:sagemaker:ap-southeast-1:044528205969:mlflow-app/app-YHNC33FF6GPZ","20260821T031121Z","full","1.0","s3://nyp-26s1-iti113/iti113/team02/data/diabetes/cleaned/diabetes_binary_cleaned_dataset.csv","tuning_parent","LogisticRegression","false","","","","","","","","","","","","","","","","","","","","full_precision","lowest_candidate_index","","","","","","","","","","","","","","","","","","",""
"2026-08-21 11:11:44","56.8s","26279df985a84000821df699f088a6b3","team02_s203_logistic_regression_baseline","NOTEBOOK","S203_2730358J_02_Logistic_Regression_Experiments_MLflow_FINAL_REPORT_UPDATED.ipynb","sagemaker-user","FINISHED","1.0","","","None","","","","","","","","5","full","s3://nyp-26s1-iti113/iti113/team02/data/diabetes/cleaned/diabetes_binary_cleaned_dataset.csv","","","","","","253680","","","","","","3000","","LogisticRegression","","","","","21","","","","","","l2","","","","","1.0","253680","","","","","42","","","","","","","","","","","","","","","","","","cv_pr_auc_mean","","","lbfgs","","","","","","","","0.2","50736","","","","","","","202944","","","","","","","","","","","","","","","","","","","","","","","","","","","","","","","","","","","","","","","","0.5776947105516863","0.0026710426257703914","0.2750714322990396","0.006945492326465813","0.4311944562959395","0.00437763983568954","0.5520125795527935","0.008441252412483505","0.18319676798937273","0.005475111570372467","0.8171911917326276","0.0021895338116692566","","","","","","","","","","","","","","","","","","","","","","","","","","","","","","","","","","","","","","","","","","","","","","","","","","","","","","","","","","","","","","","","","","","","","","","","","","","","","","","","","","","","","","","","","","","","","","ITI113","26S1","team02","s203","team02","s203","diabetes","sagemaker_mlflow_app","arn:aws:sagemaker:ap-southeast-1:044528205969:mlflow-app/app-YHNC33FF6GPZ","20260821T031121Z","full","1.0","s3://nyp-26s1-iti113/iti113/team02/data/diabetes/cleaned/diabetes_binary_cleaned_dataset.csv","baseline","LogisticRegression","false","","","","","","","","","","","","","","","","","","","","","","","","","","","","","","","","","","","","","","","",""
"2026-08-21 10:40:04","","0f377acf3f3a4f7283d76cf25d400255","lr_candidate_02","NOTEBOOK","S203_2730358J_02_Logistic_Regression_Experiments_MLflow_FINAL_REPORT_UPDATED.ipynb","sagemaker-user","RUNNING","0.001","","","balanced","","","","","","","","5","full","","","","","","","","","","","","","3000","","LogisticRegression","","","","","","","","","","","l2","","","","","1.0","253680","","","","","42","","","","","","","","","","","","","","","","","","","","","lbfgs","","","","","","","","","","","","","","","","","","","","","","","","","","","","","","","","","","","","","","","","","","","","","","","","","","","","","","","","","","","","","","","","","","","","","","","","","","","","","","","","","","","","","","","","","","","","","","","","","","","","","","","","","","","","","","","","","","","","","","","","","","","","","","","","","","","","","","","","","","","","","","","","","","","","","","","","","","","","","","","","","ITI113","26S1","team02","s203","team02","s203","diabetes","sagemaker_mlflow_app","arn:aws:sagemaker:ap-southeast-1:044528205969:mlflow-app/app-YHNC33FF6GPZ","20260821T023410Z","full","1.0","s3://nyp-26s1-iti113/iti113/team02/data/diabetes/cleaned/diabetes_binary_cleaned_dataset.csv","tuning_candidate","LogisticRegression","true","","","","","","","","","2","","","","","","","","","","","","","","","","","","","","","","","","","","","","","","",""
"2026-08-21 10:37:37","2.4min","1a34918b013d4f82be8e717972d6df00","lr_candidate_01","NOTEBOOK","S203_2730358J_02_Logistic_Regression_Experiments_MLflow_FINAL_REPORT_UPDATED.ipynb","sagemaker-user","FINISHED","0.001","","","None","","","","","","","","5","full","","","","","","","","","","","","","3000","","LogisticRegression","","","","","","","","","","","l2","","","","","1.0","253680","","","","","42","","","","","","","","","","","","","","","","","","","","","lbfgs","","","","","","","","","","","","","","","","","","","","","","","","","","","","","","","","","","","","","","","","","","","","","","","","","","","","","","","","0.5693217794859685","0.0016312043545705745","0.25208702168290165","0.004395307883785059","0.4276470843806644","0.004491953390609733","0.5556948109879578","0.0075398268983054954","0.1630290953887762","0.0032430685484242452","0.8165269684234573","0.0021533546949222006","","","","","","","","","","","","","","","","","","","","","","","","","","","","","","","","","","","","","","","","","","","","","","","","","","","","","","","","","","","","","","","","","","","","","","","","","","","","","","","","","","","","","","","","","","","","","","ITI113","26S1","team02","s203","team02","s203","diabetes","sagemaker_mlflow_app","arn:aws:sagemaker:ap-southeast-1:044528205969:mlflow-app/app-YHNC33FF6GPZ","20260821T023410Z","full","1.0","s3://nyp-26s1-iti113/iti113/team02/data/diabetes/cleaned/diabetes_binary_cleaned_dataset.csv","tuning_candidate","LogisticRegression","true","","","","","","","","","1","","","","","","","","","","","","","","","","","","","","","","","","","","","","","","",""
"2026-08-21 10:37:37","","00e3b572f5f74f9ea2b112adbc20d13e","team02_s203_lr_tuning_parent","NOTEBOOK","S203_2730358J_02_Logistic_Regression_Experiments_MLflow_FINAL_REPORT_UPDATED.ipynb","sagemaker-user","RUNNING","","","","","","","","","","","","5","full","","","","","lowest_candidate_index","","","","","","","","","","","12","","","","","","","","","","","","","","cv_pr_auc_mean","1.0","253680","","","","","","","","","","","","cv_roc_auc_mean","","","","","","","","","","","","","","","","","","","","","","","","","","","","","","","","","","","","","","","","","","","","","","","","","","","","","","","","","","","","","","","","","","","","","","","","","","","","","","","","","","","","","","","","","","","","","","","","","","","","","","","","","","","","","","","","","","","","","","","","","","","","","","","","","","","","","","","","","","","","","","","","","","","","","","","","","","","","","","","","","","","","","","","","","","","","","","","ITI113","26S1","team02","s203","team02","s203","diabetes","sagemaker_mlflow_app","arn:aws:sagemaker:ap-southeast-1:044528205969:mlflow-app/app-YHNC33FF6GPZ","20260821T023410Z","full","1.0","s3://nyp-26s1-iti113/iti113/team02/data/diabetes/cleaned/diabetes_binary_cleaned_dataset.csv","tuning_parent","LogisticRegression","false","","","","","","","","","","","","","","","","","","","","full_precision","lowest_candidate_index","","","","","","","","","","","","","","","","","","",""
"2026-08-21 10:34:23","3.0min","66639fda387e49d6b558149a96b2e9e9","team02_s203_logistic_regression_baseline","NOTEBOOK","S203_2730358J_02_Logistic_Regression_Experiments_MLflow_FINAL_REPORT_UPDATED.ipynb","sagemaker-user","FINISHED","1.0","","","None","","","","","","","","5","full","s3://nyp-26s1-iti113/iti113/team02/data/diabetes/cleaned/diabetes_binary_cleaned_dataset.csv","","","","","","253680","","","","","","3000","","LogisticRegression","","","","","21","","","","","","l2","","","","","1.0","253680","","","","","42","","","","","","","","","","","","","","","","","","cv_pr_auc_mean","","","lbfgs","","","","","","","","0.2","50736","","","","","","","202944","","","","","","","","","","","","","","","","","","","","","","","","","","","","","","","","","","","","","","","","0.5778257332114525","0.002541600337834294","0.2754289477440563","0.00660263663709806","0.43118225522803694","0.0043818200055283875","0.5517538161304498","0.007953336290177715","0.18354070363853917","0.0052193877014198075","0.8171916991412822","0.002184734120351359","","","","","","","","","","","","","","","","","","","","","","","","","","","","","","","","","","","","","","","","","","","","","","","","","","","","","","","","","","","","","","","","","","","","","","","","","","","","","","","","","","","","","","","","","","","","","","ITI113","26S1","team02","s203","team02","s203","diabetes","sagemaker_mlflow_app","arn:aws:sagemaker:ap-southeast-1:044528205969:mlflow-app/app-YHNC33FF6GPZ","20260821T023410Z","full","1.0","s3://nyp-26s1-iti113/iti113/team02/data/diabetes/cleaned/diabetes_binary_cleaned_dataset.csv","baseline","LogisticRegression","false","","","","","","","","","","","","","","","","","","","","","","","","","","","","","","","","","","","","","","","",""
"2026-08-20 11:06:45","10.2s","e6141353024c44628b76a4294cf8df67","team02_s203_final_logistic_regression","NOTEBOOK","01_logistic_regression_mlflow_team02.ipynb","sagemaker-user","FINISHED","","","","","0.21","","","","","","","5","full","","","","","","","253680","","","","","","","","","","","","","","","","","","","","","","","cv_pr_auc_mean","1.0","253680","","","test_auc_roc","0.75","","","","","","","","","","lr_candidate_11","9e649b2936bb4a0a96c4e8ff5ca929bb","","","","","LogisticRegression","","","","","","","","","","","","","","","","","","","f1","","ef4779100ea34983ae9d136317edd7af","","","","","","","","","","","","","","","","","","","","","","","","","","","","","","","","","","","","","","","","","","","","","","","","","","","","","","","","","","","","","0.2756","","","","","","","","","","","","","","","","","","","","","","","","0.21","0.4312","0.8172","","","0.7766","0.8172","","0.7272","","","","0.4803","","","","","","","","0.4344","0.3791","0.655","","","","","","","0.4821","0.7774","0.8174","0.7286","","0.4821","","","","","","0.4313","0.3806","0.6574","","","","","","","","","","","true","","","","","","","","ITI113","26S1","team02","s203","team02","s203","diabetes","sagemaker_mlflow_app","arn:aws:sagemaker:ap-southeast-1:044528205969:mlflow-app/app-YHNC33FF6GPZ","20260820T025757Z","full","1.0","s3://nyp-26s1-iti113/iti113/team02/data/diabetes/cleaned/diabetes_binary_cleaned_dataset.csv","final_holdout_evaluation","LogisticRegression","false","9e649b2936bb4a0a96c4e8ff5ca929bb","lr_candidate_11","","","","","","","","","","","","","","","","","","","","","","","","","","","","","","","","","","","","","",""
"2026-08-20 11:06:35","1.3s","ef4779100ea34983ae9d136317edd7af","team02_s203_lr_threshold_tuning","NOTEBOOK","01_logistic_regression_mlflow_team02.ipynb","sagemaker-user","FINISHED","","","","","","","","","","","","5","full","","","","","","","","","","","","","","","","","","","","","","","91","","","","","","","","1.0","253680","","","","","","","","","","","","","100.0","","","None","","","","","","","","","","","","","","","","","","","","","0.95","0.05","f1","0.01","","","","","","","","","","","","","","","","","","","","","","","","","","","","","","","","","","","","","","","","","","","","","","","","","","","","","","0.5779","0.2756","","","0.5515","0.1837","","0.5","","","","","","","","0.7286","0.4821","","","0.3807","0.6571","","0.21","","","","","","","","","","","","","","","","","","","","","","","","","","","","","","","","","","","","","","","","","","","","","","","","","","","","","","","","","","","","","","","","","","","","","","","ITI113","26S1","team02","s203","team02","s203","diabetes","sagemaker_mlflow_app","arn:aws:sagemaker:ap-southeast-1:044528205969:mlflow-app/app-YHNC33FF6GPZ","20260820T025757Z","full","1.0","s3://nyp-26s1-iti113/iti113/team02/data/diabetes/cleaned/diabetes_binary_cleaned_dataset.csv","threshold_tuning","LogisticRegression","false","9e649b2936bb4a0a96c4e8ff5ca929bb","","","","","","","","","","","","","","","","","","","","","","","","","","","","","","","","","","","","","","",""
"2026-08-20 11:05:09","35.4s","3b6ce615946840a6938255134a27cb44","lr_candidate_12","NOTEBOOK","01_logistic_regression_mlflow_team02.ipynb","sagemaker-user","FINISHED","100.0","","","balanced","","","","","","","","5","full","","","","","","","","","","","","","3000","","LogisticRegression","","","","","","","","","","","l2","","","","","1.0","253680","","","","","42","","","","","","","","","","","","","","","","","","","","","lbfgs","","","","","","","","","","","","","","","","","","","","","","","","","","","","","","","","","","","","","","","","","","","","","","","","","","","","","","","","0.7421","0.0031","0.4695","0.0028","0.4298","0.0045","0.3394","0.0017","0.7615","0.0069","0.8177","0.0023","","","","","","","","","","","","","","","","","","","","","","","","","","","","","","","","","","","","","","","","","","","","","","","","","","","","","","","","","","","","","","","","","","","","","","","","","","","","","","","","","","","","","","","","","","","","","","ITI113","26S1","team02","s203","team02","s203","diabetes","sagemaker_mlflow_app","arn:aws:sagemaker:ap-southeast-1:044528205969:mlflow-app/app-YHNC33FF6GPZ","20260820T025757Z","full","1.0","s3://nyp-26s1-iti113/iti113/team02/data/diabetes/cleaned/diabetes_binary_cleaned_dataset.csv","tuning_candidate","LogisticRegression","true","","","","","","","","","12","","","","","","","","","","","","","","","","","","","","","","","","","","","","","","",""
"2026-08-20 11:04:31","37.9s","9e649b2936bb4a0a96c4e8ff5ca929bb","lr_candidate_11","NOTEBOOK","01_logistic_regression_mlflow_team02.ipynb","sagemaker-user","FINISHED","100.0","","","None","","","","","","","","5","full","","","","","","","","","","","","","3000","","LogisticRegression","","","","","","","","","","","l2","","","","","1.0","253680","","","","","42","","","","","","","","","","","","","","","","","","","","","lbfgs","","","","","","","","","","","","","","","","","","","","","","","","","","","","","","","","","","","","","","","","","","","","","","","","","","","","","","","","0.5779","0.0025","0.2755","0.0064","0.4312","0.0044","0.5515","0.0077","0.1837","0.0051","0.8172","0.0022","","","","","","","","","","","","","","","","","","","","","","","","","","","","","","","","","","","","","","","","","","","","","","","","","","","","","","","","","","","","","","","","","","","","","","","","","","","","","","","","","","","","","","","","","","","","","","ITI113","26S1","team02","s203","team02","s203","diabetes","sagemaker_mlflow_app","arn:aws:sagemaker:ap-southeast-1:044528205969:mlflow-app/app-YHNC33FF6GPZ","20260820T025757Z","full","1.0","s3://nyp-26s1-iti113/iti113/team02/data/diabetes/cleaned/diabetes_binary_cleaned_dataset.csv","tuning_candidate","LogisticRegression","true","","","","","","","","","11","","","","","","","","","","","","","","","","","","","","","","","","","","","","","","",""
"2026-08-20 11:03:56","34.8s","424690ce56764e2aad0aeeeae1335edd","lr_candidate_10","NOTEBOOK","01_logistic_regression_mlflow_team02.ipynb","sagemaker-user","FINISHED","10.0","","","balanced","","","","","","","","5","full","","","","","","","","","","","","","3000","","LogisticRegression","","","","","","","","","","","l2","","","","","1.0","253680","","","","","42","","","","","","","","","","","","","","","","","","","","","lbfgs","","","","","","","","","","","","","","","","","","","","","","","","","","","","","","","","","","","","","","","","","","","","","","","","","","","","","","","","0.742","0.003","0.4694","0.0026","0.4298","0.0045","0.3393","0.0016","0.7614","0.0067","0.8177","0.0023","","","","","","","","","","","","","","","","","","","","","","","","","","","","","","","","","","","","","","","","","","","","","","","","","","","","","","","","","","","","","","","","","","","","","","","","","","","","","","","","","","","","","","","","","","","","","","ITI113","26S1","team02","s203","team02","s203","diabetes","sagemaker_mlflow_app","arn:aws:sagemaker:ap-southeast-1:044528205969:mlflow-app/app-YHNC33FF6GPZ","20260820T025757Z","full","1.0","s3://nyp-26s1-iti113/iti113/team02/data/diabetes/cleaned/diabetes_binary_cleaned_dataset.csv","tuning_candidate","LogisticRegression","true","","","","","","","","","10","","","","","","","","","","","","","","","","","","","","","","","","","","","","","","",""
"2026-08-20 11:03:20","35.5s","a109da20bebd4b38b52f0de44ef44e3a","lr_candidate_09","NOTEBOOK","01_logistic_regression_mlflow_team02.ipynb","sagemaker-user","FINISHED","10.0","","","None","","","","","","","","5","full","","","","","","","","","","","","","3000","","LogisticRegression","","","","","","","","","","","l2","","","","","1.0","253680","","","","","42","","","","","","","","","","","","","","","","","","","","","lbfgs","","","","","","","","","","","","","","","","","","","","","","","","","","","","","","","","","","","","","","","","","","","","","","","","","","","","","","","","0.5777","0.0024","0.275","0.0063","0.4312","0.0044","0.5518","0.0082","0.1832","0.0049","0.8172","0.0022","","","","","","","","","","","","","","","","","","","","","","","","","","","","","","","","","","","","","","","","","","","","","","","","","","","","","","","","","","","","","","","","","","","","","","","","","","","","","","","","","","","","","","","","","","","","","","ITI113","26S1","team02","s203","team02","s203","diabetes","sagemaker_mlflow_app","arn:aws:sagemaker:ap-southeast-1:044528205969:mlflow-app/app-YHNC33FF6GPZ","20260820T025757Z","full","1.0","s3://nyp-26s1-iti113/iti113/team02/data/diabetes/cleaned/diabetes_binary_cleaned_dataset.csv","tuning_candidate","LogisticRegression","true","","","","","","","","","9","","","","","","","","","","","","","","","","","","","","","","","","","","","","","","",""
"2026-08-20 11:02:44","36.2s","8a8af19d76d64d5bbb8ccef604426b92","lr_candidate_08","NOTEBOOK","01_logistic_regression_mlflow_team02.ipynb","sagemaker-user","FINISHED","1.0","","","balanced","","","","","","","","5","full","","","","","","","","","","","","","3000","","LogisticRegression","","","","","","","","","","","l2","","","","","1.0","253680","","","","","42","","","","","","","","","","","","","","","","","","","","","lbfgs","","","","","","","","","","","","","","","","","","","","","","","","","","","","","","","","","","","","","","","","","","","","","","","","","","","","","","","","0.7421","0.0031","0.4695","0.0028","0.4298","0.0045","0.3394","0.0016","0.7614","0.0069","0.8177","0.0023","","","","","","","","","","","","","","","","","","","","","","","","","","","","","","","","","","","","","","","","","","","","","","","","","","","","","","","","","","","","","","","","","","","","","","","","","","","","","","","","","","","","","","","","","","","","","","ITI113","26S1","team02","s203","team02","s203","diabetes","sagemaker_mlflow_app","arn:aws:sagemaker:ap-southeast-1:044528205969:mlflow-app/app-YHNC33FF6GPZ","20260820T025757Z","full","1.0","s3://nyp-26s1-iti113/iti113/team02/data/diabetes/cleaned/diabetes_binary_cleaned_dataset.csv","tuning_candidate","LogisticRegression","true","","","","","","","","","8","","","","","","","","","","","","","","","","","","","","","","","","","","","","","","",""
"2026-08-20 11:02:09","34.0s","dc92a58ea612400dbf47058cde057c3a","lr_candidate_07","NOTEBOOK","01_logistic_regression_mlflow_team02.ipynb","sagemaker-user","FINISHED","1.0","","","None","","","","","","","","5","full","","","","","","","","","","","","","3000","","LogisticRegression","","","","","","","","","","","l2","","","","","1.0","253680","","","","","42","","","","","","","","","","","","","","","","","","","","","lbfgs","","","","","","","","","","","","","","","","","","","","","","","","","","","","","","","","","","","","","","","","","","","","","","","","","","","","","","","","0.5778","0.0025","0.2754","0.0066","0.4312","0.0044","0.5518","0.008","0.1835","0.0052","0.8172","0.0022","","","","","","","","","","","","","","","","","","","","","","","","","","","","","","","","","","","","","","","","","","","","","","","","","","","","","","","","","","","","","","","","","","","","","","","","","","","","","","","","","","","","","","","","","","","","","","ITI113","26S1","team02","s203","team02","s203","diabetes","sagemaker_mlflow_app","arn:aws:sagemaker:ap-southeast-1:044528205969:mlflow-app/app-YHNC33FF6GPZ","20260820T025757Z","full","1.0","s3://nyp-26s1-iti113/iti113/team02/data/diabetes/cleaned/diabetes_binary_cleaned_dataset.csv","tuning_candidate","LogisticRegression","true","","","","","","","","","7","","","","","","","","","","","","","","","","","","","","","","","","","","","","","","",""
"2026-08-20 11:01:34","35.7s","6a65eb8b509c4bad88e74850f27f11d8","lr_candidate_06","NOTEBOOK","01_logistic_regression_mlflow_team02.ipynb","sagemaker-user","FINISHED","0.1","","","balanced","","","","","","","","5","full","","","","","","","","","","","","","3000","","LogisticRegression","","","","","","","","","","","l2","","","","","1.0","253680","","","","","42","","","","","","","","","","","","","","","","","","","","","lbfgs","","","","","","","","","","","","","","","","","","","","","","","","","","","","","","","","","","","","","","","","","","","","","","","","","","","","","","","","0.742","0.0031","0.4695","0.0027","0.4298","0.0045","0.3394","0.0016","0.7612","0.0068","0.8177","0.0023","","","","","","","","","","","","","","","","","","","","","","","","","","","","","","","","","","","","","","","","","","","","","","","","","","","","","","","","","","","","","","","","","","","","","","","","","","","","","","","","","","","","","","","","","","","","","","ITI113","26S1","team02","s203","team02","s203","diabetes","sagemaker_mlflow_app","arn:aws:sagemaker:ap-southeast-1:044528205969:mlflow-app/app-YHNC33FF6GPZ","20260820T025757Z","full","1.0","s3://nyp-26s1-iti113/iti113/team02/data/diabetes/cleaned/diabetes_binary_cleaned_dataset.csv","tuning_candidate","LogisticRegression","true","","","","","","","","","6","","","","","","","","","","","","","","","","","","","","","","","","","","","","","","",""
"2026-08-20 11:00:58","34.9s","f5fb89e5440e49abb0ce39b91864c9f0","lr_candidate_05","NOTEBOOK","01_logistic_regression_mlflow_team02.ipynb","sagemaker-user","FINISHED","0.1","","","None","","","","","","","","5","full","","","","","","","","","","","","","3000","","LogisticRegression","","","","","","","","","","","l2","","","","","1.0","253680","","","","","42","","","","","","","","","","","","","","","","","","","","","lbfgs","","","","","","","","","","","","","","","","","","","","","","","","","","","","","","","","","","","","","","","","","","","","","","","","","","","","","","","","0.5777","0.0025","0.2751","0.0064","0.4312","0.0044","0.5522","0.0082","0.1832","0.005","0.8172","0.0022","","","","","","","","","","","","","","","","","","","","","","","","","","","","","","","","","","","","","","","","","","","","","","","","","","","","","","","","","","","","","","","","","","","","","","","","","","","","","","","","","","","","","","","","","","","","","","ITI113","26S1","team02","s203","team02","s203","diabetes","sagemaker_mlflow_app","arn:aws:sagemaker:ap-southeast-1:044528205969:mlflow-app/app-YHNC33FF6GPZ","20260820T025757Z","full","1.0","s3://nyp-26s1-iti113/iti113/team02/data/diabetes/cleaned/diabetes_binary_cleaned_dataset.csv","tuning_candidate","LogisticRegression","true","","","","","","","","","5","","","","","","","","","","","","","","","","","","","","","","","","","","","","","","",""
"2026-08-20 11:00:24","34.2s","c8d26d4bb19d42fc9e63a0af04be52bd","lr_candidate_04","NOTEBOOK","01_logistic_regression_mlflow_team02.ipynb","sagemaker-user","FINISHED","0.01","","","balanced","","","","","","","","5","full","","","","","","","","","","","","","3000","","LogisticRegression","","","","","","","","","","","l2","","","","","1.0","253680","","","","","42","","","","","","","","","","","","","","","","","","","","","lbfgs","","","","","","","","","","","","","","","","","","","","","","","","","","","","","","","","","","","","","","","","","","","","","","","","","","","","","","","","0.7422","0.0027","0.4697","0.0023","0.4296","0.0045","0.3396","0.0014","0.7613","0.0062","0.8177","0.0023","","","","","","","","","","","","","","","","","","","","","","","","","","","","","","","","","","","","","","","","","","","","","","","","","","","","","","","","","","","","","","","","","","","","","","","","","","","","","","","","","","","","","","","","","","","","","","ITI113","26S1","team02","s203","team02","s203","diabetes","sagemaker_mlflow_app","arn:aws:sagemaker:ap-southeast-1:044528205969:mlflow-app/app-YHNC33FF6GPZ","20260820T025757Z","full","1.0","s3://nyp-26s1-iti113/iti113/team02/data/diabetes/cleaned/diabetes_binary_cleaned_dataset.csv","tuning_candidate","LogisticRegression","true","","","","","","","","","4","","","","","","","","","","","","","","","","","","","","","","","","","","","","","","",""
"2026-08-20 10:59:46","38.2s","9467802e2a854911966a325389ab97bc","lr_candidate_03","NOTEBOOK","01_logistic_regression_mlflow_team02.ipynb","sagemaker-user","FINISHED","0.01","","","None","","","","","","","","5","full","","","","","","","","","","","","","3000","","LogisticRegression","","","","","","","","","","","l2","","","","","1.0","253680","","","","","42","","","","","","","","","","","","","","","","","","","","","lbfgs","","","","","","","","","","","","","","","","","","","","","","","","","","","","","","","","","","","","","","","","","","","","","","","","","","","","","","","","0.5766","0.0023","0.2722","0.0059","0.4309","0.0044","0.5534","0.0083","0.1805","0.0046","0.8172","0.0021","","","","","","","","","","","","","","","","","","","","","","","","","","","","","","","","","","","","","","","","","","","","","","","","","","","","","","","","","","","","","","","","","","","","","","","","","","","","","","","","","","","","","","","","","","","","","","ITI113","26S1","team02","s203","team02","s203","diabetes","sagemaker_mlflow_app","arn:aws:sagemaker:ap-southeast-1:044528205969:mlflow-app/app-YHNC33FF6GPZ","20260820T025757Z","full","1.0","s3://nyp-26s1-iti113/iti113/team02/data/diabetes/cleaned/diabetes_binary_cleaned_dataset.csv","tuning_candidate","LogisticRegression","true","","","","","","","","","3","","","","","","","","","","","","","","","","","","","","","","","","","","","","","","",""
"2026-08-20 10:59:19","26.8s","eb97d289359f498486129cfec1f2779a","lr_candidate_02","NOTEBOOK","01_logistic_regression_mlflow_team02.ipynb","sagemaker-user","FINISHED","0.001","","","balanced","","","","","","","","5","full","","","","","","","","","","","","","3000","","LogisticRegression","","","","","","","","","","","l2","","","","","1.0","253680","","","","","42","","","","","","","","","","","","","","","","","","","","","lbfgs","","","","","","","","","","","","","","","","","","","","","","","","","","","","","","","","","","","","","","","","","","","","","","","","","","","","","","","","0.7423","0.0026","0.47","0.0022","0.4272","0.0046","0.34","0.0013","0.7611","0.006","0.817","0.0022","","","","","","","","","","","","","","","","","","","","","","","","","","","","","","","","","","","","","","","","","","","","","","","","","","","","","","","","","","","","","","","","","","","","","","","","","","","","","","","","","","","","","","","","","","","","","","ITI113","26S1","team02","s203","team02","s203","diabetes","sagemaker_mlflow_app","arn:aws:sagemaker:ap-southeast-1:044528205969:mlflow-app/app-YHNC33FF6GPZ","20260820T025757Z","full","1.0","s3://nyp-26s1-iti113/iti113/team02/data/diabetes/cleaned/diabetes_binary_cleaned_dataset.csv","tuning_candidate","LogisticRegression","true","","","","","","","","","2","","","","","","","","","","","","","","","","","","","","","","","","","","","","","","",""
"2026-08-20 10:58:52","26.0s","24a828642e5f46738d63626763167905","lr_candidate_01","NOTEBOOK","01_logistic_regression_mlflow_team02.ipynb","sagemaker-user","FINISHED","0.001","","","None","","","","","","","","5","full","","","","","","","","","","","","","3000","","LogisticRegression","","","","","","","","","","","l2","","","","","1.0","253680","","","","","42","","","","","","","","","","","","","","","","","","","","","lbfgs","","","","","","","","","","","","","","","","","","","","","","","","","","","","","","","","","","","","","","","","","","","","","","","","","","","","","","","","0.5693","0.0016","0.2521","0.0044","0.4276","0.0045","0.5557","0.0075","0.163","0.0032","0.8165","0.0022","","","","","","","","","","","","","","","","","","","","","","","","","","","","","","","","","","","","","","","","","","","","","","","","","","","","","","","","","","","","","","","","","","","","","","","","","","","","","","","","","","","","","","","","","","","","","","ITI113","26S1","team02","s203","team02","s203","diabetes","sagemaker_mlflow_app","arn:aws:sagemaker:ap-southeast-1:044528205969:mlflow-app/app-YHNC33FF6GPZ","20260820T025757Z","full","1.0","s3://nyp-26s1-iti113/iti113/team02/data/diabetes/cleaned/diabetes_binary_cleaned_dataset.csv","tuning_candidate","LogisticRegression","true","","","","","","","","","1","","","","","","","","","","","","","","","","","","","","","","","","","","","","","","",""
"2026-08-20 10:58:52","6.9min","f1eb22ded8744095ada29d5ba7fcc4a1","team02_s203_lr_tuning_parent","NOTEBOOK","01_logistic_regression_mlflow_team02.ipynb","sagemaker-user","FINISHED","","","","","","","","","","","","5","full","","","","","","","","","","","","","","","","12","","","","","","","","","","","","","","cv_pr_auc_mean","1.0","253680","","","","","","","","","","","","","","","","","","","","","","","","","","","","","","","","","","","","","","","","","","","","","","","","","","","","","","","","","","","","","","","","","","","","","","","","","0.4312","0.8172","","","","","","","","","","","","","","","","","","","","","","","","","","","","","","","","","","","","","","","","","","","","","","","","","","","","","","","","","","","","","","","","","","","","","","","","","","","","","","","","","","","","","","","","","","","","","","","","","","","","","","","","","","","","","","","","","ITI113","26S1","team02","s203","team02","s203","diabetes","sagemaker_mlflow_app","arn:aws:sagemaker:ap-southeast-1:044528205969:mlflow-app/app-YHNC33FF6GPZ","20260820T025757Z","full","1.0","s3://nyp-26s1-iti113/iti113/team02/data/diabetes/cleaned/diabetes_binary_cleaned_dataset.csv","tuning_parent","LogisticRegression","false","","","","","","","","","","","","","","","","","","","","","","","","","","","","","","","","","","","","","","","",""
"2026-08-20 10:58:05","47.4s","607161cf36e34f44a7710bbb6a4685f9","team02_s203_logistic_regression_baseline","NOTEBOOK","01_logistic_regression_mlflow_team02.ipynb","sagemaker-user","FINISHED","1.0","","","None","","","","","","","","5","full","s3://nyp-26s1-iti113/iti113/team02/data/diabetes/cleaned/diabetes_binary_cleaned_dataset.csv","","","","","","253680","","","","","","3000","","LogisticRegression","","","","","21","","","","","","l2","","","","","1.0","253680","","","","","42","","","","","","","","","","","","","","","","","","cv_pr_auc_mean","","","lbfgs","","","","","","","","0.2","50736","","","","","","","202944","","","","","","","","","","","","","","","","","","","","","","","","","","","","","","","","","","","","","","","","0.5778","0.0025","0.2754","0.0066","0.4312","0.0044","0.5518","0.008","0.1835","0.0052","0.8172","0.0022","","","","","","","","","","","","","","","","","","","","","","","","","","","","","","","","","","","","","","","","","","","","","","","","","","","","","","","","","","","","","","","","","","","","","","","","","","","","","","","","","","","","","","","","","","","","","","ITI113","26S1","team02","s203","team02","s203","diabetes","sagemaker_mlflow_app","arn:aws:sagemaker:ap-southeast-1:044528205969:mlflow-app/app-YHNC33FF6GPZ","20260820T025757Z","full","1.0","s3://nyp-26s1-iti113/iti113/team02/data/diabetes/cleaned/diabetes_binary_cleaned_dataset.csv","baseline","LogisticRegression","false","","","","","","","","","","","","","","","","","","","","","","","","","","","","","","","","","","","","","","","",""
"2026-08-19 23:02:16","33.4min","1d94bd9ed45043c48fd0b283374cea7a","team02_s202_final_xgboost","NOTEBOOK","S202_8440104B_02_xgboost_model_comparison_against_logistic_regression_baseline_v7.ipynb","sagemaker-user","FINISHED","","","","","0.5","","","a0a28d7b71b344828284347019166689","0.59","","12de3cf4074e8656a059c938acbe27143794910116dda3dc217a101698a368c1","5","full","","","","aucpr","","","253680","","","","0.03","4","","","","","","450","ed0f4a8dcb894ee6aed1edcce1ec0626","","'-1","","","","binary:logistic","","","","","cv_pr_auc_mean","1.0","253680","6244bec277fe3cefce56d46c583a4c5eb73f179ef64c8a1b18557fd0200105c5","3.12.9","test_auc_roc","0.75","42","","","","","3.0","","","","xgb_candidate_29","3f77f1b72d42470b9b2eabd040445d6d","","","","","XGBoost","","","","TreeExplainer","500","","","","","","","","","","","12de3cf4074e8656a059c938acbe27143794910116dda3dc217a101698a368c1","","","f1","","c2dd66305f544c07a4c03c6d1655149d","","93531a7b366471a63d29fd970abad6c5d04a2f933f9ffb2aa38dce1c7b286d65","hist","","","","","","","","","","","","","","","","","","21","20","21","5","0.9961","3","1","1001","0.1219","0.0352","0.0226","","","4375","0.0862","","","","","","","","","","","","","","","","","","","","","","","","","","0.4937","","","","","","","","","","","","","","","","","","","","","","","","0.5","0.4595","0.8254","6","8","0.7982","0.8248","","0.7263","0.1339","","","0.4924","0.5625","","","3027","","7214","0.1688","0.4644","0.4078","0.6214","","0.8312","35527","4968","","","0.4937","0.8002","0.8304","0.7315","0.1328","0.4989","0.5707","11792","","28763","0.1682","0.4703","0.4124","0.6313","0.8318","142199","20190","","","","","","","0","true","true","true","","","","","Logistic Regression","ITI113","26S1","team02","s202","team02","s202","diabetes","sagemaker_mlflow_app","arn:aws:sagemaker:ap-southeast-1:044528205969:mlflow-app/app-YHNC33FF6GPZ","20260819T144315Z","full","1.0","s3://nyp-26s1-iti113/iti113/team02/data/diabetes/cleaned/diabetes_binary_cleaned_dataset.csv","final_holdout_evaluation","XGBoost","false","3f77f1b72d42470b9b2eabd040445d6d","xgb_candidate_29","true","","","","","XGBoost is not auto-promoted because one or more controlled comparison/governance checks did not pass. Review the failed checks before selecting a final champion.","","","","","","","","","","","","","","","","","","","","","","","","","","","","","","","",""
"2026-08-19 23:01:46","1.1s","c2dd66305f544c07a4c03c6d1655149d","team02_s202_xgb_threshold_tuning","NOTEBOOK","S202_8440104B_02_xgboost_model_comparison_against_logistic_regression_baseline_v7.ipynb","sagemaker-user","FINISHED","","","","","","","","","","","","5","full","","","","","","","","","","","","","","","","","","","","","","","91","","","","","","","","1.0","253680","","","","","","","","","","","","","","","","","0.03","4","","","450","3.0","","","","","","","","","","","","","","","0.95","0.05","f1","0.01","","","","","","","","","","","","","","","","","","","","","","","","","","","","","","","","","","","","","","","","","","","","","","","","","","","","","","0.7278","0.4937","","","0.4076","0.6258","","0.5","","","","","","","","0.7278","0.4937","","","0.4076","0.6258","","0.5","","","","","","","","","","","","","","","","","","","","","","","","","","","","","","","","","","","","","","","","","","","","","","","","","","","","","","","","","","","","","","","","","","","","","","","ITI113","26S1","team02","s202","team02","s202","diabetes","sagemaker_mlflow_app","arn:aws:sagemaker:ap-southeast-1:044528205969:mlflow-app/app-YHNC33FF6GPZ","20260819T144315Z","full","1.0","s3://nyp-26s1-iti113/iti113/team02/data/diabetes/cleaned/diabetes_binary_cleaned_dataset.csv","threshold_tuning","XGBoost","false","3f77f1b72d42470b9b2eabd040445d6d","","","","","","","","","","","","","","","","","","","","","","","","","","","","","","","","","","","","","","",""
"2026-08-19 22:58:46","1.9min","ed0f4a8dcb894ee6aed1edcce1ec0626","team02_s202_xgb_n_estimators_refinement","NOTEBOOK","S202_8440104B_02_xgboost_model_comparison_against_logistic_regression_baseline_v7.ipynb","sagemaker-user","FINISHED","","","","","","0.8","","","","","","5","","","","","","","","","0.05","","","0.03","4","","5.0","","","[150, 250, 350, 450, 600]","","","","","","","0.0015","","","","","","cv_pr_auc_mean","","","","","","","","","0.1","10.0","","3.0","","","","","","","","","","","","","","","","","","","","","","","0.8","","","","","","","","","","","","","","","","","","","","","","","","","","","","0.4606","","","","","","","","","","","","","","","","","","","","","","","","","","","","","","","","","","","","","","","","","","","","","","","","","","","","","","","","","","","","450","","0.4937","0.4603","0.8256","","","","","","","","","","","","","","","","","","","","","","","","","","","","","","","","","","","","","","","","","","","","","","","","","","","","","","","","","","","","","","ITI113","26S1","team02","s202","team02","s202","diabetes","sagemaker_mlflow_app","arn:aws:sagemaker:ap-southeast-1:044528205969:mlflow-app/app-YHNC33FF6GPZ","20260819T144315Z","full","1.0","s3://nyp-26s1-iti113/iti113/team02/data/diabetes/cleaned/diabetes_binary_cleaned_dataset.csv","n_estimators_refinement","XGBoost","false","3f77f1b72d42470b9b2eabd040445d6d","","","","","","","","","","","","","","","","","","","","","","","","","","","","","","","","","","","","","","",""
"2026-08-19 22:54:56","22.7s","d535332ffef74a1bb0f8fd310fa16846","xgb_candidate_30","NOTEBOOK","S202_8440104B_02_xgboost_model_comparison_against_logistic_regression_baseline_v7.ipynb","sagemaker-user","FINISHED","","","","","","0.8","","","","","","5","full","","","","aucpr","","","","0.05","","","0.03","4","","5","XGBClassifier","","","350","","","'-1","","","","binary:logistic","","","","","","1.0","253680","6244bec277fe3cefce56d46c583a4c5eb73f179ef64c8a1b18557fd0200105c5","","","","42","","0.1","10.0","","4.0","","","","","","","","","","","","","","","","","","","","","","5","0.8","","","12de3cf4074e8656a059c938acbe27143794910116dda3dc217a101698a368c1","","","","","","","93531a7b366471a63d29fd970abad6c5d04a2f933f9ffb2aa38dce1c7b286d65","hist","","","","","","","","","","","","","","","","","","","","","","","","","","","","","","","","","","","","","","0.7427","0.0037","0.4858","0.0035","0.4597","0.006","0.3678","0.0022","0.7155","0.0086","0.8254","0.0021","","","","","","","","","","","","","","","","","","","","","","","","","","","","","","","","","","","","","","","","","","","","","","","","","","","","","","","","","","","","","","","","","","","","","","","","","","","","","","","","","","","","","","","","","","","","","","ITI113","26S1","team02","s202","team02","s202","diabetes","sagemaker_mlflow_app","arn:aws:sagemaker:ap-southeast-1:044528205969:mlflow-app/app-YHNC33FF6GPZ","20260819T144315Z","full","1.0","s3://nyp-26s1-iti113/iti113/team02/data/diabetes/cleaned/diabetes_binary_cleaned_dataset.csv","tuning_candidate","XGBoost","true","","","","","","","","","30","5","","","","","","","","","","","","","","","","","","","","","","","","","","","","","",""
"2026-08-19 22:54:33","22.6s","3f77f1b72d42470b9b2eabd040445d6d","xgb_candidate_29","NOTEBOOK","S202_8440104B_02_xgboost_model_comparison_against_logistic_regression_baseline_v7.ipynb","sagemaker-user","FINISHED","","","","","","0.8","","","","","","5","full","","","","aucpr","","","","0.05","","","0.03","4","","5","XGBClassifier","","","350","","","'-1","","","","binary:logistic","","","","","","1.0","253680","6244bec277fe3cefce56d46c583a4c5eb73f179ef64c8a1b18557fd0200105c5","","","","42","","0.1","10.0","","3.0","","","","","","","","","","","","","","","","","","","","","","5","0.8","","","12de3cf4074e8656a059c938acbe27143794910116dda3dc217a101698a368c1","","","","","","","93531a7b366471a63d29fd970abad6c5d04a2f933f9ffb2aa38dce1c7b286d65","hist","","","","","","","","","","","","","","","","","","","","","","","","","","","","","","","","","","","","","","0.727","0.0042","0.4927","0.0052","0.4595","0.0059","0.407","0.0038","0.6241","0.0082","0.8254","0.0021","","","","","","","","","","","","","","","","","","","","","","","","","","","","","","","","","","","","","","","","","","","","","","","","","","","","","","","","","","","","","","","","","","","","","","","","","","","","","","","","","","","","","","","","","","","","","","ITI113","26S1","team02","s202","team02","s202","diabetes","sagemaker_mlflow_app","arn:aws:sagemaker:ap-southeast-1:044528205969:mlflow-app/app-YHNC33FF6GPZ","20260819T144315Z","full","1.0","s3://nyp-26s1-iti113/iti113/team02/data/diabetes/cleaned/diabetes_binary_cleaned_dataset.csv","tuning_candidate","XGBoost","true","","","","","","","","","29","5","","","","","","","","","","","","","","","","","","","","","","","","","","","","","",""
"2026-08-19 22:54:10","22.8s","ebe25f7fe4944f69a6a049ddce526e29","xgb_candidate_28","NOTEBOOK","S202_8440104B_02_xgboost_model_comparison_against_logistic_regression_baseline_v7.ipynb","sagemaker-user","FINISHED","","","","","","0.8","","","","","","5","full","","","","aucpr","","","","0.05","","","0.03","4","","5","XGBClassifier","","","350","","","'-1","","","","binary:logistic","","","","","","1.0","253680","6244bec277fe3cefce56d46c583a4c5eb73f179ef64c8a1b18557fd0200105c5","","","","42","","0.1","10.0","","2.5","","","","","","","","","","","","","","","","","","","","","","5","0.8","","","12de3cf4074e8656a059c938acbe27143794910116dda3dc217a101698a368c1","","","","","","","93531a7b366471a63d29fd970abad6c5d04a2f933f9ffb2aa38dce1c7b286d65","hist","","","","","","","","","","","","","","","","","","","","","","","","","","","","","","","","","","","","","","0.7114","0.0039","0.4889","0.0052","0.4599","0.0059","0.4347","0.0037","0.5587","0.0078","0.8254","0.0021","","","","","","","","","","","","","","","","","","","","","","","","","","","","","","","","","","","","","","","","","","","","","","","","","","","","","","","","","","","","","","","","","","","","","","","","","","","","","","","","","","","","","","","","","","","","","","ITI113","26S1","team02","s202","team02","s202","diabetes","sagemaker_mlflow_app","arn:aws:sagemaker:ap-southeast-1:044528205969:mlflow-app/app-YHNC33FF6GPZ","20260819T144315Z","full","1.0","s3://nyp-26s1-iti113/iti113/team02/data/diabetes/cleaned/diabetes_binary_cleaned_dataset.csv","tuning_candidate","XGBoost","true","","","","","","","","","28","5","","","","","","","","","","","","","","","","","","","","","","","","","","","","","",""
"2026-08-19 22:53:47","23.1s","1c518a289fa045b6a7546e948b8cd19f","xgb_candidate_27","NOTEBOOK","S202_8440104B_02_xgboost_model_comparison_against_logistic_regression_baseline_v7.ipynb","sagemaker-user","FINISHED","","","","","","0.8","","","","","","5","full","","","","aucpr","","","","0.05","","","0.03","4","","5","XGBClassifier","","","350","","","'-1","","","","binary:logistic","","","","","","1.0","253680","6244bec277fe3cefce56d46c583a4c5eb73f179ef64c8a1b18557fd0200105c5","","","","42","","0.1","10.0","","2.0","","","","","","","","","","","","","","","","","","","","","","5","0.8","","","12de3cf4074e8656a059c938acbe27143794910116dda3dc217a101698a368c1","","","","","","","93531a7b366471a63d29fd970abad6c5d04a2f933f9ffb2aa38dce1c7b286d65","hist","","","","","","","","","","","","","","","","","","","","","","","","","","","","","","","","","","","","","","0.6842","0.0035","0.4681","0.0056","0.4599","0.0059","0.4688","0.0047","0.4675","0.0067","0.8254","0.0021","","","","","","","","","","","","","","","","","","","","","","","","","","","","","","","","","","","","","","","","","","","","","","","","","","","","","","","","","","","","","","","","","","","","","","","","","","","","","","","","","","","","","","","","","","","","","","ITI113","26S1","team02","s202","team02","s202","diabetes","sagemaker_mlflow_app","arn:aws:sagemaker:ap-southeast-1:044528205969:mlflow-app/app-YHNC33FF6GPZ","20260819T144315Z","full","1.0","s3://nyp-26s1-iti113/iti113/team02/data/diabetes/cleaned/diabetes_binary_cleaned_dataset.csv","tuning_candidate","XGBoost","true","","","","","","","","","27","5","","","","","","","","","","","","","","","","","","","","","","","","","","","","","",""
"2026-08-19 22:53:23","23.1s","8d7370587a2640f0a885db0fd90993a4","xgb_candidate_26","NOTEBOOK","S202_8440104B_02_xgboost_model_comparison_against_logistic_regression_baseline_v7.ipynb","sagemaker-user","FINISHED","","","","","","0.8","","","","","","5","full","","","","aucpr","","","","0.05","","","0.03","4","","5","XGBClassifier","","","350","","","'-1","","","","binary:logistic","","","","","","1.0","253680","6244bec277fe3cefce56d46c583a4c5eb73f179ef64c8a1b18557fd0200105c5","","","","42","","0.1","10.0","","1.5","","","","","","","","","","","","","","","","","","","","","","5","0.8","","","12de3cf4074e8656a059c938acbe27143794910116dda3dc217a101698a368c1","","","","","","","93531a7b366471a63d29fd970abad6c5d04a2f933f9ffb2aa38dce1c7b286d65","hist","","","","","","","","","","","","","","","","","","","","","","","","","","","","","","","","","","","","","","0.6445","0.0029","0.4175","0.0056","0.46","0.006","0.5167","0.006","0.3502","0.0054","0.8254","0.0021","","","","","","","","","","","","","","","","","","","","","","","","","","","","","","","","","","","","","","","","","","","","","","","","","","","","","","","","","","","","","","","","","","","","","","","","","","","","","","","","","","","","","","","","","","","","","","ITI113","26S1","team02","s202","team02","s202","diabetes","sagemaker_mlflow_app","arn:aws:sagemaker:ap-southeast-1:044528205969:mlflow-app/app-YHNC33FF6GPZ","20260819T144315Z","full","1.0","s3://nyp-26s1-iti113/iti113/team02/data/diabetes/cleaned/diabetes_binary_cleaned_dataset.csv","tuning_candidate","XGBoost","true","","","","","","","","","26","5","","","","","","","","","","","","","","","","","","","","","","","","","","","","","",""
"2026-08-19 22:53:00","22.6s","ed40c48e5b764cae8e42471060af2e9b","xgb_candidate_25","NOTEBOOK","S202_8440104B_02_xgboost_model_comparison_against_logistic_regression_baseline_v7.ipynb","sagemaker-user","FINISHED","","","","","","0.8","","","","","","5","full","","","","aucpr","","","","0.05","","","0.03","4","","5","XGBClassifier","","","350","","","'-1","","","","binary:logistic","","","","","","1.0","253680","6244bec277fe3cefce56d46c583a4c5eb73f179ef64c8a1b18557fd0200105c5","","","","42","","0.1","10.0","","1.0","","","","","","","","","","","","","","","","","","","","","","5","0.8","","","12de3cf4074e8656a059c938acbe27143794910116dda3dc217a101698a368c1","","","","","","","93531a7b366471a63d29fd970abad6c5d04a2f933f9ffb2aa38dce1c7b286d65","hist","","","","","","","","","","","","","","","","","","","","","","","","","","","","","","","","","","","","","","0.585","0.0028","0.2936","0.0071","0.46","0.0059","0.5867","0.0135","0.1958","0.0049","0.8254","0.0021","","","","","","","","","","","","","","","","","","","","","","","","","","","","","","","","","","","","","","","","","","","","","","","","","","","","","","","","","","","","","","","","","","","","","","","","","","","","","","","","","","","","","","","","","","","","","","ITI113","26S1","team02","s202","team02","s202","diabetes","sagemaker_mlflow_app","arn:aws:sagemaker:ap-southeast-1:044528205969:mlflow-app/app-YHNC33FF6GPZ","20260819T144315Z","full","1.0","s3://nyp-26s1-iti113/iti113/team02/data/diabetes/cleaned/diabetes_binary_cleaned_dataset.csv","tuning_candidate","XGBoost","true","","","","","","","","","25","5","","","","","","","","","","","","","","","","","","","","","","","","","","","","","",""
"2026-08-19 22:52:41","18.7s","485e2a048ce64455aa4eceb3af84de7c","xgb_candidate_24","NOTEBOOK","S202_8440104B_02_xgboost_model_comparison_against_logistic_regression_baseline_v7.ipynb","sagemaker-user","FINISHED","","","","","","0.85","","","","","","5","full","","","","aucpr","","","","0.0","","","0.05","3","","5","XGBClassifier","","","350","","","'-1","","","","binary:logistic","","","","","","1.0","253680","6244bec277fe3cefce56d46c583a4c5eb73f179ef64c8a1b18557fd0200105c5","","","","42","","0.1","5.0","","4.0","","","","","","","","","","","","","","","","","","","","","","4","0.85","","","12de3cf4074e8656a059c938acbe27143794910116dda3dc217a101698a368c1","","","","","","","93531a7b366471a63d29fd970abad6c5d04a2f933f9ffb2aa38dce1c7b286d65","hist","","","","","","","","","","","","","","","","","","","","","","","","","","","","","","","","","","","","","","0.7427","0.0041","0.4859","0.004","0.4593","0.0058","0.3679","0.0023","0.7153","0.0089","0.8253","0.0021","","","","","","","","","","","","","","","","","","","","","","","","","","","","","","","","","","","","","","","","","","","","","","","","","","","","","","","","","","","","","","","","","","","","","","","","","","","","","","","","","","","","","","","","","","","","","","ITI113","26S1","team02","s202","team02","s202","diabetes","sagemaker_mlflow_app","arn:aws:sagemaker:ap-southeast-1:044528205969:mlflow-app/app-YHNC33FF6GPZ","20260819T144315Z","full","1.0","s3://nyp-26s1-iti113/iti113/team02/data/diabetes/cleaned/diabetes_binary_cleaned_dataset.csv","tuning_candidate","XGBoost","true","","","","","","","","","24","4","","","","","","","","","","","","","","","","","","","","","","","","","","","","","",""
"2026-08-19 22:52:22","18.8s","12c9e56ce19e4336a091989b84e6c8e1","xgb_candidate_23","NOTEBOOK","S202_8440104B_02_xgboost_model_comparison_against_logistic_regression_baseline_v7.ipynb","sagemaker-user","FINISHED","","","","","","0.85","","","","","","5","full","","","","aucpr","","","","0.0","","","0.05","3","","5","XGBClassifier","","","350","","","'-1","","","","binary:logistic","","","","","","1.0","253680","6244bec277fe3cefce56d46c583a4c5eb73f179ef64c8a1b18557fd0200105c5","","","","42","","0.1","5.0","","3.0","","","","","","","","","","","","","","","","","","","","","","4","0.85","","","12de3cf4074e8656a059c938acbe27143794910116dda3dc217a101698a368c1","","","","","","","93531a7b366471a63d29fd970abad6c5d04a2f933f9ffb2aa38dce1c7b286d65","hist","","","","","","","","","","","","","","","","","","","","","","","","","","","","","","","","","","","","","","0.7264","0.0047","0.4922","0.0057","0.4593","0.0058","0.4072","0.004","0.6221","0.0092","0.8254","0.002","","","","","","","","","","","","","","","","","","","","","","","","","","","","","","","","","","","","","","","","","","","","","","","","","","","","","","","","","","","","","","","","","","","","","","","","","","","","","","","","","","","","","","","","","","","","","","ITI113","26S1","team02","s202","team02","s202","diabetes","sagemaker_mlflow_app","arn:aws:sagemaker:ap-southeast-1:044528205969:mlflow-app/app-YHNC33FF6GPZ","20260819T144315Z","full","1.0","s3://nyp-26s1-iti113/iti113/team02/data/diabetes/cleaned/diabetes_binary_cleaned_dataset.csv","tuning_candidate","XGBoost","true","","","","","","","","","23","4","","","","","","","","","","","","","","","","","","","","","","","","","","","","","",""
"2026-08-19 22:52:03","19.1s","f5b7416a0dc94e859a03cc5468b2ac7c","xgb_candidate_22","NOTEBOOK","S202_8440104B_02_xgboost_model_comparison_against_logistic_regression_baseline_v7.ipynb","sagemaker-user","FINISHED","","","","","","0.85","","","","","","5","full","","","","aucpr","","","","0.0","","","0.05","3","","5","XGBClassifier","","","350","","","'-1","","","","binary:logistic","","","","","","1.0","253680","6244bec277fe3cefce56d46c583a4c5eb73f179ef64c8a1b18557fd0200105c5","","","","42","","0.1","5.0","","2.5","","","","","","","","","","","","","","","","","","","","","","4","0.85","","","12de3cf4074e8656a059c938acbe27143794910116dda3dc217a101698a368c1","","","","","","","93531a7b366471a63d29fd970abad6c5d04a2f933f9ffb2aa38dce1c7b286d65","hist","","","","","","","","","","","","","","","","","","","","","","","","","","","","","","","","","","","","","","0.7103","0.0037","0.488","0.0049","0.4597","0.0059","0.4351","0.0035","0.5556","0.0078","0.8254","0.0021","","","","","","","","","","","","","","","","","","","","","","","","","","","","","","","","","","","","","","","","","","","","","","","","","","","","","","","","","","","","","","","","","","","","","","","","","","","","","","","","","","","","","","","","","","","","","","ITI113","26S1","team02","s202","team02","s202","diabetes","sagemaker_mlflow_app","arn:aws:sagemaker:ap-southeast-1:044528205969:mlflow-app/app-YHNC33FF6GPZ","20260819T144315Z","full","1.0","s3://nyp-26s1-iti113/iti113/team02/data/diabetes/cleaned/diabetes_binary_cleaned_dataset.csv","tuning_candidate","XGBoost","true","","","","","","","","","22","4","","","","","","","","","","","","","","","","","","","","","","","","","","","","","",""
"2026-08-19 22:51:44","18.8s","17a80c12c7ef478cb9a2124794de650b","xgb_candidate_21","NOTEBOOK","S202_8440104B_02_xgboost_model_comparison_against_logistic_regression_baseline_v7.ipynb","sagemaker-user","FINISHED","","","","","","0.85","","","","","","5","full","","","","aucpr","","","","0.0","","","0.05","3","","5","XGBClassifier","","","350","","","'-1","","","","binary:logistic","","","","","","1.0","253680","6244bec277fe3cefce56d46c583a4c5eb73f179ef64c8a1b18557fd0200105c5","","","","42","","0.1","5.0","","2.0","","","","","","","","","","","","","","","","","","","","","","4","0.85","","","12de3cf4074e8656a059c938acbe27143794910116dda3dc217a101698a368c1","","","","","","","93531a7b366471a63d29fd970abad6c5d04a2f933f9ffb2aa38dce1c7b286d65","hist","","","","","","","","","","","","","","","","","","","","","","","","","","","","","","","","","","","","","","0.6837","0.004","0.4676","0.0062","0.4596","0.0059","0.4696","0.0047","0.4658","0.008","0.8253","0.002","","","","","","","","","","","","","","","","","","","","","","","","","","","","","","","","","","","","","","","","","","","","","","","","","","","","","","","","","","","","","","","","","","","","","","","","","","","","","","","","","","","","","","","","","","","","","","ITI113","26S1","team02","s202","team02","s202","diabetes","sagemaker_mlflow_app","arn:aws:sagemaker:ap-southeast-1:044528205969:mlflow-app/app-YHNC33FF6GPZ","20260819T144315Z","full","1.0","s3://nyp-26s1-iti113/iti113/team02/data/diabetes/cleaned/diabetes_binary_cleaned_dataset.csv","tuning_candidate","XGBoost","true","","","","","","","","","21","4","","","","","","","","","","","","","","","","","","","","","","","","","","","","","",""
"2026-08-19 22:51:25","18.8s","f9ed3406d7c7416a9dc5176a8779fdf6","xgb_candidate_20","NOTEBOOK","S202_8440104B_02_xgboost_model_comparison_against_logistic_regression_baseline_v7.ipynb","sagemaker-user","FINISHED","","","","","","0.85","","","","","","5","full","","","","aucpr","","","","0.0","","","0.05","3","","5","XGBClassifier","","","350","","","'-1","","","","binary:logistic","","","","","","1.0","253680","6244bec277fe3cefce56d46c583a4c5eb73f179ef64c8a1b18557fd0200105c5","","","","42","","0.1","5.0","","1.5","","","","","","","","","","","","","","","","","","","","","","4","0.85","","","12de3cf4074e8656a059c938acbe27143794910116dda3dc217a101698a368c1","","","","","","","93531a7b366471a63d29fd970abad6c5d04a2f933f9ffb2aa38dce1c7b286d65","hist","","","","","","","","","","","","","","","","","","","","","","","","","","","","","","","","","","","","","","0.6445","0.0023","0.4175","0.0044","0.4598","0.0059","0.5166","0.0055","0.3503","0.0046","0.8253","0.0021","","","","","","","","","","","","","","","","","","","","","","","","","","","","","","","","","","","","","","","","","","","","","","","","","","","","","","","","","","","","","","","","","","","","","","","","","","","","","","","","","","","","","","","","","","","","","","ITI113","26S1","team02","s202","team02","s202","diabetes","sagemaker_mlflow_app","arn:aws:sagemaker:ap-southeast-1:044528205969:mlflow-app/app-YHNC33FF6GPZ","20260819T144315Z","full","1.0","s3://nyp-26s1-iti113/iti113/team02/data/diabetes/cleaned/diabetes_binary_cleaned_dataset.csv","tuning_candidate","XGBoost","true","","","","","","","","","20","4","","","","","","","","","","","","","","","","","","","","","","","","","","","","","",""
"2026-08-19 22:51:06","18.9s","867364b191674f0c9c7e8272c0f0f09c","xgb_candidate_19","NOTEBOOK","S202_8440104B_02_xgboost_model_comparison_against_logistic_regression_baseline_v7.ipynb","sagemaker-user","FINISHED","","","","","","0.85","","","","","","5","full","","","","aucpr","","","","0.0","","","0.05","3","","5","XGBClassifier","","","350","","","'-1","","","","binary:logistic","","","","","","1.0","253680","6244bec277fe3cefce56d46c583a4c5eb73f179ef64c8a1b18557fd0200105c5","","","","42","","0.1","5.0","","1.0","","","","","","","","","","","","","","","","","","","","","","4","0.85","","","12de3cf4074e8656a059c938acbe27143794910116dda3dc217a101698a368c1","","","","","","","93531a7b366471a63d29fd970abad6c5d04a2f933f9ffb2aa38dce1c7b286d65","hist","","","","","","","","","","","","","","","","","","","","","","","","","","","","","","","","","","","","","","0.5874","0.0028","0.2998","0.007","0.4598","0.0061","0.5839","0.0128","0.2016","0.0049","0.8254","0.0022","","","","","","","","","","","","","","","","","","","","","","","","","","","","","","","","","","","","","","","","","","","","","","","","","","","","","","","","","","","","","","","","","","","","","","","","","","","","","","","","","","","","","","","","","","","","","","ITI113","26S1","team02","s202","team02","s202","diabetes","sagemaker_mlflow_app","arn:aws:sagemaker:ap-southeast-1:044528205969:mlflow-app/app-YHNC33FF6GPZ","20260819T144315Z","full","1.0","s3://nyp-26s1-iti113/iti113/team02/data/diabetes/cleaned/diabetes_binary_cleaned_dataset.csv","tuning_candidate","XGBoost","true","","","","","","","","","19","4","","","","","","","","","","","","","","","","","","","","","","","","","","","","","",""
"2026-08-19 22:50:46","19.3s","0873ce62bde749aaba03fe2a085b200f","xgb_candidate_18","NOTEBOOK","S202_8440104B_02_xgboost_model_comparison_against_logistic_regression_baseline_v7.ipynb","sagemaker-user","FINISHED","","","","","","0.9","","","","","","5","full","","","","aucpr","","","","0.0","","","0.03","3","","3","XGBClassifier","","","350","","","'-1","","","","binary:logistic","","","","","","1.0","253680","6244bec277fe3cefce56d46c583a4c5eb73f179ef64c8a1b18557fd0200105c5","","","","42","","0.05","5.0","","4.0","","","","","","","","","","","","","","","","","","","","","","3","0.85","","","12de3cf4074e8656a059c938acbe27143794910116dda3dc217a101698a368c1","","","","","","","93531a7b366471a63d29fd970abad6c5d04a2f933f9ffb2aa38dce1c7b286d65","hist","","","","","","","","","","","","","","","","","","","","","","","","","","","","","","","","","","","","","","0.7419","0.0034","0.4855","0.0032","0.4576","0.0055","0.3683","0.002","0.7123","0.0079","0.8248","0.002","","","","","","","","","","","","","","","","","","","","","","","","","","","","","","","","","","","","","","","","","","","","","","","","","","","","","","","","","","","","","","","","","","","","","","","","","","","","","","","","","","","","","","","","","","","","","","ITI113","26S1","team02","s202","team02","s202","diabetes","sagemaker_mlflow_app","arn:aws:sagemaker:ap-southeast-1:044528205969:mlflow-app/app-YHNC33FF6GPZ","20260819T144315Z","full","1.0","s3://nyp-26s1-iti113/iti113/team02/data/diabetes/cleaned/diabetes_binary_cleaned_dataset.csv","tuning_candidate","XGBoost","true","","","","","","","","","18","3","","","","","","","","","","","","","","","","","","","","","","","","","","","","","",""
"2026-08-19 22:50:27","19.2s","a3b4e026cf2b4cb8a833e2e2a0e6192f","xgb_candidate_17","NOTEBOOK","S202_8440104B_02_xgboost_model_comparison_against_logistic_regression_baseline_v7.ipynb","sagemaker-user","FINISHED","","","","","","0.9","","","","","","5","full","","","","aucpr","","","","0.0","","","0.03","3","","3","XGBClassifier","","","350","","","'-1","","","","binary:logistic","","","","","","1.0","253680","6244bec277fe3cefce56d46c583a4c5eb73f179ef64c8a1b18557fd0200105c5","","","","42","","0.05","5.0","","3.0","","","","","","","","","","","","","","","","","","","","","","3","0.85","","","12de3cf4074e8656a059c938acbe27143794910116dda3dc217a101698a368c1","","","","","","","93531a7b366471a63d29fd970abad6c5d04a2f933f9ffb2aa38dce1c7b286d65","hist","","","","","","","","","","","","","","","","","","","","","","","","","","","","","","","","","","","","","","0.7253","0.0047","0.4919","0.0059","0.4578","0.0057","0.4087","0.0042","0.6178","0.0091","0.8248","0.0021","","","","","","","","","","","","","","","","","","","","","","","","","","","","","","","","","","","","","","","","","","","","","","","","","","","","","","","","","","","","","","","","","","","","","","","","","","","","","","","","","","","","","","","","","","","","","","ITI113","26S1","team02","s202","team02","s202","diabetes","sagemaker_mlflow_app","arn:aws:sagemaker:ap-southeast-1:044528205969:mlflow-app/app-YHNC33FF6GPZ","20260819T144315Z","full","1.0","s3://nyp-26s1-iti113/iti113/team02/data/diabetes/cleaned/diabetes_binary_cleaned_dataset.csv","tuning_candidate","XGBoost","true","","","","","","","","","17","3","","","","","","","","","","","","","","","","","","","","","","","","","","","","","",""
"2026-08-19 22:50:07","19.5s","23677c6fb9784bf58beb778ebed9d352","xgb_candidate_16","NOTEBOOK","S202_8440104B_02_xgboost_model_comparison_against_logistic_regression_baseline_v7.ipynb","sagemaker-user","FINISHED","","","","","","0.9","","","","","","5","full","","","","aucpr","","","","0.0","","","0.03","3","","3","XGBClassifier","","","350","","","'-1","","","","binary:logistic","","","","","","1.0","253680","6244bec277fe3cefce56d46c583a4c5eb73f179ef64c8a1b18557fd0200105c5","","","","42","","0.05","5.0","","2.5","","","","","","","","","","","","","","","","","","","","","","3","0.85","","","12de3cf4074e8656a059c938acbe27143794910116dda3dc217a101698a368c1","","","","","","","93531a7b366471a63d29fd970abad6c5d04a2f933f9ffb2aa38dce1c7b286d65","hist","","","","","","","","","","","","","","","","","","","","","","","","","","","","","","","","","","","","","","0.7078","0.0043","0.4857","0.0059","0.4577","0.0057","0.4361","0.0043","0.5481","0.0087","0.8248","0.0021","","","","","","","","","","","","","","","","","","","","","","","","","","","","","","","","","","","","","","","","","","","","","","","","","","","","","","","","","","","","","","","","","","","","","","","","","","","","","","","","","","","","","","","","","","","","","","ITI113","26S1","team02","s202","team02","s202","diabetes","sagemaker_mlflow_app","arn:aws:sagemaker:ap-southeast-1:044528205969:mlflow-app/app-YHNC33FF6GPZ","20260819T144315Z","full","1.0","s3://nyp-26s1-iti113/iti113/team02/data/diabetes/cleaned/diabetes_binary_cleaned_dataset.csv","tuning_candidate","XGBoost","true","","","","","","","","","16","3","","","","","","","","","","","","","","","","","","","","","","","","","","","","","",""
"2026-08-19 22:49:48","19.3s","44cc47759eb7468d99e077bf60e0c1bf","xgb_candidate_15","NOTEBOOK","S202_8440104B_02_xgboost_model_comparison_against_logistic_regression_baseline_v7.ipynb","sagemaker-user","FINISHED","","","","","","0.9","","","","","","5","full","","","","aucpr","","","","0.0","","","0.03","3","","3","XGBClassifier","","","350","","","'-1","","","","binary:logistic","","","","","","1.0","253680","6244bec277fe3cefce56d46c583a4c5eb73f179ef64c8a1b18557fd0200105c5","","","","42","","0.05","5.0","","2.0","","","","","","","","","","","","","","","","","","","","","","3","0.85","","","12de3cf4074e8656a059c938acbe27143794910116dda3dc217a101698a368c1","","","","","","","93531a7b366471a63d29fd970abad6c5d04a2f933f9ffb2aa38dce1c7b286d65","hist","","","","","","","","","","","","","","","","","","","","","","","","","","","","","","","","","","","","","","0.6813","0.0038","0.4651","0.0061","0.4579","0.0057","0.4717","0.0053","0.4586","0.0075","0.8248","0.0021","","","","","","","","","","","","","","","","","","","","","","","","","","","","","","","","","","","","","","","","","","","","","","","","","","","","","","","","","","","","","","","","","","","","","","","","","","","","","","","","","","","","","","","","","","","","","","ITI113","26S1","team02","s202","team02","s202","diabetes","sagemaker_mlflow_app","arn:aws:sagemaker:ap-southeast-1:044528205969:mlflow-app/app-YHNC33FF6GPZ","20260819T144315Z","full","1.0","s3://nyp-26s1-iti113/iti113/team02/data/diabetes/cleaned/diabetes_binary_cleaned_dataset.csv","tuning_candidate","XGBoost","true","","","","","","","","","15","3","","","","","","","","","","","","","","","","","","","","","","","","","","","","","",""
"2026-08-19 22:49:28","19.4s","ed24ccb228824ef78a774c127961e248","xgb_candidate_14","NOTEBOOK","S202_8440104B_02_xgboost_model_comparison_against_logistic_regression_baseline_v7.ipynb","sagemaker-user","FINISHED","","","","","","0.9","","","","","","5","full","","","","aucpr","","","","0.0","","","0.03","3","","3","XGBClassifier","","","350","","","'-1","","","","binary:logistic","","","","","","1.0","253680","6244bec277fe3cefce56d46c583a4c5eb73f179ef64c8a1b18557fd0200105c5","","","","42","","0.05","5.0","","1.5","","","","","","","","","","","","","","","","","","","","","","3","0.85","","","12de3cf4074e8656a059c938acbe27143794910116dda3dc217a101698a368c1","","","","","","","93531a7b366471a63d29fd970abad6c5d04a2f933f9ffb2aa38dce1c7b286d65","hist","","","","","","","","","","","","","","","","","","","","","","","","","","","","","","","","","","","","","","0.6408","0.0031","0.4112","0.0059","0.4578","0.0056","0.5176","0.006","0.3411","0.0063","0.8247","0.0021","","","","","","","","","","","","","","","","","","","","","","","","","","","","","","","","","","","","","","","","","","","","","","","","","","","","","","","","","","","","","","","","","","","","","","","","","","","","","","","","","","","","","","","","","","","","","","ITI113","26S1","team02","s202","team02","s202","diabetes","sagemaker_mlflow_app","arn:aws:sagemaker:ap-southeast-1:044528205969:mlflow-app/app-YHNC33FF6GPZ","20260819T144315Z","full","1.0","s3://nyp-26s1-iti113/iti113/team02/data/diabetes/cleaned/diabetes_binary_cleaned_dataset.csv","tuning_candidate","XGBoost","true","","","","","","","","","14","3","","","","","","","","","","","","","","","","","","","","","","","","","","","","","",""
"2026-08-19 22:49:08","19.5s","e0608ee1e447488a94f4e09b349cb54e","xgb_candidate_13","NOTEBOOK","S202_8440104B_02_xgboost_model_comparison_against_logistic_regression_baseline_v7.ipynb","sagemaker-user","FINISHED","","","","","","0.9","","","","","","5","full","","","","aucpr","","","","0.0","","","0.03","3","","3","XGBClassifier","","","350","","","'-1","","","","binary:logistic","","","","","","1.0","253680","6244bec277fe3cefce56d46c583a4c5eb73f179ef64c8a1b18557fd0200105c5","","","","42","","0.05","5.0","","1.0","","","","","","","","","","","","","","","","","","","","","","3","0.85","","","12de3cf4074e8656a059c938acbe27143794910116dda3dc217a101698a368c1","","","","","","","93531a7b366471a63d29fd970abad6c5d04a2f933f9ffb2aa38dce1c7b286d65","hist","","","","","","","","","","","","","","","","","","","","","","","","","","","","","","","","","","","","","","0.584","0.0025","0.2911","0.0064","0.4578","0.0058","0.5862","0.013","0.1936","0.0045","0.8247","0.0021","","","","","","","","","","","","","","","","","","","","","","","","","","","","","","","","","","","","","","","","","","","","","","","","","","","","","","","","","","","","","","","","","","","","","","","","","","","","","","","","","","","","","","","","","","","","","","ITI113","26S1","team02","s202","team02","s202","diabetes","sagemaker_mlflow_app","arn:aws:sagemaker:ap-southeast-1:044528205969:mlflow-app/app-YHNC33FF6GPZ","20260819T144315Z","full","1.0","s3://nyp-26s1-iti113/iti113/team02/data/diabetes/cleaned/diabetes_binary_cleaned_dataset.csv","tuning_candidate","XGBoost","true","","","","","","","","","13","3","","","","","","","","","","","","","","","","","","","","","","","","","","","","","",""
"2026-08-19 22:48:52","16.3s","11df21f3a3ea4ed6873b20e9110a2d78","xgb_candidate_12","NOTEBOOK","S202_8440104B_02_xgboost_model_comparison_against_logistic_regression_baseline_v7.ipynb","sagemaker-user","FINISHED","","","","","","0.9","","","","","","5","full","","","","aucpr","","","","0.0","","","0.05","2","","3","XGBClassifier","","","350","","","'-1","","","","binary:logistic","","","","","","1.0","253680","6244bec277fe3cefce56d46c583a4c5eb73f179ef64c8a1b18557fd0200105c5","","","","42","","0.05","3.0","","4.0","","","","","","","","","","","","","","","","","","","","","","2","0.9","","","12de3cf4074e8656a059c938acbe27143794910116dda3dc217a101698a368c1","","","","","","","93531a7b366471a63d29fd970abad6c5d04a2f933f9ffb2aa38dce1c7b286d65","hist","","","","","","","","","","","","","","","","","","","","","","","","","","","","","","","","","","","","","","0.7409","0.0036","0.4863","0.0036","0.4567","0.0049","0.371","0.0023","0.7057","0.008","0.8245","0.0021","","","","","","","","","","","","","","","","","","","","","","","","","","","","","","","","","","","","","","","","","","","","","","","","","","","","","","","","","","","","","","","","","","","","","","","","","","","","","","","","","","","","","","","","","","","","","","ITI113","26S1","team02","s202","team02","s202","diabetes","sagemaker_mlflow_app","arn:aws:sagemaker:ap-southeast-1:044528205969:mlflow-app/app-YHNC33FF6GPZ","20260819T144315Z","full","1.0","s3://nyp-26s1-iti113/iti113/team02/data/diabetes/cleaned/diabetes_binary_cleaned_dataset.csv","tuning_candidate","XGBoost","true","","","","","","","","","12","2","","","","","","","","","","","","","","","","","","","","","","","","","","","","","",""
"2026-08-19 22:48:36","16.0s","c7641efaf57a479499b16d85efdefaea","xgb_candidate_11","NOTEBOOK","S202_8440104B_02_xgboost_model_comparison_against_logistic_regression_baseline_v7.ipynb","sagemaker-user","FINISHED","","","","","","0.9","","","","","","5","full","","","","aucpr","","","","0.0","","","0.05","2","","3","XGBClassifier","","","350","","","'-1","","","","binary:logistic","","","","","","1.0","253680","6244bec277fe3cefce56d46c583a4c5eb73f179ef64c8a1b18557fd0200105c5","","","","42","","0.05","3.0","","3.0","","","","","","","","","","","","","","","","","","","","","","2","0.9","","","12de3cf4074e8656a059c938acbe27143794910116dda3dc217a101698a368c1","","","","","","","93531a7b366471a63d29fd970abad6c5d04a2f933f9ffb2aa38dce1c7b286d65","hist","","","","","","","","","","","","","","","","","","","","","","","","","","","","","","","","","","","","","","0.7233","0.0052","0.4912","0.0064","0.457","0.005","0.4112","0.0044","0.61","0.0103","0.8245","0.0022","","","","","","","","","","","","","","","","","","","","","","","","","","","","","","","","","","","","","","","","","","","","","","","","","","","","","","","","","","","","","","","","","","","","","","","","","","","","","","","","","","","","","","","","","","","","","","ITI113","26S1","team02","s202","team02","s202","diabetes","sagemaker_mlflow_app","arn:aws:sagemaker:ap-southeast-1:044528205969:mlflow-app/app-YHNC33FF6GPZ","20260819T144315Z","full","1.0","s3://nyp-26s1-iti113/iti113/team02/data/diabetes/cleaned/diabetes_binary_cleaned_dataset.csv","tuning_candidate","XGBoost","true","","","","","","","","","11","2","","","","","","","","","","","","","","","","","","","","","","","","","","","","","",""
"2026-08-19 22:48:20","15.8s","964fa8db1cfd49d78949878dfccb63de","xgb_candidate_10","NOTEBOOK","S202_8440104B_02_xgboost_model_comparison_against_logistic_regression_baseline_v7.ipynb","sagemaker-user","FINISHED","","","","","","0.9","","","","","","5","full","","","","aucpr","","","","0.0","","","0.05","2","","3","XGBClassifier","","","350","","","'-1","","","","binary:logistic","","","","","","1.0","253680","6244bec277fe3cefce56d46c583a4c5eb73f179ef64c8a1b18557fd0200105c5","","","","42","","0.05","3.0","","2.5","","","","","","","","","","","","","","","","","","","","","","2","0.9","","","12de3cf4074e8656a059c938acbe27143794910116dda3dc217a101698a368c1","","","","","","","93531a7b366471a63d29fd970abad6c5d04a2f933f9ffb2aa38dce1c7b286d65","hist","","","","","","","","","","","","","","","","","","","","","","","","","","","","","","","","","","","","","","0.707","0.0041","0.4859","0.0058","0.4569","0.005","0.439","0.0046","0.5441","0.0079","0.8245","0.0022","","","","","","","","","","","","","","","","","","","","","","","","","","","","","","","","","","","","","","","","","","","","","","","","","","","","","","","","","","","","","","","","","","","","","","","","","","","","","","","","","","","","","","","","","","","","","","ITI113","26S1","team02","s202","team02","s202","diabetes","sagemaker_mlflow_app","arn:aws:sagemaker:ap-southeast-1:044528205969:mlflow-app/app-YHNC33FF6GPZ","20260819T144315Z","full","1.0","s3://nyp-26s1-iti113/iti113/team02/data/diabetes/cleaned/diabetes_binary_cleaned_dataset.csv","tuning_candidate","XGBoost","true","","","","","","","","","10","2","","","","","","","","","","","","","","","","","","","","","","","","","","","","","",""
"2026-08-19 22:48:03","16.1s","92eb8023e0584675a4e030e21134adb7","xgb_candidate_09","NOTEBOOK","S202_8440104B_02_xgboost_model_comparison_against_logistic_regression_baseline_v7.ipynb","sagemaker-user","FINISHED","","","","","","0.9","","","","","","5","full","","","","aucpr","","","","0.0","","","0.05","2","","3","XGBClassifier","","","350","","","'-1","","","","binary:logistic","","","","","","1.0","253680","6244bec277fe3cefce56d46c583a4c5eb73f179ef64c8a1b18557fd0200105c5","","","","42","","0.05","3.0","","2.0","","","","","","","","","","","","","","","","","","","","","","2","0.9","","","12de3cf4074e8656a059c938acbe27143794910116dda3dc217a101698a368c1","","","","","","","93531a7b366471a63d29fd970abad6c5d04a2f933f9ffb2aa38dce1c7b286d65","hist","","","","","","","","","","","","","","","","","","","","","","","","","","","","","","","","","","","","","","0.6799","0.0035","0.4634","0.0057","0.457","0.005","0.4724","0.0054","0.4549","0.007","0.8244","0.0022","","","","","","","","","","","","","","","","","","","","","","","","","","","","","","","","","","","","","","","","","","","","","","","","","","","","","","","","","","","","","","","","","","","","","","","","","","","","","","","","","","","","","","","","","","","","","","ITI113","26S1","team02","s202","team02","s202","diabetes","sagemaker_mlflow_app","arn:aws:sagemaker:ap-southeast-1:044528205969:mlflow-app/app-YHNC33FF6GPZ","20260819T144315Z","full","1.0","s3://nyp-26s1-iti113/iti113/team02/data/diabetes/cleaned/diabetes_binary_cleaned_dataset.csv","tuning_candidate","XGBoost","true","","","","","","","","","9","2","","","","","","","","","","","","","","","","","","","","","","","","","","","","","",""
"2026-08-19 22:47:46","16.9s","0743aa0888bd4418bfe70a355fea3063","xgb_candidate_08","NOTEBOOK","S202_8440104B_02_xgboost_model_comparison_against_logistic_regression_baseline_v7.ipynb","sagemaker-user","FINISHED","","","","","","0.9","","","","","","5","full","","","","aucpr","","","","0.0","","","0.05","2","","3","XGBClassifier","","","350","","","'-1","","","","binary:logistic","","","","","","1.0","253680","6244bec277fe3cefce56d46c583a4c5eb73f179ef64c8a1b18557fd0200105c5","","","","42","","0.05","3.0","","1.5","","","","","","","","","","","","","","","","","","","","","","2","0.9","","","12de3cf4074e8656a059c938acbe27143794910116dda3dc217a101698a368c1","","","","","","","93531a7b366471a63d29fd970abad6c5d04a2f933f9ffb2aa38dce1c7b286d65","hist","","","","","","","","","","","","","","","","","","","","","","","","","","","","","","","","","","","","","","0.6408","0.0024","0.4111","0.0047","0.4573","0.0051","0.5167","0.0058","0.3413","0.0046","0.8245","0.0022","","","","","","","","","","","","","","","","","","","","","","","","","","","","","","","","","","","","","","","","","","","","","","","","","","","","","","","","","","","","","","","","","","","","","","","","","","","","","","","","","","","","","","","","","","","","","","ITI113","26S1","team02","s202","team02","s202","diabetes","sagemaker_mlflow_app","arn:aws:sagemaker:ap-southeast-1:044528205969:mlflow-app/app-YHNC33FF6GPZ","20260819T144315Z","full","1.0","s3://nyp-26s1-iti113/iti113/team02/data/diabetes/cleaned/diabetes_binary_cleaned_dataset.csv","tuning_candidate","XGBoost","true","","","","","","","","","8","2","","","","","","","","","","","","","","","","","","","","","","","","","","","","","",""
"2026-08-19 22:47:30","15.9s","510bee250e4a469b9a72717b2480a035","xgb_candidate_07","NOTEBOOK","S202_8440104B_02_xgboost_model_comparison_against_logistic_regression_baseline_v7.ipynb","sagemaker-user","FINISHED","","","","","","0.9","","","","","","5","full","","","","aucpr","","","","0.0","","","0.05","2","","3","XGBClassifier","","","350","","","'-1","","","","binary:logistic","","","","","","1.0","253680","6244bec277fe3cefce56d46c583a4c5eb73f179ef64c8a1b18557fd0200105c5","","","","42","","0.05","3.0","","1.0","","","","","","","","","","","","","","","","","","","","","","2","0.9","","","12de3cf4074e8656a059c938acbe27143794910116dda3dc217a101698a368c1","","","","","","","93531a7b366471a63d29fd970abad6c5d04a2f933f9ffb2aa38dce1c7b286d65","hist","","","","","","","","","","","","","","","","","","","","","","","","","","","","","","","","","","","","","","0.5865","0.0024","0.2976","0.006","0.4572","0.0052","0.5814","0.0107","0.2","0.0043","0.8245","0.0022","","","","","","","","","","","","","","","","","","","","","","","","","","","","","","","","","","","","","","","","","","","","","","","","","","","","","","","","","","","","","","","","","","","","","","","","","","","","","","","","","","","","","","","","","","","","","","ITI113","26S1","team02","s202","team02","s202","diabetes","sagemaker_mlflow_app","arn:aws:sagemaker:ap-southeast-1:044528205969:mlflow-app/app-YHNC33FF6GPZ","20260819T144315Z","full","1.0","s3://nyp-26s1-iti113/iti113/team02/data/diabetes/cleaned/diabetes_binary_cleaned_dataset.csv","tuning_candidate","XGBoost","true","","","","","","","","","7","2","","","","","","","","","","","","","","","","","","","","","","","","","","","","","",""
"2026-08-19 22:47:13","16.4s","23756e4b736b4a56a2a9bce194da91d2","xgb_candidate_06","NOTEBOOK","S202_8440104B_02_xgboost_model_comparison_against_logistic_regression_baseline_v7.ipynb","sagemaker-user","FINISHED","","","","","","0.9","","","","","","5","full","","","","aucpr","","","","0.0","","","0.03","2","","1","XGBClassifier","","","350","","","'-1","","","","binary:logistic","","","","","","1.0","253680","6244bec277fe3cefce56d46c583a4c5eb73f179ef64c8a1b18557fd0200105c5","","","","42","","0.0","1.0","","4.0","","","","","","","","","","","","","","","","","","","","","","1","0.9","","","12de3cf4074e8656a059c938acbe27143794910116dda3dc217a101698a368c1","","","","","","","93531a7b366471a63d29fd970abad6c5d04a2f933f9ffb2aa38dce1c7b286d65","hist","","","","","","","","","","","","","","","","","","","","","","","","","","","","","","","","","","","","","","0.7394","0.0039","0.4854","0.0038","0.4545","0.0045","0.3713","0.0023","0.7008","0.0089","0.8235","0.002","","","","","","","","","","","","","","","","","","","","","","","","","","","","","","","","","","","","","","","","","","","","","","","","","","","","","","","","","","","","","","","","","","","","","","","","","","","","","","","","","","","","","","","","","","","","","","ITI113","26S1","team02","s202","team02","s202","diabetes","sagemaker_mlflow_app","arn:aws:sagemaker:ap-southeast-1:044528205969:mlflow-app/app-YHNC33FF6GPZ","20260819T144315Z","full","1.0","s3://nyp-26s1-iti113/iti113/team02/data/diabetes/cleaned/diabetes_binary_cleaned_dataset.csv","tuning_candidate","XGBoost","true","","","","","","","","","6","1","","","","","","","","","","","","","","","","","","","","","","","","","","","","","",""
"2026-08-19 22:46:57","16.3s","187a05ec5c2d4211854405ceb26d2287","xgb_candidate_05","NOTEBOOK","S202_8440104B_02_xgboost_model_comparison_against_logistic_regression_baseline_v7.ipynb","sagemaker-user","FINISHED","","","","","","0.9","","","","","","5","full","","","","aucpr","","","","0.0","","","0.03","2","","1","XGBClassifier","","","350","","","'-1","","","","binary:logistic","","","","","","1.0","253680","6244bec277fe3cefce56d46c583a4c5eb73f179ef64c8a1b18557fd0200105c5","","","","42","","0.0","1.0","","3.0","","","","","","","","","","","","","","","","","","","","","","1","0.9","","","12de3cf4074e8656a059c938acbe27143794910116dda3dc217a101698a368c1","","","","","","","93531a7b366471a63d29fd970abad6c5d04a2f933f9ffb2aa38dce1c7b286d65","hist","","","","","","","","","","","","","","","","","","","","","","","","","","","","","","","","","","","","","","0.7211","0.005","0.4904","0.0063","0.4546","0.0046","0.414","0.0045","0.6013","0.0098","0.8235","0.002","","","","","","","","","","","","","","","","","","","","","","","","","","","","","","","","","","","","","","","","","","","","","","","","","","","","","","","","","","","","","","","","","","","","","","","","","","","","","","","","","","","","","","","","","","","","","","ITI113","26S1","team02","s202","team02","s202","diabetes","sagemaker_mlflow_app","arn:aws:sagemaker:ap-southeast-1:044528205969:mlflow-app/app-YHNC33FF6GPZ","20260819T144315Z","full","1.0","s3://nyp-26s1-iti113/iti113/team02/data/diabetes/cleaned/diabetes_binary_cleaned_dataset.csv","tuning_candidate","XGBoost","true","","","","","","","","","5","1","","","","","","","","","","","","","","","","","","","","","","","","","","","","","",""
"2026-08-19 22:46:40","16.6s","7fd07c5434744a60bbf4c64b30e0a511","xgb_candidate_04","NOTEBOOK","S202_8440104B_02_xgboost_model_comparison_against_logistic_regression_baseline_v7.ipynb","sagemaker-user","FINISHED","","","","","","0.9","","","","","","5","full","","","","aucpr","","","","0.0","","","0.03","2","","1","XGBClassifier","","","350","","","'-1","","","","binary:logistic","","","","","","1.0","253680","6244bec277fe3cefce56d46c583a4c5eb73f179ef64c8a1b18557fd0200105c5","","","","42","","0.0","1.0","","2.5","","","","","","","","","","","","","","","","","","","","","","1","0.9","","","12de3cf4074e8656a059c938acbe27143794910116dda3dc217a101698a368c1","","","","","","","93531a7b366471a63d29fd970abad6c5d04a2f933f9ffb2aa38dce1c7b286d65","hist","","","","","","","","","","","","","","","","","","","","","","","","","","","","","","","","","","","","","","0.7028","0.0047","0.4825","0.0067","0.4546","0.0047","0.4422","0.0051","0.5308","0.0091","0.8235","0.002","","","","","","","","","","","","","","","","","","","","","","","","","","","","","","","","","","","","","","","","","","","","","","","","","","","","","","","","","","","","","","","","","","","","","","","","","","","","","","","","","","","","","","","","","","","","","","ITI113","26S1","team02","s202","team02","s202","diabetes","sagemaker_mlflow_app","arn:aws:sagemaker:ap-southeast-1:044528205969:mlflow-app/app-YHNC33FF6GPZ","20260819T144315Z","full","1.0","s3://nyp-26s1-iti113/iti113/team02/data/diabetes/cleaned/diabetes_binary_cleaned_dataset.csv","tuning_candidate","XGBoost","true","","","","","","","","","4","1","","","","","","","","","","","","","","","","","","","","","","","","","","","","","",""
"2026-08-19 22:46:23","16.3s","f1afd20663634d7fa288315216ba3bf9","xgb_candidate_03","NOTEBOOK","S202_8440104B_02_xgboost_model_comparison_against_logistic_regression_baseline_v7.ipynb","sagemaker-user","FINISHED","","","","","","0.9","","","","","","5","full","","","","aucpr","","","","0.0","","","0.03","2","","1","XGBClassifier","","","350","","","'-1","","","","binary:logistic","","","","","","1.0","253680","6244bec277fe3cefce56d46c583a4c5eb73f179ef64c8a1b18557fd0200105c5","","","","42","","0.0","1.0","","2.0","","","","","","","","","","","","","","","","","","","","","","1","0.9","","","12de3cf4074e8656a059c938acbe27143794910116dda3dc217a101698a368c1","","","","","","","93531a7b366471a63d29fd970abad6c5d04a2f933f9ffb2aa38dce1c7b286d65","hist","","","","","","","","","","","","","","","","","","","","","","","","","","","","","","","","","","","","","","0.6747","0.0037","0.4575","0.006","0.4547","0.0047","0.4768","0.0055","0.4396","0.0072","0.8235","0.002","","","","","","","","","","","","","","","","","","","","","","","","","","","","","","","","","","","","","","","","","","","","","","","","","","","","","","","","","","","","","","","","","","","","","","","","","","","","","","","","","","","","","","","","","","","","","","ITI113","26S1","team02","s202","team02","s202","diabetes","sagemaker_mlflow_app","arn:aws:sagemaker:ap-southeast-1:044528205969:mlflow-app/app-YHNC33FF6GPZ","20260819T144315Z","full","1.0","s3://nyp-26s1-iti113/iti113/team02/data/diabetes/cleaned/diabetes_binary_cleaned_dataset.csv","tuning_candidate","XGBoost","true","","","","","","","","","3","1","","","","","","","","","","","","","","","","","","","","","","","","","","","","","",""
"2026-08-19 22:46:07","16.5s","8871ebf937aa4c199d52d73bbfdc8990","xgb_candidate_02","NOTEBOOK","S202_8440104B_02_xgboost_model_comparison_against_logistic_regression_baseline_v7.ipynb","sagemaker-user","FINISHED","","","","","","0.9","","","","","","5","full","","","","aucpr","","","","0.0","","","0.03","2","","1","XGBClassifier","","","350","","","'-1","","","","binary:logistic","","","","","","1.0","253680","6244bec277fe3cefce56d46c583a4c5eb73f179ef64c8a1b18557fd0200105c5","","","","42","","0.0","1.0","","1.5","","","","","","","","","","","","","","","","","","","","","","1","0.9","","","12de3cf4074e8656a059c938acbe27143794910116dda3dc217a101698a368c1","","","","","","","93531a7b366471a63d29fd970abad6c5d04a2f933f9ffb2aa38dce1c7b286d65","hist","","","","","","","","","","","","","","","","","","","","","","","","","","","","","","","","","","","","","","0.6341","0.0028","0.3994","0.0055","0.4549","0.0048","0.5211","0.0057","0.3239","0.0057","0.8235","0.002","","","","","","","","","","","","","","","","","","","","","","","","","","","","","","","","","","","","","","","","","","","","","","","","","","","","","","","","","","","","","","","","","","","","","","","","","","","","","","","","","","","","","","","","","","","","","","ITI113","26S1","team02","s202","team02","s202","diabetes","sagemaker_mlflow_app","arn:aws:sagemaker:ap-southeast-1:044528205969:mlflow-app/app-YHNC33FF6GPZ","20260819T144315Z","full","1.0","s3://nyp-26s1-iti113/iti113/team02/data/diabetes/cleaned/diabetes_binary_cleaned_dataset.csv","tuning_candidate","XGBoost","true","","","","","","","","","2","1","","","","","","","","","","","","","","","","","","","","","","","","","","","","","",""
"2026-08-19 22:45:50","16.5s","3d4d52a8a8b44eeea94851b414b89a69","xgb_candidate_01","NOTEBOOK","S202_8440104B_02_xgboost_model_comparison_against_logistic_regression_baseline_v7.ipynb","sagemaker-user","FINISHED","","","","","","0.9","","","","","","5","full","","","","aucpr","","","","0.0","","","0.03","2","","1","XGBClassifier","","","350","","","'-1","","","","binary:logistic","","","","","","1.0","253680","6244bec277fe3cefce56d46c583a4c5eb73f179ef64c8a1b18557fd0200105c5","","","","42","","0.0","1.0","","1.0","","","","","","","","","","","","","","","","","","","","","","1","0.9","","","12de3cf4074e8656a059c938acbe27143794910116dda3dc217a101698a368c1","","","","","","","93531a7b366471a63d29fd970abad6c5d04a2f933f9ffb2aa38dce1c7b286d65","hist","","","","","","","","","","","","","","","","","","","","","","","","","","","","","","","","","","","","","","0.5779","0.0024","0.2748","0.0063","0.4549","0.005","0.5893","0.0123","0.1792","0.0045","0.8234","0.002","","","","","","","","","","","","","","","","","","","","","","","","","","","","","","","","","","","","","","","","","","","","","","","","","","","","","","","","","","","","","","","","","","","","","","","","","","","","","","","","","","","","","","","","","","","","","","ITI113","26S1","team02","s202","team02","s202","diabetes","sagemaker_mlflow_app","arn:aws:sagemaker:ap-southeast-1:044528205969:mlflow-app/app-YHNC33FF6GPZ","20260819T144315Z","full","1.0","s3://nyp-26s1-iti113/iti113/team02/data/diabetes/cleaned/diabetes_binary_cleaned_dataset.csv","tuning_candidate","XGBoost","true","","","","","","","","","1","1","","","","","","","","","","","","","","","","","","","","","","","","","","","","","",""
"2026-08-19 22:45:50","9.5min","17e8ed7735234674a18659d45d21e10e","team02_s202_xgb_tuning_parent","NOTEBOOK","S202_8440104B_02_xgboost_model_comparison_against_logistic_regression_baseline_v7.ipynb","sagemaker-user","FINISHED","","","","","","","","","","","","5","full","","","","","","","","","","5.346","","","","","","30","","","","","","5","","0.002","","","","","","cv_pr_auc_mean","1.0","253680","6244bec277fe3cefce56d46c583a4c5eb73f179ef64c8a1b18557fd0200105c5","","","","","","","","","","[1.0, 1.5, 2.0, 2.5, 3.0, 4.0]","","","","","","","","","","","","","","","","","","","","","","","","","12de3cf4074e8656a059c938acbe27143794910116dda3dc217a101698a368c1","","","","","","","93531a7b366471a63d29fd970abad6c5d04a2f933f9ffb2aa38dce1c7b286d65","","","","","","","","","","","","","","","","","0.46","","","","","","","","","","","","","","","","","","","","","","","","","","","","","","","","","","","","","","","","","","","","","","","","12","","","","","","","","","","0.4927","0.4595","0.8254","","","","","","","","","","","","","","","","","","","","","","","","","","","","","","","","","","","","","","","","","","","","","","","","","","","","","","","","","","","","","","","","","","","ITI113","26S1","team02","s202","team02","s202","diabetes","sagemaker_mlflow_app","arn:aws:sagemaker:ap-southeast-1:044528205969:mlflow-app/app-YHNC33FF6GPZ","20260819T144315Z","full","1.0","s3://nyp-26s1-iti113/iti113/team02/data/diabetes/cleaned/diabetes_binary_cleaned_dataset.csv","tuning_parent","XGBoost","false","","","","","","","","","","","","","","","","","","","","","","","","","","","","","","","","","","","","","","","",""
"2026-08-19 22:44:33","33.8s","c2bdebcf9ad34e77ae514677491786f4","team02_s202_xgboost_reference","NOTEBOOK","S202_8440104B_02_xgboost_model_comparison_against_logistic_regression_baseline_v7.ipynb","sagemaker-user","FINISHED","","","","","","0.8","","","","","","5","full","s3://nyp-26s1-iti113/iti113/team02/data/diabetes/cleaned/diabetes_binary_cleaned_dataset.csv","","","logloss","","","253680","","","","0.1","4","","1","XGBClassifier","","","300","","21","'-1","","","","binary:logistic","","","","","","1.0","253680","","","","","42","","0.0","1.0","","1","","","","","","","","","","","","","cv_pr_auc_mean","","","","","","","","","","0.8","0.2","50736","","","","","","","202944","","hist","","","","","","","","","","","","","","","","","","","","","","","","","","","","","","","","","","","","","","0.5873","0.0032","0.2995","0.0079","0.4586","0.0075","0.5834","0.0144","0.2015","0.0056","0.8252","0.002","","","","","","","","","","","","","","","","","","","","","","","","","","","","","","","","","","","","","","","","","","","","","","","","","","","","","","","","","","","","","","","","","","","","","","","","","","","","","","","","","","","","","","","","","","","","","","ITI113","26S1","team02","s202","team02","s202","diabetes","sagemaker_mlflow_app","arn:aws:sagemaker:ap-southeast-1:044528205969:mlflow-app/app-YHNC33FF6GPZ","20260819T144315Z","full","1.0","s3://nyp-26s1-iti113/iti113/team02/data/diabetes/cleaned/diabetes_binary_cleaned_dataset.csv","reference_configuration","XGBoost","false","","","","","","","","","","","","","","","","","","","","","","","","","","","","","","","","","","","","","","","",""
"2026-08-19 22:00:05","15.3s","32eb9fc318194f559c7a2fd4ccfc40a0","team02_s202_final_xgboost","NOTEBOOK","S202_8440104B_02_xgboost_model_comparison_against_logistic_regression_baseline_v5.ipynb","sagemaker-user","FINISHED","","","","","0.5","","","","","","","5","full","","","","aucpr","","","253680","","","","0.03","4","","","","","","450","1c306795c01e4baab6749ff6e1a02aee","","'-1","","","","binary:logistic","","","","","cv_pr_auc_mean","1.0","253680","6244bec277fe3cefce56d46c583a4c5eb73f179ef64c8a1b18557fd0200105c5","","test_auc_roc","0.75","42","","","","","3.0","","","","xgb_candidate_29","ca394976155b4abd9861104670786c71","","","","","XGBoost","","","","","","","","","","","","","","","","12de3cf4074e8656a059c938acbe27143794910116dda3dc217a101698a368c1","","","f1","","d195dfed8e2b4c3b9abc106d624d1057","","93531a7b366471a63d29fd970abad6c5d04a2f933f9ffb2aa38dce1c7b286d65","hist","","","","","","","","","","","","","","","","","","","","","","","","","","","","","","","4375","0.0862","","","","","","","","","","","","","","","","","","","","","","","","","","0.4937","","","","","","","","","","","","","","","","","","","","","","","","0.5","0.4595","0.8254","","8","0.7982","0.8248","","0.7263","0.1339","","","0.4924","0.5625","","","3027","","7214","0.1688","0.4644","0.4078","0.6214","","0.8312","35527","4968","","","0.4937","0.8002","0.8304","0.7315","0.1328","0.4989","0.5707","11792","","28763","0.1682","0.4703","0.4124","0.6313","0.8318","142199","20190","","","","","","","","true","","","","","","","","ITI113","26S1","team02","s202","team02","s202","diabetes","sagemaker_mlflow_app","arn:aws:sagemaker:ap-southeast-1:044528205969:mlflow-app/app-YHNC33FF6GPZ","20260819T134706Z","full","1.0","s3://nyp-26s1-iti113/iti113/team02/data/diabetes/cleaned/diabetes_binary_cleaned_dataset.csv","final_holdout_evaluation","XGBoost","false","ca394976155b4abd9861104670786c71","xgb_candidate_29","","","","","","","","","","","","","","","","","","","","","","","","","","","","","","","","","","","","","",""
"2026-08-19 21:59:56","1.1s","d195dfed8e2b4c3b9abc106d624d1057","team02_s202_xgb_threshold_tuning","NOTEBOOK","S202_8440104B_02_xgboost_model_comparison_against_logistic_regression_baseline_v5.ipynb","sagemaker-user","FINISHED","","","","","","","","","","","","5","full","","","","","","","","","","","","","","","","","","","","","","","91","","","","","","","","1.0","253680","","","","","","","","","","","","","","","","","0.03","4","","","450","3.0","","","","","","","","","","","","","","","0.95","0.05","f1","0.01","","","","","","","","","","","","","","","","","","","","","","","","","","","","","","","","","","","","","","","","","","","","","","","","","","","","","","0.7278","0.4937","","","0.4076","0.6258","","0.5","","","","","","","","0.7278","0.4937","","","0.4076","0.6258","","0.5","","","","","","","","","","","","","","","","","","","","","","","","","","","","","","","","","","","","","","","","","","","","","","","","","","","","","","","","","","","","","","","","","","","","","","","ITI113","26S1","team02","s202","team02","s202","diabetes","sagemaker_mlflow_app","arn:aws:sagemaker:ap-southeast-1:044528205969:mlflow-app/app-YHNC33FF6GPZ","20260819T134706Z","full","1.0","s3://nyp-26s1-iti113/iti113/team02/data/diabetes/cleaned/diabetes_binary_cleaned_dataset.csv","threshold_tuning","XGBoost","false","ca394976155b4abd9861104670786c71","","","","","","","","","","","","","","","","","","","","","","","","","","","","","","","","","","","","","","",""
"2026-08-19 21:57:14","1.9min","1c306795c01e4baab6749ff6e1a02aee","team02_s202_xgb_n_estimators_refinement","NOTEBOOK","S202_8440104B_02_xgboost_model_comparison_against_logistic_regression_baseline_v5.ipynb","sagemaker-user","FINISHED","","","","","","0.8","","","","","","5","","","","","","","","","0.05","","","0.03","4","","5.0","","","[150, 250, 350, 450, 600]","","","","","","","0.0015","","","","","","cv_pr_auc_mean","","","","","","","","","0.1","10.0","","3.0","","","","","","","","","","","","","","","","","","","","","","","0.8","","","","","","","","","","","","","","","","","","","","","","","","","","","","0.4606","","","","","","","","","","","","","","","","","","","","","","","","","","","","","","","","","","","","","","","","","","","","","","","","","","","","","","","","","","","","450","","0.4937","0.4603","0.8256","","","","","","","","","","","","","","","","","","","","","","","","","","","","","","","","","","","","","","","","","","","","","","","","","","","","","","","","","","","","","","ITI113","26S1","team02","s202","team02","s202","diabetes","sagemaker_mlflow_app","arn:aws:sagemaker:ap-southeast-1:044528205969:mlflow-app/app-YHNC33FF6GPZ","20260819T134706Z","full","1.0","s3://nyp-26s1-iti113/iti113/team02/data/diabetes/cleaned/diabetes_binary_cleaned_dataset.csv","n_estimators_refinement","XGBoost","false","ca394976155b4abd9861104670786c71","","","","","","","","","","","","","","","","","","","","","","","","","","","","","","","","","","","","","","",""
"2026-08-19 21:56:49","22.6s","51d2570d91014699802a13ce928bda5b","xgb_candidate_30","NOTEBOOK","S202_8440104B_02_xgboost_model_comparison_against_logistic_regression_baseline_v5.ipynb","sagemaker-user","FINISHED","","","","","","0.8","","","","","","5","full","","","","aucpr","","","","0.05","","","0.03","4","","5","XGBClassifier","","","350","","","'-1","","","","binary:logistic","","","","","","1.0","253680","6244bec277fe3cefce56d46c583a4c5eb73f179ef64c8a1b18557fd0200105c5","","","","42","","0.1","10.0","","4.0","","","","","","","","","","","","","","","","","","","","","","5","0.8","","","12de3cf4074e8656a059c938acbe27143794910116dda3dc217a101698a368c1","","","","","","","93531a7b366471a63d29fd970abad6c5d04a2f933f9ffb2aa38dce1c7b286d65","hist","","","","","","","","","","","","","","","","","","","","","","","","","","","","","","","","","","","","","","0.7427","0.0037","0.4858","0.0035","0.4597","0.006","0.3678","0.0022","0.7155","0.0086","0.8254","0.0021","","","","","","","","","","","","","","","","","","","","","","","","","","","","","","","","","","","","","","","","","","","","","","","","","","","","","","","","","","","","","","","","","","","","","","","","","","","","","","","","","","","","","","","","","","","","","","ITI113","26S1","team02","s202","team02","s202","diabetes","sagemaker_mlflow_app","arn:aws:sagemaker:ap-southeast-1:044528205969:mlflow-app/app-YHNC33FF6GPZ","20260819T134706Z","full","1.0","s3://nyp-26s1-iti113/iti113/team02/data/diabetes/cleaned/diabetes_binary_cleaned_dataset.csv","tuning_candidate","XGBoost","true","","","","","","","","","30","5","","","","","","","","","","","","","","","","","","","","","","","","","","","","","",""
"2026-08-19 21:56:26","22.6s","ca394976155b4abd9861104670786c71","xgb_candidate_29","NOTEBOOK","S202_8440104B_02_xgboost_model_comparison_against_logistic_regression_baseline_v5.ipynb","sagemaker-user","FINISHED","","","","","","0.8","","","","","","5","full","","","","aucpr","","","","0.05","","","0.03","4","","5","XGBClassifier","","","350","","","'-1","","","","binary:logistic","","","","","","1.0","253680","6244bec277fe3cefce56d46c583a4c5eb73f179ef64c8a1b18557fd0200105c5","","","","42","","0.1","10.0","","3.0","","","","","","","","","","","","","","","","","","","","","","5","0.8","","","12de3cf4074e8656a059c938acbe27143794910116dda3dc217a101698a368c1","","","","","","","93531a7b366471a63d29fd970abad6c5d04a2f933f9ffb2aa38dce1c7b286d65","hist","","","","","","","","","","","","","","","","","","","","","","","","","","","","","","","","","","","","","","0.727","0.0042","0.4927","0.0052","0.4595","0.0059","0.407","0.0038","0.6241","0.0082","0.8254","0.0021","","","","","","","","","","","","","","","","","","","","","","","","","","","","","","","","","","","","","","","","","","","","","","","","","","","","","","","","","","","","","","","","","","","","","","","","","","","","","","","","","","","","","","","","","","","","","","ITI113","26S1","team02","s202","team02","s202","diabetes","sagemaker_mlflow_app","arn:aws:sagemaker:ap-southeast-1:044528205969:mlflow-app/app-YHNC33FF6GPZ","20260819T134706Z","full","1.0","s3://nyp-26s1-iti113/iti113/team02/data/diabetes/cleaned/diabetes_binary_cleaned_dataset.csv","tuning_candidate","XGBoost","true","","","","","","","","","29","5","","","","","","","","","","","","","","","","","","","","","","","","","","","","","",""
"2026-08-19 21:56:03","22.8s","9f62bba5e456455698b4789e7260d136","xgb_candidate_28","NOTEBOOK","S202_8440104B_02_xgboost_model_comparison_against_logistic_regression_baseline_v5.ipynb","sagemaker-user","FINISHED","","","","","","0.8","","","","","","5","full","","","","aucpr","","","","0.05","","","0.03","4","","5","XGBClassifier","","","350","","","'-1","","","","binary:logistic","","","","","","1.0","253680","6244bec277fe3cefce56d46c583a4c5eb73f179ef64c8a1b18557fd0200105c5","","","","42","","0.1","10.0","","2.5","","","","","","","","","","","","","","","","","","","","","","5","0.8","","","12de3cf4074e8656a059c938acbe27143794910116dda3dc217a101698a368c1","","","","","","","93531a7b366471a63d29fd970abad6c5d04a2f933f9ffb2aa38dce1c7b286d65","hist","","","","","","","","","","","","","","","","","","","","","","","","","","","","","","","","","","","","","","0.7114","0.0039","0.4889","0.0052","0.4599","0.0059","0.4347","0.0037","0.5587","0.0078","0.8254","0.0021","","","","","","","","","","","","","","","","","","","","","","","","","","","","","","","","","","","","","","","","","","","","","","","","","","","","","","","","","","","","","","","","","","","","","","","","","","","","","","","","","","","","","","","","","","","","","","ITI113","26S1","team02","s202","team02","s202","diabetes","sagemaker_mlflow_app","arn:aws:sagemaker:ap-southeast-1:044528205969:mlflow-app/app-YHNC33FF6GPZ","20260819T134706Z","full","1.0","s3://nyp-26s1-iti113/iti113/team02/data/diabetes/cleaned/diabetes_binary_cleaned_dataset.csv","tuning_candidate","XGBoost","true","","","","","","","","","28","5","","","","","","","","","","","","","","","","","","","","","","","","","","","","","",""
"2026-08-19 21:55:40","22.6s","de828fb958ad421e9d935743505f0ab4","xgb_candidate_27","NOTEBOOK","S202_8440104B_02_xgboost_model_comparison_against_logistic_regression_baseline_v5.ipynb","sagemaker-user","FINISHED","","","","","","0.8","","","","","","5","full","","","","aucpr","","","","0.05","","","0.03","4","","5","XGBClassifier","","","350","","","'-1","","","","binary:logistic","","","","","","1.0","253680","6244bec277fe3cefce56d46c583a4c5eb73f179ef64c8a1b18557fd0200105c5","","","","42","","0.1","10.0","","2.0","","","","","","","","","","","","","","","","","","","","","","5","0.8","","","12de3cf4074e8656a059c938acbe27143794910116dda3dc217a101698a368c1","","","","","","","93531a7b366471a63d29fd970abad6c5d04a2f933f9ffb2aa38dce1c7b286d65","hist","","","","","","","","","","","","","","","","","","","","","","","","","","","","","","","","","","","","","","0.6842","0.0035","0.4681","0.0056","0.4599","0.0059","0.4688","0.0047","0.4675","0.0067","0.8254","0.0021","","","","","","","","","","","","","","","","","","","","","","","","","","","","","","","","","","","","","","","","","","","","","","","","","","","","","","","","","","","","","","","","","","","","","","","","","","","","","","","","","","","","","","","","","","","","","","ITI113","26S1","team02","s202","team02","s202","diabetes","sagemaker_mlflow_app","arn:aws:sagemaker:ap-southeast-1:044528205969:mlflow-app/app-YHNC33FF6GPZ","20260819T134706Z","full","1.0","s3://nyp-26s1-iti113/iti113/team02/data/diabetes/cleaned/diabetes_binary_cleaned_dataset.csv","tuning_candidate","XGBoost","true","","","","","","","","","27","5","","","","","","","","","","","","","","","","","","","","","","","","","","","","","",""
"2026-08-19 21:55:18","22.4s","b161c6ca4ff446eebde51ac43a46f85e","xgb_candidate_26","NOTEBOOK","S202_8440104B_02_xgboost_model_comparison_against_logistic_regression_baseline_v5.ipynb","sagemaker-user","FINISHED","","","","","","0.8","","","","","","5","full","","","","aucpr","","","","0.05","","","0.03","4","","5","XGBClassifier","","","350","","","'-1","","","","binary:logistic","","","","","","1.0","253680","6244bec277fe3cefce56d46c583a4c5eb73f179ef64c8a1b18557fd0200105c5","","","","42","","0.1","10.0","","1.5","","","","","","","","","","","","","","","","","","","","","","5","0.8","","","12de3cf4074e8656a059c938acbe27143794910116dda3dc217a101698a368c1","","","","","","","93531a7b366471a63d29fd970abad6c5d04a2f933f9ffb2aa38dce1c7b286d65","hist","","","","","","","","","","","","","","","","","","","","","","","","","","","","","","","","","","","","","","0.6445","0.0029","0.4175","0.0056","0.46","0.006","0.5167","0.006","0.3502","0.0054","0.8254","0.0021","","","","","","","","","","","","","","","","","","","","","","","","","","","","","","","","","","","","","","","","","","","","","","","","","","","","","","","","","","","","","","","","","","","","","","","","","","","","","","","","","","","","","","","","","","","","","","ITI113","26S1","team02","s202","team02","s202","diabetes","sagemaker_mlflow_app","arn:aws:sagemaker:ap-southeast-1:044528205969:mlflow-app/app-YHNC33FF6GPZ","20260819T134706Z","full","1.0","s3://nyp-26s1-iti113/iti113/team02/data/diabetes/cleaned/diabetes_binary_cleaned_dataset.csv","tuning_candidate","XGBoost","true","","","","","","","","","26","5","","","","","","","","","","","","","","","","","","","","","","","","","","","","","",""
"2026-08-19 21:54:55","22.5s","4c5ecca7ede742c58eee5a49d59a86a3","xgb_candidate_25","NOTEBOOK","S202_8440104B_02_xgboost_model_comparison_against_logistic_regression_baseline_v5.ipynb","sagemaker-user","FINISHED","","","","","","0.8","","","","","","5","full","","","","aucpr","","","","0.05","","","0.03","4","","5","XGBClassifier","","","350","","","'-1","","","","binary:logistic","","","","","","1.0","253680","6244bec277fe3cefce56d46c583a4c5eb73f179ef64c8a1b18557fd0200105c5","","","","42","","0.1","10.0","","1.0","","","","","","","","","","","","","","","","","","","","","","5","0.8","","","12de3cf4074e8656a059c938acbe27143794910116dda3dc217a101698a368c1","","","","","","","93531a7b366471a63d29fd970abad6c5d04a2f933f9ffb2aa38dce1c7b286d65","hist","","","","","","","","","","","","","","","","","","","","","","","","","","","","","","","","","","","","","","0.585","0.0028","0.2936","0.0071","0.46","0.0059","0.5867","0.0135","0.1958","0.0049","0.8254","0.0021","","","","","","","","","","","","","","","","","","","","","","","","","","","","","","","","","","","","","","","","","","","","","","","","","","","","","","","","","","","","","","","","","","","","","","","","","","","","","","","","","","","","","","","","","","","","","","ITI113","26S1","team02","s202","team02","s202","diabetes","sagemaker_mlflow_app","arn:aws:sagemaker:ap-southeast-1:044528205969:mlflow-app/app-YHNC33FF6GPZ","20260819T134706Z","full","1.0","s3://nyp-26s1-iti113/iti113/team02/data/diabetes/cleaned/diabetes_binary_cleaned_dataset.csv","tuning_candidate","XGBoost","true","","","","","","","","","25","5","","","","","","","","","","","","","","","","","","","","","","","","","","","","","",""
"2026-08-19 21:54:36","18.8s","ed003aa48dfc4100b571d251f5fee9c1","xgb_candidate_24","NOTEBOOK","S202_8440104B_02_xgboost_model_comparison_against_logistic_regression_baseline_v5.ipynb","sagemaker-user","FINISHED","","","","","","0.85","","","","","","5","full","","","","aucpr","","","","0.0","","","0.05","3","","5","XGBClassifier","","","350","","","'-1","","","","binary:logistic","","","","","","1.0","253680","6244bec277fe3cefce56d46c583a4c5eb73f179ef64c8a1b18557fd0200105c5","","","","42","","0.1","5.0","","4.0","","","","","","","","","","","","","","","","","","","","","","4","0.85","","","12de3cf4074e8656a059c938acbe27143794910116dda3dc217a101698a368c1","","","","","","","93531a7b366471a63d29fd970abad6c5d04a2f933f9ffb2aa38dce1c7b286d65","hist","","","","","","","","","","","","","","","","","","","","","","","","","","","","","","","","","","","","","","0.7427","0.0041","0.4859","0.004","0.4593","0.0058","0.3679","0.0023","0.7153","0.0089","0.8253","0.0021","","","","","","","","","","","","","","","","","","","","","","","","","","","","","","","","","","","","","","","","","","","","","","","","","","","","","","","","","","","","","","","","","","","","","","","","","","","","","","","","","","","","","","","","","","","","","","ITI113","26S1","team02","s202","team02","s202","diabetes","sagemaker_mlflow_app","arn:aws:sagemaker:ap-southeast-1:044528205969:mlflow-app/app-YHNC33FF6GPZ","20260819T134706Z","full","1.0","s3://nyp-26s1-iti113/iti113/team02/data/diabetes/cleaned/diabetes_binary_cleaned_dataset.csv","tuning_candidate","XGBoost","true","","","","","","","","","24","4","","","","","","","","","","","","","","","","","","","","","","","","","","","","","",""
"2026-08-19 21:54:17","18.7s","e23a14bc43e345f9bba98612f96d136c","xgb_candidate_23","NOTEBOOK","S202_8440104B_02_xgboost_model_comparison_against_logistic_regression_baseline_v5.ipynb","sagemaker-user","FINISHED","","","","","","0.85","","","","","","5","full","","","","aucpr","","","","0.0","","","0.05","3","","5","XGBClassifier","","","350","","","'-1","","","","binary:logistic","","","","","","1.0","253680","6244bec277fe3cefce56d46c583a4c5eb73f179ef64c8a1b18557fd0200105c5","","","","42","","0.1","5.0","","3.0","","","","","","","","","","","","","","","","","","","","","","4","0.85","","","12de3cf4074e8656a059c938acbe27143794910116dda3dc217a101698a368c1","","","","","","","93531a7b366471a63d29fd970abad6c5d04a2f933f9ffb2aa38dce1c7b286d65","hist","","","","","","","","","","","","","","","","","","","","","","","","","","","","","","","","","","","","","","0.7264","0.0047","0.4922","0.0057","0.4593","0.0058","0.4072","0.004","0.6221","0.0092","0.8254","0.002","","","","","","","","","","","","","","","","","","","","","","","","","","","","","","","","","","","","","","","","","","","","","","","","","","","","","","","","","","","","","","","","","","","","","","","","","","","","","","","","","","","","","","","","","","","","","","ITI113","26S1","team02","s202","team02","s202","diabetes","sagemaker_mlflow_app","arn:aws:sagemaker:ap-southeast-1:044528205969:mlflow-app/app-YHNC33FF6GPZ","20260819T134706Z","full","1.0","s3://nyp-26s1-iti113/iti113/team02/data/diabetes/cleaned/diabetes_binary_cleaned_dataset.csv","tuning_candidate","XGBoost","true","","","","","","","","","23","4","","","","","","","","","","","","","","","","","","","","","","","","","","","","","",""
"2026-08-19 21:53:56","20.4s","46cf4ca197b14cfaac034d3b52289f01","xgb_candidate_22","NOTEBOOK","S202_8440104B_02_xgboost_model_comparison_against_logistic_regression_baseline_v5.ipynb","sagemaker-user","FINISHED","","","","","","0.85","","","","","","5","full","","","","aucpr","","","","0.0","","","0.05","3","","5","XGBClassifier","","","350","","","'-1","","","","binary:logistic","","","","","","1.0","253680","6244bec277fe3cefce56d46c583a4c5eb73f179ef64c8a1b18557fd0200105c5","","","","42","","0.1","5.0","","2.5","","","","","","","","","","","","","","","","","","","","","","4","0.85","","","12de3cf4074e8656a059c938acbe27143794910116dda3dc217a101698a368c1","","","","","","","93531a7b366471a63d29fd970abad6c5d04a2f933f9ffb2aa38dce1c7b286d65","hist","","","","","","","","","","","","","","","","","","","","","","","","","","","","","","","","","","","","","","0.7103","0.0037","0.488","0.0049","0.4597","0.0059","0.4351","0.0035","0.5556","0.0078","0.8254","0.0021","","","","","","","","","","","","","","","","","","","","","","","","","","","","","","","","","","","","","","","","","","","","","","","","","","","","","","","","","","","","","","","","","","","","","","","","","","","","","","","","","","","","","","","","","","","","","","ITI113","26S1","team02","s202","team02","s202","diabetes","sagemaker_mlflow_app","arn:aws:sagemaker:ap-southeast-1:044528205969:mlflow-app/app-YHNC33FF6GPZ","20260819T134706Z","full","1.0","s3://nyp-26s1-iti113/iti113/team02/data/diabetes/cleaned/diabetes_binary_cleaned_dataset.csv","tuning_candidate","XGBoost","true","","","","","","","","","22","4","","","","","","","","","","","","","","","","","","","","","","","","","","","","","",""
"2026-08-19 21:53:37","18.8s","ae508aa5207544a3bdf291252c5b259a","xgb_candidate_21","NOTEBOOK","S202_8440104B_02_xgboost_model_comparison_against_logistic_regression_baseline_v5.ipynb","sagemaker-user","FINISHED","","","","","","0.85","","","","","","5","full","","","","aucpr","","","","0.0","","","0.05","3","","5","XGBClassifier","","","350","","","'-1","","","","binary:logistic","","","","","","1.0","253680","6244bec277fe3cefce56d46c583a4c5eb73f179ef64c8a1b18557fd0200105c5","","","","42","","0.1","5.0","","2.0","","","","","","","","","","","","","","","","","","","","","","4","0.85","","","12de3cf4074e8656a059c938acbe27143794910116dda3dc217a101698a368c1","","","","","","","93531a7b366471a63d29fd970abad6c5d04a2f933f9ffb2aa38dce1c7b286d65","hist","","","","","","","","","","","","","","","","","","","","","","","","","","","","","","","","","","","","","","0.6837","0.004","0.4676","0.0062","0.4596","0.0059","0.4696","0.0047","0.4658","0.008","0.8253","0.002","","","","","","","","","","","","","","","","","","","","","","","","","","","","","","","","","","","","","","","","","","","","","","","","","","","","","","","","","","","","","","","","","","","","","","","","","","","","","","","","","","","","","","","","","","","","","","ITI113","26S1","team02","s202","team02","s202","diabetes","sagemaker_mlflow_app","arn:aws:sagemaker:ap-southeast-1:044528205969:mlflow-app/app-YHNC33FF6GPZ","20260819T134706Z","full","1.0","s3://nyp-26s1-iti113/iti113/team02/data/diabetes/cleaned/diabetes_binary_cleaned_dataset.csv","tuning_candidate","XGBoost","true","","","","","","","","","21","4","","","","","","","","","","","","","","","","","","","","","","","","","","","","","",""
"2026-08-19 21:53:18","19.5s","5beb4b1f81284cb69cc57d34b2d6da6d","xgb_candidate_20","NOTEBOOK","S202_8440104B_02_xgboost_model_comparison_against_logistic_regression_baseline_v5.ipynb","sagemaker-user","FINISHED","","","","","","0.85","","","","","","5","full","","","","aucpr","","","","0.0","","","0.05","3","","5","XGBClassifier","","","350","","","'-1","","","","binary:logistic","","","","","","1.0","253680","6244bec277fe3cefce56d46c583a4c5eb73f179ef64c8a1b18557fd0200105c5","","","","42","","0.1","5.0","","1.5","","","","","","","","","","","","","","","","","","","","","","4","0.85","","","12de3cf4074e8656a059c938acbe27143794910116dda3dc217a101698a368c1","","","","","","","93531a7b366471a63d29fd970abad6c5d04a2f933f9ffb2aa38dce1c7b286d65","hist","","","","","","","","","","","","","","","","","","","","","","","","","","","","","","","","","","","","","","0.6445","0.0023","0.4175","0.0044","0.4598","0.0059","0.5166","0.0055","0.3503","0.0046","0.8253","0.0021","","","","","","","","","","","","","","","","","","","","","","","","","","","","","","","","","","","","","","","","","","","","","","","","","","","","","","","","","","","","","","","","","","","","","","","","","","","","","","","","","","","","","","","","","","","","","","ITI113","26S1","team02","s202","team02","s202","diabetes","sagemaker_mlflow_app","arn:aws:sagemaker:ap-southeast-1:044528205969:mlflow-app/app-YHNC33FF6GPZ","20260819T134706Z","full","1.0","s3://nyp-26s1-iti113/iti113/team02/data/diabetes/cleaned/diabetes_binary_cleaned_dataset.csv","tuning_candidate","XGBoost","true","","","","","","","","","20","4","","","","","","","","","","","","","","","","","","","","","","","","","","","","","",""
"2026-08-19 21:52:59","18.7s","f23b6d7c689f4628ad9bf13fdf667d6b","xgb_candidate_19","NOTEBOOK","S202_8440104B_02_xgboost_model_comparison_against_logistic_regression_baseline_v5.ipynb","sagemaker-user","FINISHED","","","","","","0.85","","","","","","5","full","","","","aucpr","","","","0.0","","","0.05","3","","5","XGBClassifier","","","350","","","'-1","","","","binary:logistic","","","","","","1.0","253680","6244bec277fe3cefce56d46c583a4c5eb73f179ef64c8a1b18557fd0200105c5","","","","42","","0.1","5.0","","1.0","","","","","","","","","","","","","","","","","","","","","","4","0.85","","","12de3cf4074e8656a059c938acbe27143794910116dda3dc217a101698a368c1","","","","","","","93531a7b366471a63d29fd970abad6c5d04a2f933f9ffb2aa38dce1c7b286d65","hist","","","","","","","","","","","","","","","","","","","","","","","","","","","","","","","","","","","","","","0.5874","0.0028","0.2998","0.007","0.4598","0.0061","0.5839","0.0128","0.2016","0.0049","0.8254","0.0022","","","","","","","","","","","","","","","","","","","","","","","","","","","","","","","","","","","","","","","","","","","","","","","","","","","","","","","","","","","","","","","","","","","","","","","","","","","","","","","","","","","","","","","","","","","","","","ITI113","26S1","team02","s202","team02","s202","diabetes","sagemaker_mlflow_app","arn:aws:sagemaker:ap-southeast-1:044528205969:mlflow-app/app-YHNC33FF6GPZ","20260819T134706Z","full","1.0","s3://nyp-26s1-iti113/iti113/team02/data/diabetes/cleaned/diabetes_binary_cleaned_dataset.csv","tuning_candidate","XGBoost","true","","","","","","","","","19","4","","","","","","","","","","","","","","","","","","","","","","","","","","","","","",""
"2026-08-19 21:52:39","19.5s","92fb768905524ef0bfb5de36d6c5f897","xgb_candidate_18","NOTEBOOK","S202_8440104B_02_xgboost_model_comparison_against_logistic_regression_baseline_v5.ipynb","sagemaker-user","FINISHED","","","","","","0.9","","","","","","5","full","","","","aucpr","","","","0.0","","","0.03","3","","3","XGBClassifier","","","350","","","'-1","","","","binary:logistic","","","","","","1.0","253680","6244bec277fe3cefce56d46c583a4c5eb73f179ef64c8a1b18557fd0200105c5","","","","42","","0.05","5.0","","4.0","","","","","","","","","","","","","","","","","","","","","","3","0.85","","","12de3cf4074e8656a059c938acbe27143794910116dda3dc217a101698a368c1","","","","","","","93531a7b366471a63d29fd970abad6c5d04a2f933f9ffb2aa38dce1c7b286d65","hist","","","","","","","","","","","","","","","","","","","","","","","","","","","","","","","","","","","","","","0.7419","0.0034","0.4855","0.0032","0.4576","0.0055","0.3683","0.002","0.7123","0.0079","0.8248","0.002","","","","","","","","","","","","","","","","","","","","","","","","","","","","","","","","","","","","","","","","","","","","","","","","","","","","","","","","","","","","","","","","","","","","","","","","","","","","","","","","","","","","","","","","","","","","","","ITI113","26S1","team02","s202","team02","s202","diabetes","sagemaker_mlflow_app","arn:aws:sagemaker:ap-southeast-1:044528205969:mlflow-app/app-YHNC33FF6GPZ","20260819T134706Z","full","1.0","s3://nyp-26s1-iti113/iti113/team02/data/diabetes/cleaned/diabetes_binary_cleaned_dataset.csv","tuning_candidate","XGBoost","true","","","","","","","","","18","3","","","","","","","","","","","","","","","","","","","","","","","","","","","","","",""
"2026-08-19 21:52:19","19.6s","ad0571eb285d4fa8864e11af1cf8ae29","xgb_candidate_17","NOTEBOOK","S202_8440104B_02_xgboost_model_comparison_against_logistic_regression_baseline_v5.ipynb","sagemaker-user","FINISHED","","","","","","0.9","","","","","","5","full","","","","aucpr","","","","0.0","","","0.03","3","","3","XGBClassifier","","","350","","","'-1","","","","binary:logistic","","","","","","1.0","253680","6244bec277fe3cefce56d46c583a4c5eb73f179ef64c8a1b18557fd0200105c5","","","","42","","0.05","5.0","","3.0","","","","","","","","","","","","","","","","","","","","","","3","0.85","","","12de3cf4074e8656a059c938acbe27143794910116dda3dc217a101698a368c1","","","","","","","93531a7b366471a63d29fd970abad6c5d04a2f933f9ffb2aa38dce1c7b286d65","hist","","","","","","","","","","","","","","","","","","","","","","","","","","","","","","","","","","","","","","0.7253","0.0047","0.4919","0.0059","0.4578","0.0057","0.4087","0.0042","0.6178","0.0091","0.8248","0.0021","","","","","","","","","","","","","","","","","","","","","","","","","","","","","","","","","","","","","","","","","","","","","","","","","","","","","","","","","","","","","","","","","","","","","","","","","","","","","","","","","","","","","","","","","","","","","","ITI113","26S1","team02","s202","team02","s202","diabetes","sagemaker_mlflow_app","arn:aws:sagemaker:ap-southeast-1:044528205969:mlflow-app/app-YHNC33FF6GPZ","20260819T134706Z","full","1.0","s3://nyp-26s1-iti113/iti113/team02/data/diabetes/cleaned/diabetes_binary_cleaned_dataset.csv","tuning_candidate","XGBoost","true","","","","","","","","","17","3","","","","","","","","","","","","","","","","","","","","","","","","","","","","","",""
"2026-08-19 21:51:59","19.6s","2dde2fb2c3364a8290f3857c57a23dcb","xgb_candidate_16","NOTEBOOK","S202_8440104B_02_xgboost_model_comparison_against_logistic_regression_baseline_v5.ipynb","sagemaker-user","FINISHED","","","","","","0.9","","","","","","5","full","","","","aucpr","","","","0.0","","","0.03","3","","3","XGBClassifier","","","350","","","'-1","","","","binary:logistic","","","","","","1.0","253680","6244bec277fe3cefce56d46c583a4c5eb73f179ef64c8a1b18557fd0200105c5","","","","42","","0.05","5.0","","2.5","","","","","","","","","","","","","","","","","","","","","","3","0.85","","","12de3cf4074e8656a059c938acbe27143794910116dda3dc217a101698a368c1","","","","","","","93531a7b366471a63d29fd970abad6c5d04a2f933f9ffb2aa38dce1c7b286d65","hist","","","","","","","","","","","","","","","","","","","","","","","","","","","","","","","","","","","","","","0.7078","0.0043","0.4857","0.0059","0.4577","0.0057","0.4361","0.0043","0.5481","0.0087","0.8248","0.0021","","","","","","","","","","","","","","","","","","","","","","","","","","","","","","","","","","","","","","","","","","","","","","","","","","","","","","","","","","","","","","","","","","","","","","","","","","","","","","","","","","","","","","","","","","","","","","ITI113","26S1","team02","s202","team02","s202","diabetes","sagemaker_mlflow_app","arn:aws:sagemaker:ap-southeast-1:044528205969:mlflow-app/app-YHNC33FF6GPZ","20260819T134706Z","full","1.0","s3://nyp-26s1-iti113/iti113/team02/data/diabetes/cleaned/diabetes_binary_cleaned_dataset.csv","tuning_candidate","XGBoost","true","","","","","","","","","16","3","","","","","","","","","","","","","","","","","","","","","","","","","","","","","",""
"2026-08-19 21:51:40","19.3s","f6a41aaf31654efaa23e7ec40307b2f2","xgb_candidate_15","NOTEBOOK","S202_8440104B_02_xgboost_model_comparison_against_logistic_regression_baseline_v5.ipynb","sagemaker-user","FINISHED","","","","","","0.9","","","","","","5","full","","","","aucpr","","","","0.0","","","0.03","3","","3","XGBClassifier","","","350","","","'-1","","","","binary:logistic","","","","","","1.0","253680","6244bec277fe3cefce56d46c583a4c5eb73f179ef64c8a1b18557fd0200105c5","","","","42","","0.05","5.0","","2.0","","","","","","","","","","","","","","","","","","","","","","3","0.85","","","12de3cf4074e8656a059c938acbe27143794910116dda3dc217a101698a368c1","","","","","","","93531a7b366471a63d29fd970abad6c5d04a2f933f9ffb2aa38dce1c7b286d65","hist","","","","","","","","","","","","","","","","","","","","","","","","","","","","","","","","","","","","","","0.6813","0.0038","0.4651","0.0061","0.4579","0.0057","0.4717","0.0053","0.4586","0.0075","0.8248","0.0021","","","","","","","","","","","","","","","","","","","","","","","","","","","","","","","","","","","","","","","","","","","","","","","","","","","","","","","","","","","","","","","","","","","","","","","","","","","","","","","","","","","","","","","","","","","","","","ITI113","26S1","team02","s202","team02","s202","diabetes","sagemaker_mlflow_app","arn:aws:sagemaker:ap-southeast-1:044528205969:mlflow-app/app-YHNC33FF6GPZ","20260819T134706Z","full","1.0","s3://nyp-26s1-iti113/iti113/team02/data/diabetes/cleaned/diabetes_binary_cleaned_dataset.csv","tuning_candidate","XGBoost","true","","","","","","","","","15","3","","","","","","","","","","","","","","","","","","","","","","","","","","","","","",""
"2026-08-19 21:51:20","19.3s","9fe6bdf2df9f4b7ea4b01e7029c4f0da","xgb_candidate_14","NOTEBOOK","S202_8440104B_02_xgboost_model_comparison_against_logistic_regression_baseline_v5.ipynb","sagemaker-user","FINISHED","","","","","","0.9","","","","","","5","full","","","","aucpr","","","","0.0","","","0.03","3","","3","XGBClassifier","","","350","","","'-1","","","","binary:logistic","","","","","","1.0","253680","6244bec277fe3cefce56d46c583a4c5eb73f179ef64c8a1b18557fd0200105c5","","","","42","","0.05","5.0","","1.5","","","","","","","","","","","","","","","","","","","","","","3","0.85","","","12de3cf4074e8656a059c938acbe27143794910116dda3dc217a101698a368c1","","","","","","","93531a7b366471a63d29fd970abad6c5d04a2f933f9ffb2aa38dce1c7b286d65","hist","","","","","","","","","","","","","","","","","","","","","","","","","","","","","","","","","","","","","","0.6408","0.0031","0.4112","0.0059","0.4578","0.0056","0.5176","0.006","0.3411","0.0063","0.8247","0.0021","","","","","","","","","","","","","","","","","","","","","","","","","","","","","","","","","","","","","","","","","","","","","","","","","","","","","","","","","","","","","","","","","","","","","","","","","","","","","","","","","","","","","","","","","","","","","","ITI113","26S1","team02","s202","team02","s202","diabetes","sagemaker_mlflow_app","arn:aws:sagemaker:ap-southeast-1:044528205969:mlflow-app/app-YHNC33FF6GPZ","20260819T134706Z","full","1.0","s3://nyp-26s1-iti113/iti113/team02/data/diabetes/cleaned/diabetes_binary_cleaned_dataset.csv","tuning_candidate","XGBoost","true","","","","","","","","","14","3","","","","","","","","","","","","","","","","","","","","","","","","","","","","","",""
"2026-08-19 21:51:01","19.5s","bd3fe907b5864535a84b4bb37654cce6","xgb_candidate_13","NOTEBOOK","S202_8440104B_02_xgboost_model_comparison_against_logistic_regression_baseline_v5.ipynb","sagemaker-user","FINISHED","","","","","","0.9","","","","","","5","full","","","","aucpr","","","","0.0","","","0.03","3","","3","XGBClassifier","","","350","","","'-1","","","","binary:logistic","","","","","","1.0","253680","6244bec277fe3cefce56d46c583a4c5eb73f179ef64c8a1b18557fd0200105c5","","","","42","","0.05","5.0","","1.0","","","","","","","","","","","","","","","","","","","","","","3","0.85","","","12de3cf4074e8656a059c938acbe27143794910116dda3dc217a101698a368c1","","","","","","","93531a7b366471a63d29fd970abad6c5d04a2f933f9ffb2aa38dce1c7b286d65","hist","","","","","","","","","","","","","","","","","","","","","","","","","","","","","","","","","","","","","","0.584","0.0025","0.2911","0.0064","0.4578","0.0058","0.5862","0.013","0.1936","0.0045","0.8247","0.0021","","","","","","","","","","","","","","","","","","","","","","","","","","","","","","","","","","","","","","","","","","","","","","","","","","","","","","","","","","","","","","","","","","","","","","","","","","","","","","","","","","","","","","","","","","","","","","ITI113","26S1","team02","s202","team02","s202","diabetes","sagemaker_mlflow_app","arn:aws:sagemaker:ap-southeast-1:044528205969:mlflow-app/app-YHNC33FF6GPZ","20260819T134706Z","full","1.0","s3://nyp-26s1-iti113/iti113/team02/data/diabetes/cleaned/diabetes_binary_cleaned_dataset.csv","tuning_candidate","XGBoost","true","","","","","","","","","13","3","","","","","","","","","","","","","","","","","","","","","","","","","","","","","",""
"2026-08-19 21:50:45","15.9s","0cf8dce267a6411d85062eda6bacbfab","xgb_candidate_12","NOTEBOOK","S202_8440104B_02_xgboost_model_comparison_against_logistic_regression_baseline_v5.ipynb","sagemaker-user","FINISHED","","","","","","0.9","","","","","","5","full","","","","aucpr","","","","0.0","","","0.05","2","","3","XGBClassifier","","","350","","","'-1","","","","binary:logistic","","","","","","1.0","253680","6244bec277fe3cefce56d46c583a4c5eb73f179ef64c8a1b18557fd0200105c5","","","","42","","0.05","3.0","","4.0","","","","","","","","","","","","","","","","","","","","","","2","0.9","","","12de3cf4074e8656a059c938acbe27143794910116dda3dc217a101698a368c1","","","","","","","93531a7b366471a63d29fd970abad6c5d04a2f933f9ffb2aa38dce1c7b286d65","hist","","","","","","","","","","","","","","","","","","","","","","","","","","","","","","","","","","","","","","0.7409","0.0036","0.4863","0.0036","0.4567","0.0049","0.371","0.0023","0.7057","0.008","0.8245","0.0021","","","","","","","","","","","","","","","","","","","","","","","","","","","","","","","","","","","","","","","","","","","","","","","","","","","","","","","","","","","","","","","","","","","","","","","","","","","","","","","","","","","","","","","","","","","","","","ITI113","26S1","team02","s202","team02","s202","diabetes","sagemaker_mlflow_app","arn:aws:sagemaker:ap-southeast-1:044528205969:mlflow-app/app-YHNC33FF6GPZ","20260819T134706Z","full","1.0","s3://nyp-26s1-iti113/iti113/team02/data/diabetes/cleaned/diabetes_binary_cleaned_dataset.csv","tuning_candidate","XGBoost","true","","","","","","","","","12","2","","","","","","","","","","","","","","","","","","","","","","","","","","","","","",""
"2026-08-19 21:50:29","15.9s","50ccad97ed13433285852ab6842f5bf8","xgb_candidate_11","NOTEBOOK","S202_8440104B_02_xgboost_model_comparison_against_logistic_regression_baseline_v5.ipynb","sagemaker-user","FINISHED","","","","","","0.9","","","","","","5","full","","","","aucpr","","","","0.0","","","0.05","2","","3","XGBClassifier","","","350","","","'-1","","","","binary:logistic","","","","","","1.0","253680","6244bec277fe3cefce56d46c583a4c5eb73f179ef64c8a1b18557fd0200105c5","","","","42","","0.05","3.0","","3.0","","","","","","","","","","","","","","","","","","","","","","2","0.9","","","12de3cf4074e8656a059c938acbe27143794910116dda3dc217a101698a368c1","","","","","","","93531a7b366471a63d29fd970abad6c5d04a2f933f9ffb2aa38dce1c7b286d65","hist","","","","","","","","","","","","","","","","","","","","","","","","","","","","","","","","","","","","","","0.7233","0.0052","0.4912","0.0064","0.457","0.005","0.4112","0.0044","0.61","0.0103","0.8245","0.0022","","","","","","","","","","","","","","","","","","","","","","","","","","","","","","","","","","","","","","","","","","","","","","","","","","","","","","","","","","","","","","","","","","","","","","","","","","","","","","","","","","","","","","","","","","","","","","ITI113","26S1","team02","s202","team02","s202","diabetes","sagemaker_mlflow_app","arn:aws:sagemaker:ap-southeast-1:044528205969:mlflow-app/app-YHNC33FF6GPZ","20260819T134706Z","full","1.0","s3://nyp-26s1-iti113/iti113/team02/data/diabetes/cleaned/diabetes_binary_cleaned_dataset.csv","tuning_candidate","XGBoost","true","","","","","","","","","11","2","","","","","","","","","","","","","","","","","","","","","","","","","","","","","",""
"2026-08-19 21:50:13","15.7s","b0c1c16897bf4652978e6d0e965eb4b8","xgb_candidate_10","NOTEBOOK","S202_8440104B_02_xgboost_model_comparison_against_logistic_regression_baseline_v5.ipynb","sagemaker-user","FINISHED","","","","","","0.9","","","","","","5","full","","","","aucpr","","","","0.0","","","0.05","2","","3","XGBClassifier","","","350","","","'-1","","","","binary:logistic","","","","","","1.0","253680","6244bec277fe3cefce56d46c583a4c5eb73f179ef64c8a1b18557fd0200105c5","","","","42","","0.05","3.0","","2.5","","","","","","","","","","","","","","","","","","","","","","2","0.9","","","12de3cf4074e8656a059c938acbe27143794910116dda3dc217a101698a368c1","","","","","","","93531a7b366471a63d29fd970abad6c5d04a2f933f9ffb2aa38dce1c7b286d65","hist","","","","","","","","","","","","","","","","","","","","","","","","","","","","","","","","","","","","","","0.707","0.0041","0.4859","0.0058","0.4569","0.005","0.439","0.0046","0.5441","0.0079","0.8245","0.0022","","","","","","","","","","","","","","","","","","","","","","","","","","","","","","","","","","","","","","","","","","","","","","","","","","","","","","","","","","","","","","","","","","","","","","","","","","","","","","","","","","","","","","","","","","","","","","ITI113","26S1","team02","s202","team02","s202","diabetes","sagemaker_mlflow_app","arn:aws:sagemaker:ap-southeast-1:044528205969:mlflow-app/app-YHNC33FF6GPZ","20260819T134706Z","full","1.0","s3://nyp-26s1-iti113/iti113/team02/data/diabetes/cleaned/diabetes_binary_cleaned_dataset.csv","tuning_candidate","XGBoost","true","","","","","","","","","10","2","","","","","","","","","","","","","","","","","","","","","","","","","","","","","",""
"2026-08-19 21:49:56","16.0s","cd5b4b9871f44684be6c0479ae83da03","xgb_candidate_09","NOTEBOOK","S202_8440104B_02_xgboost_model_comparison_against_logistic_regression_baseline_v5.ipynb","sagemaker-user","FINISHED","","","","","","0.9","","","","","","5","full","","","","aucpr","","","","0.0","","","0.05","2","","3","XGBClassifier","","","350","","","'-1","","","","binary:logistic","","","","","","1.0","253680","6244bec277fe3cefce56d46c583a4c5eb73f179ef64c8a1b18557fd0200105c5","","","","42","","0.05","3.0","","2.0","","","","","","","","","","","","","","","","","","","","","","2","0.9","","","12de3cf4074e8656a059c938acbe27143794910116dda3dc217a101698a368c1","","","","","","","93531a7b366471a63d29fd970abad6c5d04a2f933f9ffb2aa38dce1c7b286d65","hist","","","","","","","","","","","","","","","","","","","","","","","","","","","","","","","","","","","","","","0.6799","0.0035","0.4634","0.0057","0.457","0.005","0.4724","0.0054","0.4549","0.007","0.8244","0.0022","","","","","","","","","","","","","","","","","","","","","","","","","","","","","","","","","","","","","","","","","","","","","","","","","","","","","","","","","","","","","","","","","","","","","","","","","","","","","","","","","","","","","","","","","","","","","","ITI113","26S1","team02","s202","team02","s202","diabetes","sagemaker_mlflow_app","arn:aws:sagemaker:ap-southeast-1:044528205969:mlflow-app/app-YHNC33FF6GPZ","20260819T134706Z","full","1.0","s3://nyp-26s1-iti113/iti113/team02/data/diabetes/cleaned/diabetes_binary_cleaned_dataset.csv","tuning_candidate","XGBoost","true","","","","","","","","","9","2","","","","","","","","","","","","","","","","","","","","","","","","","","","","","",""
"2026-08-19 21:49:40","15.8s","11217b4fb5224479b8a571b4840ca37b","xgb_candidate_08","NOTEBOOK","S202_8440104B_02_xgboost_model_comparison_against_logistic_regression_baseline_v5.ipynb","sagemaker-user","FINISHED","","","","","","0.9","","","","","","5","full","","","","aucpr","","","","0.0","","","0.05","2","","3","XGBClassifier","","","350","","","'-1","","","","binary:logistic","","","","","","1.0","253680","6244bec277fe3cefce56d46c583a4c5eb73f179ef64c8a1b18557fd0200105c5","","","","42","","0.05","3.0","","1.5","","","","","","","","","","","","","","","","","","","","","","2","0.9","","","12de3cf4074e8656a059c938acbe27143794910116dda3dc217a101698a368c1","","","","","","","93531a7b366471a63d29fd970abad6c5d04a2f933f9ffb2aa38dce1c7b286d65","hist","","","","","","","","","","","","","","","","","","","","","","","","","","","","","","","","","","","","","","0.6408","0.0024","0.4111","0.0047","0.4573","0.0051","0.5167","0.0058","0.3413","0.0046","0.8245","0.0022","","","","","","","","","","","","","","","","","","","","","","","","","","","","","","","","","","","","","","","","","","","","","","","","","","","","","","","","","","","","","","","","","","","","","","","","","","","","","","","","","","","","","","","","","","","","","","ITI113","26S1","team02","s202","team02","s202","diabetes","sagemaker_mlflow_app","arn:aws:sagemaker:ap-southeast-1:044528205969:mlflow-app/app-YHNC33FF6GPZ","20260819T134706Z","full","1.0","s3://nyp-26s1-iti113/iti113/team02/data/diabetes/cleaned/diabetes_binary_cleaned_dataset.csv","tuning_candidate","XGBoost","true","","","","","","","","","8","2","","","","","","","","","","","","","","","","","","","","","","","","","","","","","",""
"2026-08-19 21:49:25","15.7s","a2e55245808941b281794f2b1a018831","xgb_candidate_07","NOTEBOOK","S202_8440104B_02_xgboost_model_comparison_against_logistic_regression_baseline_v5.ipynb","sagemaker-user","FINISHED","","","","","","0.9","","","","","","5","full","","","","aucpr","","","","0.0","","","0.05","2","","3","XGBClassifier","","","350","","","'-1","","","","binary:logistic","","","","","","1.0","253680","6244bec277fe3cefce56d46c583a4c5eb73f179ef64c8a1b18557fd0200105c5","","","","42","","0.05","3.0","","1.0","","","","","","","","","","","","","","","","","","","","","","2","0.9","","","12de3cf4074e8656a059c938acbe27143794910116dda3dc217a101698a368c1","","","","","","","93531a7b366471a63d29fd970abad6c5d04a2f933f9ffb2aa38dce1c7b286d65","hist","","","","","","","","","","","","","","","","","","","","","","","","","","","","","","","","","","","","","","0.5865","0.0024","0.2976","0.006","0.4572","0.0052","0.5814","0.0107","0.2","0.0043","0.8245","0.0022","","","","","","","","","","","","","","","","","","","","","","","","","","","","","","","","","","","","","","","","","","","","","","","","","","","","","","","","","","","","","","","","","","","","","","","","","","","","","","","","","","","","","","","","","","","","","","ITI113","26S1","team02","s202","team02","s202","diabetes","sagemaker_mlflow_app","arn:aws:sagemaker:ap-southeast-1:044528205969:mlflow-app/app-YHNC33FF6GPZ","20260819T134706Z","full","1.0","s3://nyp-26s1-iti113/iti113/team02/data/diabetes/cleaned/diabetes_binary_cleaned_dataset.csv","tuning_candidate","XGBoost","true","","","","","","","","","7","2","","","","","","","","","","","","","","","","","","","","","","","","","","","","","",""
"2026-08-19 21:49:07","17.2s","c8b10e6aa6504480b2dacd929fe813d4","xgb_candidate_06","NOTEBOOK","S202_8440104B_02_xgboost_model_comparison_against_logistic_regression_baseline_v5.ipynb","sagemaker-user","FINISHED","","","","","","0.9","","","","","","5","full","","","","aucpr","","","","0.0","","","0.03","2","","1","XGBClassifier","","","350","","","'-1","","","","binary:logistic","","","","","","1.0","253680","6244bec277fe3cefce56d46c583a4c5eb73f179ef64c8a1b18557fd0200105c5","","","","42","","0.0","1.0","","4.0","","","","","","","","","","","","","","","","","","","","","","1","0.9","","","12de3cf4074e8656a059c938acbe27143794910116dda3dc217a101698a368c1","","","","","","","93531a7b366471a63d29fd970abad6c5d04a2f933f9ffb2aa38dce1c7b286d65","hist","","","","","","","","","","","","","","","","","","","","","","","","","","","","","","","","","","","","","","0.7394","0.0039","0.4854","0.0038","0.4545","0.0045","0.3713","0.0023","0.7008","0.0089","0.8235","0.002","","","","","","","","","","","","","","","","","","","","","","","","","","","","","","","","","","","","","","","","","","","","","","","","","","","","","","","","","","","","","","","","","","","","","","","","","","","","","","","","","","","","","","","","","","","","","","ITI113","26S1","team02","s202","team02","s202","diabetes","sagemaker_mlflow_app","arn:aws:sagemaker:ap-southeast-1:044528205969:mlflow-app/app-YHNC33FF6GPZ","20260819T134706Z","full","1.0","s3://nyp-26s1-iti113/iti113/team02/data/diabetes/cleaned/diabetes_binary_cleaned_dataset.csv","tuning_candidate","XGBoost","true","","","","","","","","","6","1","","","","","","","","","","","","","","","","","","","","","","","","","","","","","",""
"2026-08-19 21:48:50","16.5s","f83bbd0a980643fdac462ab2747cf4fa","xgb_candidate_05","NOTEBOOK","S202_8440104B_02_xgboost_model_comparison_against_logistic_regression_baseline_v5.ipynb","sagemaker-user","FINISHED","","","","","","0.9","","","","","","5","full","","","","aucpr","","","","0.0","","","0.03","2","","1","XGBClassifier","","","350","","","'-1","","","","binary:logistic","","","","","","1.0","253680","6244bec277fe3cefce56d46c583a4c5eb73f179ef64c8a1b18557fd0200105c5","","","","42","","0.0","1.0","","3.0","","","","","","","","","","","","","","","","","","","","","","1","0.9","","","12de3cf4074e8656a059c938acbe27143794910116dda3dc217a101698a368c1","","","","","","","93531a7b366471a63d29fd970abad6c5d04a2f933f9ffb2aa38dce1c7b286d65","hist","","","","","","","","","","","","","","","","","","","","","","","","","","","","","","","","","","","","","","0.7211","0.005","0.4904","0.0063","0.4546","0.0046","0.414","0.0045","0.6013","0.0098","0.8235","0.002","","","","","","","","","","","","","","","","","","","","","","","","","","","","","","","","","","","","","","","","","","","","","","","","","","","","","","","","","","","","","","","","","","","","","","","","","","","","","","","","","","","","","","","","","","","","","","ITI113","26S1","team02","s202","team02","s202","diabetes","sagemaker_mlflow_app","arn:aws:sagemaker:ap-southeast-1:044528205969:mlflow-app/app-YHNC33FF6GPZ","20260819T134706Z","full","1.0","s3://nyp-26s1-iti113/iti113/team02/data/diabetes/cleaned/diabetes_binary_cleaned_dataset.csv","tuning_candidate","XGBoost","true","","","","","","","","","5","1","","","","","","","","","","","","","","","","","","","","","","","","","","","","","",""
"2026-08-19 21:48:34","16.3s","065f9a13d79b4b728b5ba1d4dc8e935e","xgb_candidate_04","NOTEBOOK","S202_8440104B_02_xgboost_model_comparison_against_logistic_regression_baseline_v5.ipynb","sagemaker-user","FINISHED","","","","","","0.9","","","","","","5","full","","","","aucpr","","","","0.0","","","0.03","2","","1","XGBClassifier","","","350","","","'-1","","","","binary:logistic","","","","","","1.0","253680","6244bec277fe3cefce56d46c583a4c5eb73f179ef64c8a1b18557fd0200105c5","","","","42","","0.0","1.0","","2.5","","","","","","","","","","","","","","","","","","","","","","1","0.9","","","12de3cf4074e8656a059c938acbe27143794910116dda3dc217a101698a368c1","","","","","","","93531a7b366471a63d29fd970abad6c5d04a2f933f9ffb2aa38dce1c7b286d65","hist","","","","","","","","","","","","","","","","","","","","","","","","","","","","","","","","","","","","","","0.7028","0.0047","0.4825","0.0067","0.4546","0.0047","0.4422","0.0051","0.5308","0.0091","0.8235","0.002","","","","","","","","","","","","","","","","","","","","","","","","","","","","","","","","","","","","","","","","","","","","","","","","","","","","","","","","","","","","","","","","","","","","","","","","","","","","","","","","","","","","","","","","","","","","","","ITI113","26S1","team02","s202","team02","s202","diabetes","sagemaker_mlflow_app","arn:aws:sagemaker:ap-southeast-1:044528205969:mlflow-app/app-YHNC33FF6GPZ","20260819T134706Z","full","1.0","s3://nyp-26s1-iti113/iti113/team02/data/diabetes/cleaned/diabetes_binary_cleaned_dataset.csv","tuning_candidate","XGBoost","true","","","","","","","","","4","1","","","","","","","","","","","","","","","","","","","","","","","","","","","","","",""
"2026-08-19 21:48:17","16.4s","d6b5df0f34084cbbac7962bd5a40dc32","xgb_candidate_03","NOTEBOOK","S202_8440104B_02_xgboost_model_comparison_against_logistic_regression_baseline_v5.ipynb","sagemaker-user","FINISHED","","","","","","0.9","","","","","","5","full","","","","aucpr","","","","0.0","","","0.03","2","","1","XGBClassifier","","","350","","","'-1","","","","binary:logistic","","","","","","1.0","253680","6244bec277fe3cefce56d46c583a4c5eb73f179ef64c8a1b18557fd0200105c5","","","","42","","0.0","1.0","","2.0","","","","","","","","","","","","","","","","","","","","","","1","0.9","","","12de3cf4074e8656a059c938acbe27143794910116dda3dc217a101698a368c1","","","","","","","93531a7b366471a63d29fd970abad6c5d04a2f933f9ffb2aa38dce1c7b286d65","hist","","","","","","","","","","","","","","","","","","","","","","","","","","","","","","","","","","","","","","0.6747","0.0037","0.4575","0.006","0.4547","0.0047","0.4768","0.0055","0.4396","0.0072","0.8235","0.002","","","","","","","","","","","","","","","","","","","","","","","","","","","","","","","","","","","","","","","","","","","","","","","","","","","","","","","","","","","","","","","","","","","","","","","","","","","","","","","","","","","","","","","","","","","","","","ITI113","26S1","team02","s202","team02","s202","diabetes","sagemaker_mlflow_app","arn:aws:sagemaker:ap-southeast-1:044528205969:mlflow-app/app-YHNC33FF6GPZ","20260819T134706Z","full","1.0","s3://nyp-26s1-iti113/iti113/team02/data/diabetes/cleaned/diabetes_binary_cleaned_dataset.csv","tuning_candidate","XGBoost","true","","","","","","","","","3","1","","","","","","","","","","","","","","","","","","","","","","","","","","","","","",""
"2026-08-19 21:48:00","16.5s","0c07d7efd5c848a6a2c413fdbc2fe772","xgb_candidate_02","NOTEBOOK","S202_8440104B_02_xgboost_model_comparison_against_logistic_regression_baseline_v5.ipynb","sagemaker-user","FINISHED","","","","","","0.9","","","","","","5","full","","","","aucpr","","","","0.0","","","0.03","2","","1","XGBClassifier","","","350","","","'-1","","","","binary:logistic","","","","","","1.0","253680","6244bec277fe3cefce56d46c583a4c5eb73f179ef64c8a1b18557fd0200105c5","","","","42","","0.0","1.0","","1.5","","","","","","","","","","","","","","","","","","","","","","1","0.9","","","12de3cf4074e8656a059c938acbe27143794910116dda3dc217a101698a368c1","","","","","","","93531a7b366471a63d29fd970abad6c5d04a2f933f9ffb2aa38dce1c7b286d65","hist","","","","","","","","","","","","","","","","","","","","","","","","","","","","","","","","","","","","","","0.6341","0.0028","0.3994","0.0055","0.4549","0.0048","0.5211","0.0057","0.3239","0.0057","0.8235","0.002","","","","","","","","","","","","","","","","","","","","","","","","","","","","","","","","","","","","","","","","","","","","","","","","","","","","","","","","","","","","","","","","","","","","","","","","","","","","","","","","","","","","","","","","","","","","","","ITI113","26S1","team02","s202","team02","s202","diabetes","sagemaker_mlflow_app","arn:aws:sagemaker:ap-southeast-1:044528205969:mlflow-app/app-YHNC33FF6GPZ","20260819T134706Z","full","1.0","s3://nyp-26s1-iti113/iti113/team02/data/diabetes/cleaned/diabetes_binary_cleaned_dataset.csv","tuning_candidate","XGBoost","true","","","","","","","","","2","1","","","","","","","","","","","","","","","","","","","","","","","","","","","","","",""
"2026-08-19 21:47:44","16.5s","0d19a0e0c44d4799b0ef4c93c938b56a","xgb_candidate_01","NOTEBOOK","S202_8440104B_02_xgboost_model_comparison_against_logistic_regression_baseline_v5.ipynb","sagemaker-user","FINISHED","","","","","","0.9","","","","","","5","full","","","","aucpr","","","","0.0","","","0.03","2","","1","XGBClassifier","","","350","","","'-1","","","","binary:logistic","","","","","","1.0","253680","6244bec277fe3cefce56d46c583a4c5eb73f179ef64c8a1b18557fd0200105c5","","","","42","","0.0","1.0","","1.0","","","","","","","","","","","","","","","","","","","","","","1","0.9","","","12de3cf4074e8656a059c938acbe27143794910116dda3dc217a101698a368c1","","","","","","","93531a7b366471a63d29fd970abad6c5d04a2f933f9ffb2aa38dce1c7b286d65","hist","","","","","","","","","","","","","","","","","","","","","","","","","","","","","","","","","","","","","","0.5779","0.0024","0.2748","0.0063","0.4549","0.005","0.5893","0.0123","0.1792","0.0045","0.8234","0.002","","","","","","","","","","","","","","","","","","","","","","","","","","","","","","","","","","","","","","","","","","","","","","","","","","","","","","","","","","","","","","","","","","","","","","","","","","","","","","","","","","","","","","","","","","","","","","ITI113","26S1","team02","s202","team02","s202","diabetes","sagemaker_mlflow_app","arn:aws:sagemaker:ap-southeast-1:044528205969:mlflow-app/app-YHNC33FF6GPZ","20260819T134706Z","full","1.0","s3://nyp-26s1-iti113/iti113/team02/data/diabetes/cleaned/diabetes_binary_cleaned_dataset.csv","tuning_candidate","XGBoost","true","","","","","","","","","1","1","","","","","","","","","","","","","","","","","","","","","","","","","","","","","",""
"2026-08-19 21:47:43","9.5min","2ee2ad4dfa044d11858b6d6b2ac7a95d","team02_s202_xgb_tuning_parent","NOTEBOOK","S202_8440104B_02_xgboost_model_comparison_against_logistic_regression_baseline_v5.ipynb","sagemaker-user","FINISHED","","","","","","","","","","","","5","full","","","","","","","","","","5.346","","","","","","30","","","","","","5","","0.002","","","","","","cv_pr_auc_mean","1.0","253680","6244bec277fe3cefce56d46c583a4c5eb73f179ef64c8a1b18557fd0200105c5","","","","","","","","","","[1.0, 1.5, 2.0, 2.5, 3.0, 4.0]","","","","","","","","","","","","","","","","","","","","","","","","","12de3cf4074e8656a059c938acbe27143794910116dda3dc217a101698a368c1","","","","","","","93531a7b366471a63d29fd970abad6c5d04a2f933f9ffb2aa38dce1c7b286d65","","","","","","","","","","","","","","","","","0.46","","","","","","","","","","","","","","","","","","","","","","","","","","","","","","","","","","","","","","","","","","","","","","","","12","","","","","","","","","","0.4927","0.4595","0.8254","","","","","","","","","","","","","","","","","","","","","","","","","","","","","","","","","","","","","","","","","","","","","","","","","","","","","","","","","","","","","","","","","","","ITI113","26S1","team02","s202","team02","s202","diabetes","sagemaker_mlflow_app","arn:aws:sagemaker:ap-southeast-1:044528205969:mlflow-app/app-YHNC33FF6GPZ","20260819T134706Z","full","1.0","s3://nyp-26s1-iti113/iti113/team02/data/diabetes/cleaned/diabetes_binary_cleaned_dataset.csv","tuning_parent","XGBoost","false","","","","","","","","","","","","","","","","","","","","","","","","","","","","","","","","","","","","","","","",""
"2026-08-19 21:47:10","33.4s","c238fe32531f4fe38fb04acb221ce4e8","team02_s202_xgboost_reference","NOTEBOOK","S202_8440104B_02_xgboost_model_comparison_against_logistic_regression_baseline_v5.ipynb","sagemaker-user","FINISHED","","","","","","0.8","","","","","","5","full","s3://nyp-26s1-iti113/iti113/team02/data/diabetes/cleaned/diabetes_binary_cleaned_dataset.csv","","","logloss","","","253680","","","","0.1","4","","1","XGBClassifier","","","300","","21","'-1","","","","binary:logistic","","","","","","1.0","253680","","","","","42","","0.0","1.0","","1","","","","","","","","","","","","","cv_pr_auc_mean","","","","","","","","","","0.8","0.2","50736","","","","","","","202944","","hist","","","","","","","","","","","","","","","","","","","","","","","","","","","","","","","","","","","","","","0.5873","0.0032","0.2995","0.0079","0.4586","0.0075","0.5834","0.0144","0.2015","0.0056","0.8252","0.002","","","","","","","","","","","","","","","","","","","","","","","","","","","","","","","","","","","","","","","","","","","","","","","","","","","","","","","","","","","","","","","","","","","","","","","","","","","","","","","","","","","","","","","","","","","","","","ITI113","26S1","team02","s202","team02","s202","diabetes","sagemaker_mlflow_app","arn:aws:sagemaker:ap-southeast-1:044528205969:mlflow-app/app-YHNC33FF6GPZ","20260819T134706Z","full","1.0","s3://nyp-26s1-iti113/iti113/team02/data/diabetes/cleaned/diabetes_binary_cleaned_dataset.csv","reference_configuration","XGBoost","false","","","","","","","","","","","","","","","","","","","","","","","","","","","","","","","","","","","","","","","",""
"2026-08-19 21:31:36","36.2s","28428fa1cf0c4f34b47a34987d9fb907","team02_s202_xgboost_reference","NOTEBOOK","S202_8440104B_02_xgboost_model_comparison_against_logistic_regression_baseline_v5.ipynb","sagemaker-user","FINISHED","","","","","","0.8","","","","","","5","full","s3://nyp-26s1-iti113/iti113/team02/data/diabetes/cleaned/diabetes_binary_cleaned_dataset.csv","","","logloss","","","253680","","","","0.1","4","","1","XGBClassifier","","","300","","21","'-1","","","","binary:logistic","","","","","","1.0","253680","","","","","42","","0.0","1.0","","1","","","","","","","","","","","","","cv_pr_auc_mean","","","","","","","","","","0.8","0.2","50736","","","","","","","202944","","hist","","","","","","","","","","","","","","","","","","","","","","","","","","","","","","","","","","","","","","0.5873","0.0032","0.2995","0.0079","0.4586","0.0075","0.5834","0.0144","0.2015","0.0056","0.8252","0.002","","","","","","","","","","","","","","","","","","","","","","","","","","","","","","","","","","","","","","","","","","","","","","","","","","","","","","","","","","","","","","","","","","","","","","","","","","","","","","","","","","","","","","","","","","","","","","ITI113","26S1","team02","s202","team02","s202","diabetes","sagemaker_mlflow_app","arn:aws:sagemaker:ap-southeast-1:044528205969:mlflow-app/app-YHNC33FF6GPZ","20260819T133012Z","full","1.0","s3://nyp-26s1-iti113/iti113/team02/data/diabetes/cleaned/diabetes_binary_cleaned_dataset.csv","reference_configuration","XGBoost","false","","","","","","","","","","","","","","","","","","","","","","","","","","","","","","","","","","","","","","","",""
"2026-08-19 20:57:21","12.1min","d9382f8e57f546a9bc58307e4822005f","team02_s202_final_xgboost","NOTEBOOK","S202_8440104B_02_xgboost_model_comparison_against_logistic_regression_baseline_v5.ipynb","sagemaker-user","FINISHED","","","","","0.5","","","","","","","5","full","","","","aucpr","","","253680","","","","0.03","4","","","","","","450","d7d44deb86594b47a3f56321af240bb1","","'-1","","","","binary:logistic","","","","","cv_pr_auc_mean","1.0","253680","6244bec277fe3cefce56d46c583a4c5eb73f179ef64c8a1b18557fd0200105c5","","test_auc_roc","0.75","42","","","","","3.0","","","","xgb_candidate_29","233d4805f7fb44afa679dd1e01fa95bb","","","","","XGBoost","","","","","","","","","","","","","","","","12de3cf4074e8656a059c938acbe27143794910116dda3dc217a101698a368c1","","","f1","","7b1dbf8775e344119e939aa5786a8917","","93531a7b366471a63d29fd970abad6c5d04a2f933f9ffb2aa38dce1c7b286d65","hist","","","","","","","","","","","","","","","","","","","","","","","","","","","","","","","4375","0.0862","","","","","","","","","","","","","","","","","","","","","","","","","","0.4937","","","","","","","","","","","","","","","","","","","","","","","","0.5","0.4595","0.8254","","8","0.7982","0.8248","","0.7263","0.1339","","","0.4924","0.5625","","","3027","","7214","0.1688","0.4644","0.4078","0.6214","","0.8312","35527","4968","","","0.4937","0.8002","0.8304","0.7315","0.1328","0.4989","0.5707","11792","","28763","0.1682","0.4703","0.4124","0.6313","0.8318","142199","20190","","","","","","","","true","","","","","","","","ITI113","26S1","team02","s202","team02","s202","diabetes","sagemaker_mlflow_app","arn:aws:sagemaker:ap-southeast-1:044528205969:mlflow-app/app-YHNC33FF6GPZ","20260819T123701Z","full","1.0","s3://nyp-26s1-iti113/iti113/team02/data/diabetes/cleaned/diabetes_binary_cleaned_dataset.csv","final_holdout_evaluation","XGBoost","false","233d4805f7fb44afa679dd1e01fa95bb","xgb_candidate_29","","","","","","","","","","","","","","","","","","","","","","","","","","","","","","","","","","","","","",""
"2026-08-19 20:57:12","1.2s","7b1dbf8775e344119e939aa5786a8917","team02_s202_xgb_threshold_tuning","NOTEBOOK","S202_8440104B_02_xgboost_model_comparison_against_logistic_regression_baseline_v5.ipynb","sagemaker-user","FINISHED","","","","","","","","","","","","5","full","","","","","","","","","","","","","","","","","","","","","","","91","","","","","","","","1.0","253680","","","","","","","","","","","","","","","","","0.03","4","","","450","3.0","","","","","","","","","","","","","","","0.95","0.05","f1","0.01","","","","","","","","","","","","","","","","","","","","","","","","","","","","","","","","","","","","","","","","","","","","","","","","","","","","","","0.7278","0.4937","","","0.4076","0.6258","","0.5","","","","","","","","0.7278","0.4937","","","0.4076","0.6258","","0.5","","","","","","","","","","","","","","","","","","","","","","","","","","","","","","","","","","","","","","","","","","","","","","","","","","","","","","","","","","","","","","","","","","","","","","","ITI113","26S1","team02","s202","team02","s202","diabetes","sagemaker_mlflow_app","arn:aws:sagemaker:ap-southeast-1:044528205969:mlflow-app/app-YHNC33FF6GPZ","20260819T123701Z","full","1.0","s3://nyp-26s1-iti113/iti113/team02/data/diabetes/cleaned/diabetes_binary_cleaned_dataset.csv","threshold_tuning","XGBoost","false","233d4805f7fb44afa679dd1e01fa95bb","","","","","","","","","","","","","","","","","","","","","","","","","","","","","","","","","","","","","","",""
"2026-08-19 20:54:31","1.9min","d7d44deb86594b47a3f56321af240bb1","team02_s202_xgb_n_estimators_refinement","NOTEBOOK","S202_8440104B_02_xgboost_model_comparison_against_logistic_regression_baseline_v5.ipynb","sagemaker-user","FINISHED","","","","","","0.8","","","","","","5","","","","","","","","","0.05","","","0.03","4","","5.0","","","[150, 250, 350, 450, 600]","","","","","","","0.0015","","","","","","cv_pr_auc_mean","","","","","","","","","0.1","10.0","","3.0","","","","","","","","","","","","","","","","","","","","","","","0.8","","","","","","","","","","","","","","","","","","","","","","","","","","","","0.4606","","","","","","","","","","","","","","","","","","","","","","","","","","","","","","","","","","","","","","","","","","","","","","","","","","","","","","","","","","","","450","","0.4937","0.4603","0.8256","","","","","","","","","","","","","","","","","","","","","","","","","","","","","","","","","","","","","","","","","","","","","","","","","","","","","","","","","","","","","","ITI113","26S1","team02","s202","team02","s202","diabetes","sagemaker_mlflow_app","arn:aws:sagemaker:ap-southeast-1:044528205969:mlflow-app/app-YHNC33FF6GPZ","20260819T123701Z","full","1.0","s3://nyp-26s1-iti113/iti113/team02/data/diabetes/cleaned/diabetes_binary_cleaned_dataset.csv","n_estimators_refinement","XGBoost","false","233d4805f7fb44afa679dd1e01fa95bb","","","","","","","","","","","","","","","","","","","","","","","","","","","","","","","","","","","","","","",""
"2026-08-19 20:54:06","22.3s","43b6425c0fc24d77933433531c7a057b","xgb_candidate_30","NOTEBOOK","S202_8440104B_02_xgboost_model_comparison_against_logistic_regression_baseline_v5.ipynb","sagemaker-user","FINISHED","","","","","","0.8","","","","","","5","full","","","","aucpr","","","","0.05","","","0.03","4","","5","XGBClassifier","","","350","","","'-1","","","","binary:logistic","","","","","","1.0","253680","6244bec277fe3cefce56d46c583a4c5eb73f179ef64c8a1b18557fd0200105c5","","","","42","","0.1","10.0","","4.0","","","","","","","","","","","","","","","","","","","","","","5","0.8","","","12de3cf4074e8656a059c938acbe27143794910116dda3dc217a101698a368c1","","","","","","","93531a7b366471a63d29fd970abad6c5d04a2f933f9ffb2aa38dce1c7b286d65","hist","","","","","","","","","","","","","","","","","","","","","","","","","","","","","","","","","","","","","","0.7427","0.0037","0.4858","0.0035","0.4597","0.006","0.3678","0.0022","0.7155","0.0086","0.8254","0.0021","","","","","","","","","","","","","","","","","","","","","","","","","","","","","","","","","","","","","","","","","","","","","","","","","","","","","","","","","","","","","","","","","","","","","","","","","","","","","","","","","","","","","","","","","","","","","","ITI113","26S1","team02","s202","team02","s202","diabetes","sagemaker_mlflow_app","arn:aws:sagemaker:ap-southeast-1:044528205969:mlflow-app/app-YHNC33FF6GPZ","20260819T123701Z","full","1.0","s3://nyp-26s1-iti113/iti113/team02/data/diabetes/cleaned/diabetes_binary_cleaned_dataset.csv","tuning_candidate","XGBoost","true","","","","","","","","","30","5","","","","","","","","","","","","","","","","","","","","","","","","","","","","","",""
"2026-08-19 20:53:44","22.1s","233d4805f7fb44afa679dd1e01fa95bb","xgb_candidate_29","NOTEBOOK","S202_8440104B_02_xgboost_model_comparison_against_logistic_regression_baseline_v5.ipynb","sagemaker-user","FINISHED","","","","","","0.8","","","","","","5","full","","","","aucpr","","","","0.05","","","0.03","4","","5","XGBClassifier","","","350","","","'-1","","","","binary:logistic","","","","","","1.0","253680","6244bec277fe3cefce56d46c583a4c5eb73f179ef64c8a1b18557fd0200105c5","","","","42","","0.1","10.0","","3.0","","","","","","","","","","","","","","","","","","","","","","5","0.8","","","12de3cf4074e8656a059c938acbe27143794910116dda3dc217a101698a368c1","","","","","","","93531a7b366471a63d29fd970abad6c5d04a2f933f9ffb2aa38dce1c7b286d65","hist","","","","","","","","","","","","","","","","","","","","","","","","","","","","","","","","","","","","","","0.727","0.0042","0.4927","0.0052","0.4595","0.0059","0.407","0.0038","0.6241","0.0082","0.8254","0.0021","","","","","","","","","","","","","","","","","","","","","","","","","","","","","","","","","","","","","","","","","","","","","","","","","","","","","","","","","","","","","","","","","","","","","","","","","","","","","","","","","","","","","","","","","","","","","","ITI113","26S1","team02","s202","team02","s202","diabetes","sagemaker_mlflow_app","arn:aws:sagemaker:ap-southeast-1:044528205969:mlflow-app/app-YHNC33FF6GPZ","20260819T123701Z","full","1.0","s3://nyp-26s1-iti113/iti113/team02/data/diabetes/cleaned/diabetes_binary_cleaned_dataset.csv","tuning_candidate","XGBoost","true","","","","","","","","","29","5","","","","","","","","","","","","","","","","","","","","","","","","","","","","","",""
"2026-08-19 20:53:22","21.9s","8f71e3160bbd4f71872c2453f293cc4d","xgb_candidate_28","NOTEBOOK","S202_8440104B_02_xgboost_model_comparison_against_logistic_regression_baseline_v5.ipynb","sagemaker-user","FINISHED","","","","","","0.8","","","","","","5","full","","","","aucpr","","","","0.05","","","0.03","4","","5","XGBClassifier","","","350","","","'-1","","","","binary:logistic","","","","","","1.0","253680","6244bec277fe3cefce56d46c583a4c5eb73f179ef64c8a1b18557fd0200105c5","","","","42","","0.1","10.0","","2.5","","","","","","","","","","","","","","","","","","","","","","5","0.8","","","12de3cf4074e8656a059c938acbe27143794910116dda3dc217a101698a368c1","","","","","","","93531a7b366471a63d29fd970abad6c5d04a2f933f9ffb2aa38dce1c7b286d65","hist","","","","","","","","","","","","","","","","","","","","","","","","","","","","","","","","","","","","","","0.7114","0.0039","0.4889","0.0052","0.4599","0.0059","0.4347","0.0037","0.5587","0.0078","0.8254","0.0021","","","","","","","","","","","","","","","","","","","","","","","","","","","","","","","","","","","","","","","","","","","","","","","","","","","","","","","","","","","","","","","","","","","","","","","","","","","","","","","","","","","","","","","","","","","","","","ITI113","26S1","team02","s202","team02","s202","diabetes","sagemaker_mlflow_app","arn:aws:sagemaker:ap-southeast-1:044528205969:mlflow-app/app-YHNC33FF6GPZ","20260819T123701Z","full","1.0","s3://nyp-26s1-iti113/iti113/team02/data/diabetes/cleaned/diabetes_binary_cleaned_dataset.csv","tuning_candidate","XGBoost","true","","","","","","","","","28","5","","","","","","","","","","","","","","","","","","","","","","","","","","","","","",""
"2026-08-19 20:52:59","22.2s","af8dee749f174228ad8cc50faa3696b7","xgb_candidate_27","NOTEBOOK","S202_8440104B_02_xgboost_model_comparison_against_logistic_regression_baseline_v5.ipynb","sagemaker-user","FINISHED","","","","","","0.8","","","","","","5","full","","","","aucpr","","","","0.05","","","0.03","4","","5","XGBClassifier","","","350","","","'-1","","","","binary:logistic","","","","","","1.0","253680","6244bec277fe3cefce56d46c583a4c5eb73f179ef64c8a1b18557fd0200105c5","","","","42","","0.1","10.0","","2.0","","","","","","","","","","","","","","","","","","","","","","5","0.8","","","12de3cf4074e8656a059c938acbe27143794910116dda3dc217a101698a368c1","","","","","","","93531a7b366471a63d29fd970abad6c5d04a2f933f9ffb2aa38dce1c7b286d65","hist","","","","","","","","","","","","","","","","","","","","","","","","","","","","","","","","","","","","","","0.6842","0.0035","0.4681","0.0056","0.4599","0.0059","0.4688","0.0047","0.4675","0.0067","0.8254","0.0021","","","","","","","","","","","","","","","","","","","","","","","","","","","","","","","","","","","","","","","","","","","","","","","","","","","","","","","","","","","","","","","","","","","","","","","","","","","","","","","","","","","","","","","","","","","","","","ITI113","26S1","team02","s202","team02","s202","diabetes","sagemaker_mlflow_app","arn:aws:sagemaker:ap-southeast-1:044528205969:mlflow-app/app-YHNC33FF6GPZ","20260819T123701Z","full","1.0","s3://nyp-26s1-iti113/iti113/team02/data/diabetes/cleaned/diabetes_binary_cleaned_dataset.csv","tuning_candidate","XGBoost","true","","","","","","","","","27","5","","","","","","","","","","","","","","","","","","","","","","","","","","","","","",""
"2026-08-19 20:52:37","22.0s","ac6ecba9fd8f4d1dbaaeaf8ff059a152","xgb_candidate_26","NOTEBOOK","S202_8440104B_02_xgboost_model_comparison_against_logistic_regression_baseline_v5.ipynb","sagemaker-user","FINISHED","","","","","","0.8","","","","","","5","full","","","","aucpr","","","","0.05","","","0.03","4","","5","XGBClassifier","","","350","","","'-1","","","","binary:logistic","","","","","","1.0","253680","6244bec277fe3cefce56d46c583a4c5eb73f179ef64c8a1b18557fd0200105c5","","","","42","","0.1","10.0","","1.5","","","","","","","","","","","","","","","","","","","","","","5","0.8","","","12de3cf4074e8656a059c938acbe27143794910116dda3dc217a101698a368c1","","","","","","","93531a7b366471a63d29fd970abad6c5d04a2f933f9ffb2aa38dce1c7b286d65","hist","","","","","","","","","","","","","","","","","","","","","","","","","","","","","","","","","","","","","","0.6445","0.0029","0.4175","0.0056","0.46","0.006","0.5167","0.006","0.3502","0.0054","0.8254","0.0021","","","","","","","","","","","","","","","","","","","","","","","","","","","","","","","","","","","","","","","","","","","","","","","","","","","","","","","","","","","","","","","","","","","","","","","","","","","","","","","","","","","","","","","","","","","","","","ITI113","26S1","team02","s202","team02","s202","diabetes","sagemaker_mlflow_app","arn:aws:sagemaker:ap-southeast-1:044528205969:mlflow-app/app-YHNC33FF6GPZ","20260819T123701Z","full","1.0","s3://nyp-26s1-iti113/iti113/team02/data/diabetes/cleaned/diabetes_binary_cleaned_dataset.csv","tuning_candidate","XGBoost","true","","","","","","","","","26","5","","","","","","","","","","","","","","","","","","","","","","","","","","","","","",""
"2026-08-19 20:52:14","22.3s","3d857135c7c142269ef24744ffe4b355","xgb_candidate_25","NOTEBOOK","S202_8440104B_02_xgboost_model_comparison_against_logistic_regression_baseline_v5.ipynb","sagemaker-user","FINISHED","","","","","","0.8","","","","","","5","full","","","","aucpr","","","","0.05","","","0.03","4","","5","XGBClassifier","","","350","","","'-1","","","","binary:logistic","","","","","","1.0","253680","6244bec277fe3cefce56d46c583a4c5eb73f179ef64c8a1b18557fd0200105c5","","","","42","","0.1","10.0","","1.0","","","","","","","","","","","","","","","","","","","","","","5","0.8","","","12de3cf4074e8656a059c938acbe27143794910116dda3dc217a101698a368c1","","","","","","","93531a7b366471a63d29fd970abad6c5d04a2f933f9ffb2aa38dce1c7b286d65","hist","","","","","","","","","","","","","","","","","","","","","","","","","","","","","","","","","","","","","","0.585","0.0028","0.2936","0.0071","0.46","0.0059","0.5867","0.0135","0.1958","0.0049","0.8254","0.0021","","","","","","","","","","","","","","","","","","","","","","","","","","","","","","","","","","","","","","","","","","","","","","","","","","","","","","","","","","","","","","","","","","","","","","","","","","","","","","","","","","","","","","","","","","","","","","ITI113","26S1","team02","s202","team02","s202","diabetes","sagemaker_mlflow_app","arn:aws:sagemaker:ap-southeast-1:044528205969:mlflow-app/app-YHNC33FF6GPZ","20260819T123701Z","full","1.0","s3://nyp-26s1-iti113/iti113/team02/data/diabetes/cleaned/diabetes_binary_cleaned_dataset.csv","tuning_candidate","XGBoost","true","","","","","","","","","25","5","","","","","","","","","","","","","","","","","","","","","","","","","","","","","",""
"2026-08-19 20:51:55","18.8s","9204b3c136f34d58b889a56126517403","xgb_candidate_24","NOTEBOOK","S202_8440104B_02_xgboost_model_comparison_against_logistic_regression_baseline_v5.ipynb","sagemaker-user","FINISHED","","","","","","0.85","","","","","","5","full","","","","aucpr","","","","0.0","","","0.05","3","","5","XGBClassifier","","","350","","","'-1","","","","binary:logistic","","","","","","1.0","253680","6244bec277fe3cefce56d46c583a4c5eb73f179ef64c8a1b18557fd0200105c5","","","","42","","0.1","5.0","","4.0","","","","","","","","","","","","","","","","","","","","","","4","0.85","","","12de3cf4074e8656a059c938acbe27143794910116dda3dc217a101698a368c1","","","","","","","93531a7b366471a63d29fd970abad6c5d04a2f933f9ffb2aa38dce1c7b286d65","hist","","","","","","","","","","","","","","","","","","","","","","","","","","","","","","","","","","","","","","0.7427","0.0041","0.4859","0.004","0.4593","0.0058","0.3679","0.0023","0.7153","0.0089","0.8253","0.0021","","","","","","","","","","","","","","","","","","","","","","","","","","","","","","","","","","","","","","","","","","","","","","","","","","","","","","","","","","","","","","","","","","","","","","","","","","","","","","","","","","","","","","","","","","","","","","ITI113","26S1","team02","s202","team02","s202","diabetes","sagemaker_mlflow_app","arn:aws:sagemaker:ap-southeast-1:044528205969:mlflow-app/app-YHNC33FF6GPZ","20260819T123701Z","full","1.0","s3://nyp-26s1-iti113/iti113/team02/data/diabetes/cleaned/diabetes_binary_cleaned_dataset.csv","tuning_candidate","XGBoost","true","","","","","","","","","24","4","","","","","","","","","","","","","","","","","","","","","","","","","","","","","",""
"2026-08-19 20:51:37","18.6s","aeae20675bb24e169d5ea6030a5cd42c","xgb_candidate_23","NOTEBOOK","S202_8440104B_02_xgboost_model_comparison_against_logistic_regression_baseline_v5.ipynb","sagemaker-user","FINISHED","","","","","","0.85","","","","","","5","full","","","","aucpr","","","","0.0","","","0.05","3","","5","XGBClassifier","","","350","","","'-1","","","","binary:logistic","","","","","","1.0","253680","6244bec277fe3cefce56d46c583a4c5eb73f179ef64c8a1b18557fd0200105c5","","","","42","","0.1","5.0","","3.0","","","","","","","","","","","","","","","","","","","","","","4","0.85","","","12de3cf4074e8656a059c938acbe27143794910116dda3dc217a101698a368c1","","","","","","","93531a7b366471a63d29fd970abad6c5d04a2f933f9ffb2aa38dce1c7b286d65","hist","","","","","","","","","","","","","","","","","","","","","","","","","","","","","","","","","","","","","","0.7264","0.0047","0.4922","0.0057","0.4593","0.0058","0.4072","0.004","0.6221","0.0092","0.8254","0.002","","","","","","","","","","","","","","","","","","","","","","","","","","","","","","","","","","","","","","","","","","","","","","","","","","","","","","","","","","","","","","","","","","","","","","","","","","","","","","","","","","","","","","","","","","","","","","ITI113","26S1","team02","s202","team02","s202","diabetes","sagemaker_mlflow_app","arn:aws:sagemaker:ap-southeast-1:044528205969:mlflow-app/app-YHNC33FF6GPZ","20260819T123701Z","full","1.0","s3://nyp-26s1-iti113/iti113/team02/data/diabetes/cleaned/diabetes_binary_cleaned_dataset.csv","tuning_candidate","XGBoost","true","","","","","","","","","23","4","","","","","","","","","","","","","","","","","","","","","","","","","","","","","",""
"2026-08-19 20:51:19","17.6s","a9890a77d91c45edbdee181a452d8667","xgb_candidate_22","NOTEBOOK","S202_8440104B_02_xgboost_model_comparison_against_logistic_regression_baseline_v5.ipynb","sagemaker-user","FINISHED","","","","","","0.85","","","","","","5","full","","","","aucpr","","","","0.0","","","0.05","3","","5","XGBClassifier","","","350","","","'-1","","","","binary:logistic","","","","","","1.0","253680","6244bec277fe3cefce56d46c583a4c5eb73f179ef64c8a1b18557fd0200105c5","","","","42","","0.1","5.0","","2.5","","","","","","","","","","","","","","","","","","","","","","4","0.85","","","12de3cf4074e8656a059c938acbe27143794910116dda3dc217a101698a368c1","","","","","","","93531a7b366471a63d29fd970abad6c5d04a2f933f9ffb2aa38dce1c7b286d65","hist","","","","","","","","","","","","","","","","","","","","","","","","","","","","","","","","","","","","","","0.7103","0.0037","0.488","0.0049","0.4597","0.0059","0.4351","0.0035","0.5556","0.0078","0.8254","0.0021","","","","","","","","","","","","","","","","","","","","","","","","","","","","","","","","","","","","","","","","","","","","","","","","","","","","","","","","","","","","","","","","","","","","","","","","","","","","","","","","","","","","","","","","","","","","","","ITI113","26S1","team02","s202","team02","s202","diabetes","sagemaker_mlflow_app","arn:aws:sagemaker:ap-southeast-1:044528205969:mlflow-app/app-YHNC33FF6GPZ","20260819T123701Z","full","1.0","s3://nyp-26s1-iti113/iti113/team02/data/diabetes/cleaned/diabetes_binary_cleaned_dataset.csv","tuning_candidate","XGBoost","true","","","","","","","","","22","4","","","","","","","","","","","","","","","","","","","","","","","","","","","","","",""
"2026-08-19 20:51:00","18.3s","c780c7339e3b4a2cb0ab06ac6e9f29f3","xgb_candidate_21","NOTEBOOK","S202_8440104B_02_xgboost_model_comparison_against_logistic_regression_baseline_v5.ipynb","sagemaker-user","FINISHED","","","","","","0.85","","","","","","5","full","","","","aucpr","","","","0.0","","","0.05","3","","5","XGBClassifier","","","350","","","'-1","","","","binary:logistic","","","","","","1.0","253680","6244bec277fe3cefce56d46c583a4c5eb73f179ef64c8a1b18557fd0200105c5","","","","42","","0.1","5.0","","2.0","","","","","","","","","","","","","","","","","","","","","","4","0.85","","","12de3cf4074e8656a059c938acbe27143794910116dda3dc217a101698a368c1","","","","","","","93531a7b366471a63d29fd970abad6c5d04a2f933f9ffb2aa38dce1c7b286d65","hist","","","","","","","","","","","","","","","","","","","","","","","","","","","","","","","","","","","","","","0.6837","0.004","0.4676","0.0062","0.4596","0.0059","0.4696","0.0047","0.4658","0.008","0.8253","0.002","","","","","","","","","","","","","","","","","","","","","","","","","","","","","","","","","","","","","","","","","","","","","","","","","","","","","","","","","","","","","","","","","","","","","","","","","","","","","","","","","","","","","","","","","","","","","","ITI113","26S1","team02","s202","team02","s202","diabetes","sagemaker_mlflow_app","arn:aws:sagemaker:ap-southeast-1:044528205969:mlflow-app/app-YHNC33FF6GPZ","20260819T123701Z","full","1.0","s3://nyp-26s1-iti113/iti113/team02/data/diabetes/cleaned/diabetes_binary_cleaned_dataset.csv","tuning_candidate","XGBoost","true","","","","","","","","","21","4","","","","","","","","","","","","","","","","","","","","","","","","","","","","","",""
"2026-08-19 20:50:41","18.6s","6d43b20ddf4f4797898da47872514fe2","xgb_candidate_20","NOTEBOOK","S202_8440104B_02_xgboost_model_comparison_against_logistic_regression_baseline_v5.ipynb","sagemaker-user","FINISHED","","","","","","0.85","","","","","","5","full","","","","aucpr","","","","0.0","","","0.05","3","","5","XGBClassifier","","","350","","","'-1","","","","binary:logistic","","","","","","1.0","253680","6244bec277fe3cefce56d46c583a4c5eb73f179ef64c8a1b18557fd0200105c5","","","","42","","0.1","5.0","","1.5","","","","","","","","","","","","","","","","","","","","","","4","0.85","","","12de3cf4074e8656a059c938acbe27143794910116dda3dc217a101698a368c1","","","","","","","93531a7b366471a63d29fd970abad6c5d04a2f933f9ffb2aa38dce1c7b286d65","hist","","","","","","","","","","","","","","","","","","","","","","","","","","","","","","","","","","","","","","0.6445","0.0023","0.4175","0.0044","0.4598","0.0059","0.5166","0.0055","0.3503","0.0046","0.8253","0.0021","","","","","","","","","","","","","","","","","","","","","","","","","","","","","","","","","","","","","","","","","","","","","","","","","","","","","","","","","","","","","","","","","","","","","","","","","","","","","","","","","","","","","","","","","","","","","","ITI113","26S1","team02","s202","team02","s202","diabetes","sagemaker_mlflow_app","arn:aws:sagemaker:ap-southeast-1:044528205969:mlflow-app/app-YHNC33FF6GPZ","20260819T123701Z","full","1.0","s3://nyp-26s1-iti113/iti113/team02/data/diabetes/cleaned/diabetes_binary_cleaned_dataset.csv","tuning_candidate","XGBoost","true","","","","","","","","","20","4","","","","","","","","","","","","","","","","","","","","","","","","","","","","","",""
"2026-08-19 20:50:23","18.5s","3de74a0a8f9f42019bcffdfba310c53c","xgb_candidate_19","NOTEBOOK","S202_8440104B_02_xgboost_model_comparison_against_logistic_regression_baseline_v5.ipynb","sagemaker-user","FINISHED","","","","","","0.85","","","","","","5","full","","","","aucpr","","","","0.0","","","0.05","3","","5","XGBClassifier","","","350","","","'-1","","","","binary:logistic","","","","","","1.0","253680","6244bec277fe3cefce56d46c583a4c5eb73f179ef64c8a1b18557fd0200105c5","","","","42","","0.1","5.0","","1.0","","","","","","","","","","","","","","","","","","","","","","4","0.85","","","12de3cf4074e8656a059c938acbe27143794910116dda3dc217a101698a368c1","","","","","","","93531a7b366471a63d29fd970abad6c5d04a2f933f9ffb2aa38dce1c7b286d65","hist","","","","","","","","","","","","","","","","","","","","","","","","","","","","","","","","","","","","","","0.5874","0.0028","0.2998","0.007","0.4598","0.0061","0.5839","0.0128","0.2016","0.0049","0.8254","0.0022","","","","","","","","","","","","","","","","","","","","","","","","","","","","","","","","","","","","","","","","","","","","","","","","","","","","","","","","","","","","","","","","","","","","","","","","","","","","","","","","","","","","","","","","","","","","","","ITI113","26S1","team02","s202","team02","s202","diabetes","sagemaker_mlflow_app","arn:aws:sagemaker:ap-southeast-1:044528205969:mlflow-app/app-YHNC33FF6GPZ","20260819T123701Z","full","1.0","s3://nyp-26s1-iti113/iti113/team02/data/diabetes/cleaned/diabetes_binary_cleaned_dataset.csv","tuning_candidate","XGBoost","true","","","","","","","","","19","4","","","","","","","","","","","","","","","","","","","","","","","","","","","","","",""
"2026-08-19 20:50:04","19.1s","d85ffd1ba68f4ffb8b63bc2058ce6a05","xgb_candidate_18","NOTEBOOK","S202_8440104B_02_xgboost_model_comparison_against_logistic_regression_baseline_v5.ipynb","sagemaker-user","FINISHED","","","","","","0.9","","","","","","5","full","","","","aucpr","","","","0.0","","","0.03","3","","3","XGBClassifier","","","350","","","'-1","","","","binary:logistic","","","","","","1.0","253680","6244bec277fe3cefce56d46c583a4c5eb73f179ef64c8a1b18557fd0200105c5","","","","42","","0.05","5.0","","4.0","","","","","","","","","","","","","","","","","","","","","","3","0.85","","","12de3cf4074e8656a059c938acbe27143794910116dda3dc217a101698a368c1","","","","","","","93531a7b366471a63d29fd970abad6c5d04a2f933f9ffb2aa38dce1c7b286d65","hist","","","","","","","","","","","","","","","","","","","","","","","","","","","","","","","","","","","","","","0.7419","0.0034","0.4855","0.0032","0.4576","0.0055","0.3683","0.002","0.7123","0.0079","0.8248","0.002","","","","","","","","","","","","","","","","","","","","","","","","","","","","","","","","","","","","","","","","","","","","","","","","","","","","","","","","","","","","","","","","","","","","","","","","","","","","","","","","","","","","","","","","","","","","","","ITI113","26S1","team02","s202","team02","s202","diabetes","sagemaker_mlflow_app","arn:aws:sagemaker:ap-southeast-1:044528205969:mlflow-app/app-YHNC33FF6GPZ","20260819T123701Z","full","1.0","s3://nyp-26s1-iti113/iti113/team02/data/diabetes/cleaned/diabetes_binary_cleaned_dataset.csv","tuning_candidate","XGBoost","true","","","","","","","","","18","3","","","","","","","","","","","","","","","","","","","","","","","","","","","","","",""
"2026-08-19 20:49:44","18.9s","b7d2cb0b425e4584b0c655540a4fafe3","xgb_candidate_17","NOTEBOOK","S202_8440104B_02_xgboost_model_comparison_against_logistic_regression_baseline_v5.ipynb","sagemaker-user","FINISHED","","","","","","0.9","","","","","","5","full","","","","aucpr","","","","0.0","","","0.03","3","","3","XGBClassifier","","","350","","","'-1","","","","binary:logistic","","","","","","1.0","253680","6244bec277fe3cefce56d46c583a4c5eb73f179ef64c8a1b18557fd0200105c5","","","","42","","0.05","5.0","","3.0","","","","","","","","","","","","","","","","","","","","","","3","0.85","","","12de3cf4074e8656a059c938acbe27143794910116dda3dc217a101698a368c1","","","","","","","93531a7b366471a63d29fd970abad6c5d04a2f933f9ffb2aa38dce1c7b286d65","hist","","","","","","","","","","","","","","","","","","","","","","","","","","","","","","","","","","","","","","0.7253","0.0047","0.4919","0.0059","0.4578","0.0057","0.4087","0.0042","0.6178","0.0091","0.8248","0.0021","","","","","","","","","","","","","","","","","","","","","","","","","","","","","","","","","","","","","","","","","","","","","","","","","","","","","","","","","","","","","","","","","","","","","","","","","","","","","","","","","","","","","","","","","","","","","","ITI113","26S1","team02","s202","team02","s202","diabetes","sagemaker_mlflow_app","arn:aws:sagemaker:ap-southeast-1:044528205969:mlflow-app/app-YHNC33FF6GPZ","20260819T123701Z","full","1.0","s3://nyp-26s1-iti113/iti113/team02/data/diabetes/cleaned/diabetes_binary_cleaned_dataset.csv","tuning_candidate","XGBoost","true","","","","","","","","","17","3","","","","","","","","","","","","","","","","","","","","","","","","","","","","","",""
"2026-08-19 20:49:25","18.9s","e36222a08ac940eb831e69446cee504c","xgb_candidate_16","NOTEBOOK","S202_8440104B_02_xgboost_model_comparison_against_logistic_regression_baseline_v5.ipynb","sagemaker-user","FINISHED","","","","","","0.9","","","","","","5","full","","","","aucpr","","","","0.0","","","0.03","3","","3","XGBClassifier","","","350","","","'-1","","","","binary:logistic","","","","","","1.0","253680","6244bec277fe3cefce56d46c583a4c5eb73f179ef64c8a1b18557fd0200105c5","","","","42","","0.05","5.0","","2.5","","","","","","","","","","","","","","","","","","","","","","3","0.85","","","12de3cf4074e8656a059c938acbe27143794910116dda3dc217a101698a368c1","","","","","","","93531a7b366471a63d29fd970abad6c5d04a2f933f9ffb2aa38dce1c7b286d65","hist","","","","","","","","","","","","","","","","","","","","","","","","","","","","","","","","","","","","","","0.7078","0.0043","0.4857","0.0059","0.4577","0.0057","0.4361","0.0043","0.5481","0.0087","0.8248","0.0021","","","","","","","","","","","","","","","","","","","","","","","","","","","","","","","","","","","","","","","","","","","","","","","","","","","","","","","","","","","","","","","","","","","","","","","","","","","","","","","","","","","","","","","","","","","","","","ITI113","26S1","team02","s202","team02","s202","diabetes","sagemaker_mlflow_app","arn:aws:sagemaker:ap-southeast-1:044528205969:mlflow-app/app-YHNC33FF6GPZ","20260819T123701Z","full","1.0","s3://nyp-26s1-iti113/iti113/team02/data/diabetes/cleaned/diabetes_binary_cleaned_dataset.csv","tuning_candidate","XGBoost","true","","","","","","","","","16","3","","","","","","","","","","","","","","","","","","","","","","","","","","","","","",""
"2026-08-19 20:49:06","19.0s","5609c52ea10d4874a9f74badb22f0f0e","xgb_candidate_15","NOTEBOOK","S202_8440104B_02_xgboost_model_comparison_against_logistic_regression_baseline_v5.ipynb","sagemaker-user","FINISHED","","","","","","0.9","","","","","","5","full","","","","aucpr","","","","0.0","","","0.03","3","","3","XGBClassifier","","","350","","","'-1","","","","binary:logistic","","","","","","1.0","253680","6244bec277fe3cefce56d46c583a4c5eb73f179ef64c8a1b18557fd0200105c5","","","","42","","0.05","5.0","","2.0","","","","","","","","","","","","","","","","","","","","","","3","0.85","","","12de3cf4074e8656a059c938acbe27143794910116dda3dc217a101698a368c1","","","","","","","93531a7b366471a63d29fd970abad6c5d04a2f933f9ffb2aa38dce1c7b286d65","hist","","","","","","","","","","","","","","","","","","","","","","","","","","","","","","","","","","","","","","0.6813","0.0038","0.4651","0.0061","0.4579","0.0057","0.4717","0.0053","0.4586","0.0075","0.8248","0.0021","","","","","","","","","","","","","","","","","","","","","","","","","","","","","","","","","","","","","","","","","","","","","","","","","","","","","","","","","","","","","","","","","","","","","","","","","","","","","","","","","","","","","","","","","","","","","","ITI113","26S1","team02","s202","team02","s202","diabetes","sagemaker_mlflow_app","arn:aws:sagemaker:ap-southeast-1:044528205969:mlflow-app/app-YHNC33FF6GPZ","20260819T123701Z","full","1.0","s3://nyp-26s1-iti113/iti113/team02/data/diabetes/cleaned/diabetes_binary_cleaned_dataset.csv","tuning_candidate","XGBoost","true","","","","","","","","","15","3","","","","","","","","","","","","","","","","","","","","","","","","","","","","","",""
"2026-08-19 20:48:46","19.3s","9ee64576b4b6483d9cb84a777421f2d9","xgb_candidate_14","NOTEBOOK","S202_8440104B_02_xgboost_model_comparison_against_logistic_regression_baseline_v5.ipynb","sagemaker-user","FINISHED","","","","","","0.9","","","","","","5","full","","","","aucpr","","","","0.0","","","0.03","3","","3","XGBClassifier","","","350","","","'-1","","","","binary:logistic","","","","","","1.0","253680","6244bec277fe3cefce56d46c583a4c5eb73f179ef64c8a1b18557fd0200105c5","","","","42","","0.05","5.0","","1.5","","","","","","","","","","","","","","","","","","","","","","3","0.85","","","12de3cf4074e8656a059c938acbe27143794910116dda3dc217a101698a368c1","","","","","","","93531a7b366471a63d29fd970abad6c5d04a2f933f9ffb2aa38dce1c7b286d65","hist","","","","","","","","","","","","","","","","","","","","","","","","","","","","","","","","","","","","","","0.6408","0.0031","0.4112","0.0059","0.4578","0.0056","0.5176","0.006","0.3411","0.0063","0.8247","0.0021","","","","","","","","","","","","","","","","","","","","","","","","","","","","","","","","","","","","","","","","","","","","","","","","","","","","","","","","","","","","","","","","","","","","","","","","","","","","","","","","","","","","","","","","","","","","","","ITI113","26S1","team02","s202","team02","s202","diabetes","sagemaker_mlflow_app","arn:aws:sagemaker:ap-southeast-1:044528205969:mlflow-app/app-YHNC33FF6GPZ","20260819T123701Z","full","1.0","s3://nyp-26s1-iti113/iti113/team02/data/diabetes/cleaned/diabetes_binary_cleaned_dataset.csv","tuning_candidate","XGBoost","true","","","","","","","","","14","3","","","","","","","","","","","","","","","","","","","","","","","","","","","","","",""
"2026-08-19 20:45:12","9.3min","b49e133187a54834bf7c216d36802860","team02_s202_xgb_tuning_parent","NOTEBOOK","S202_8440104B_02_xgboost_model_comparison_against_logistic_regression_baseline_v5.ipynb","sagemaker-user","FINISHED","","","","","","","","","","","","5","full","","","","","","","","","","5.346","","","","","","30","","","","","","5","","0.002","","","","","","cv_pr_auc_mean","1.0","253680","6244bec277fe3cefce56d46c583a4c5eb73f179ef64c8a1b18557fd0200105c5","","","","","","","","","","[1.0, 1.5, 2.0, 2.5, 3.0, 4.0]","","","","","","","","","","","","","","","","","","","","","","","","","12de3cf4074e8656a059c938acbe27143794910116dda3dc217a101698a368c1","","","","","","","93531a7b366471a63d29fd970abad6c5d04a2f933f9ffb2aa38dce1c7b286d65","","","","","","","","","","","","","","","","","0.46","","","","","","","","","","","","","","","","","","","","","","","","","","","","","","","","","","","","","","","","","","","","","","","","12","","","","","","","","","","0.4927","0.4595","0.8254","","","","","","","","","","","","","","","","","","","","","","","","","","","","","","","","","","","","","","","","","","","","","","","","","","","","","","","","","","","","","","","","","","","ITI113","26S1","team02","s202","team02","s202","diabetes","sagemaker_mlflow_app","arn:aws:sagemaker:ap-southeast-1:044528205969:mlflow-app/app-YHNC33FF6GPZ","20260819T123701Z","full","1.0","s3://nyp-26s1-iti113/iti113/team02/data/diabetes/cleaned/diabetes_binary_cleaned_dataset.csv","tuning_parent","XGBoost","false","","","","","","","","","","","","","","","","","","","","","","","","","","","","","","","","","","","","","","","",""
